service,method,path,normalized_path,handler,registration,permission,action,resource,file,line,match_key
ai-gateway,POST,/ai-gateway/v1/chat/completions,/ai-gateway/v1/chat/completions,h.handleChatCompletions,mux,,,,services/ai-gateway/handler.go,30,ai-gateway|POST|/ai-gateway/v1/chat/completions
ai-gateway,POST,/ai-gateway/v1/completions,/ai-gateway/v1/completions,h.handleCompletions,mux,,,,services/ai-gateway/handler.go,31,ai-gateway|POST|/ai-gateway/v1/completions
ai-gateway,POST,/ai-gateway/v1/embeddings,/ai-gateway/v1/embeddings,h.handleEmbeddings,mux,,,,services/ai-gateway/handler.go,32,ai-gateway|POST|/ai-gateway/v1/embeddings
ai-gateway,POST,/ai-gateway/v1/scan,/ai-gateway/v1/scan,h.handleScan,mux,,,,services/ai-gateway/handler.go,35,ai-gateway|POST|/ai-gateway/v1/scan
ai-gateway,POST,/ai-gateway/v1/redact,/ai-gateway/v1/redact,h.handleRedact,mux,,,,services/ai-gateway/handler.go,36,ai-gateway|POST|/ai-gateway/v1/redact
ai-gateway,POST,/ai-gateway/v1/evaluate,/ai-gateway/v1/evaluate,h.handleEvaluate,mux,,,,services/ai-gateway/handler.go,37,ai-gateway|POST|/ai-gateway/v1/evaluate
ai-gateway,POST,/ai-gateway/v1/policies,/ai-gateway/v1/policies,h.handleCreatePolicy,mux,,,,services/ai-gateway/handler.go,40,ai-gateway|POST|/ai-gateway/v1/policies
ai-gateway,GET,/ai-gateway/v1/policies,/ai-gateway/v1/policies,h.handleListPolicies,mux,,,,services/ai-gateway/handler.go,41,ai-gateway|GET|/ai-gateway/v1/policies
ai-gateway,GET,/ai-gateway/v1/policies/{id},/ai-gateway/v1/policies/{param},h.handleGetPolicy,mux,,,,services/ai-gateway/handler.go,42,ai-gateway|GET|/ai-gateway/v1/policies/{param}
ai-gateway,PUT,/ai-gateway/v1/policies/{id},/ai-gateway/v1/policies/{param},h.handleUpdatePolicy,mux,,,,services/ai-gateway/handler.go,43,ai-gateway|PUT|/ai-gateway/v1/policies/{param}
ai-gateway,DELETE,/ai-gateway/v1/policies/{id},/ai-gateway/v1/policies/{param},h.handleDeletePolicy,mux,,,,services/ai-gateway/handler.go,44,ai-gateway|DELETE|/ai-gateway/v1/policies/{param}
ai-gateway,POST,/ai-gateway/v1/models,/ai-gateway/v1/models,h.handleCreateModel,mux,,,,services/ai-gateway/handler.go,47,ai-gateway|POST|/ai-gateway/v1/models
ai-gateway,GET,/ai-gateway/v1/models,/ai-gateway/v1/models,h.handleListModels,mux,,,,services/ai-gateway/handler.go,48,ai-gateway|GET|/ai-gateway/v1/models
ai-gateway,PUT,/ai-gateway/v1/models/{id},/ai-gateway/v1/models/{param},h.handleUpdateModel,mux,,,,services/ai-gateway/handler.go,49,ai-gateway|PUT|/ai-gateway/v1/models/{param}
ai-gateway,DELETE,/ai-gateway/v1/models/{id},/ai-gateway/v1/models/{param},h.handleDeleteModel,mux,,,,services/ai-gateway/handler.go,50,ai-gateway|DELETE|/ai-gateway/v1/models/{param}
ai-gateway,POST,/ai-gateway/v1/models/{id}/test,/ai-gateway/v1/models/{param}/test,h.handleTestModel,mux,,,,services/ai-gateway/handler.go,51,ai-gateway|POST|/ai-gateway/v1/models/{param}/test
ai-gateway,POST,/ai-gateway/v1/access-rules,/ai-gateway/v1/access-rules,h.handleCreateAccessRule,mux,,,,services/ai-gateway/handler.go,54,ai-gateway|POST|/ai-gateway/v1/access-rules
ai-gateway,GET,/ai-gateway/v1/access-rules,/ai-gateway/v1/access-rules,h.handleListAccessRules,mux,,,,services/ai-gateway/handler.go,55,ai-gateway|GET|/ai-gateway/v1/access-rules
ai-gateway,DELETE,/ai-gateway/v1/access-rules/{id},/ai-gateway/v1/access-rules/{param},h.handleDeleteAccessRule,mux,,,,services/ai-gateway/handler.go,56,ai-gateway|DELETE|/ai-gateway/v1/access-rules/{param}
ai-gateway,POST,/ai-gateway/v1/budgets,/ai-gateway/v1/budgets,h.handleCreateBudget,mux,,,,services/ai-gateway/handler.go,59,ai-gateway|POST|/ai-gateway/v1/budgets
ai-gateway,GET,/ai-gateway/v1/budgets,/ai-gateway/v1/budgets,h.handleListBudgets,mux,,,,services/ai-gateway/handler.go,60,ai-gateway|GET|/ai-gateway/v1/budgets
ai-gateway,PUT,/ai-gateway/v1/budgets/{id},/ai-gateway/v1/budgets/{param},h.handleUpdateBudget,mux,,,,services/ai-gateway/handler.go,61,ai-gateway|PUT|/ai-gateway/v1/budgets/{param}
ai-gateway,GET,/ai-gateway/v1/budgets/usage,/ai-gateway/v1/budgets/usage,h.handleBudgetUsage,mux,,,,services/ai-gateway/handler.go,62,ai-gateway|GET|/ai-gateway/v1/budgets/usage
ai-gateway,POST,/ai-gateway/v1/guardrails,/ai-gateway/v1/guardrails,h.handleCreateGuardrail,mux,,,,services/ai-gateway/handler.go,65,ai-gateway|POST|/ai-gateway/v1/guardrails
ai-gateway,GET,/ai-gateway/v1/guardrails,/ai-gateway/v1/guardrails,h.handleListGuardrails,mux,,,,services/ai-gateway/handler.go,66,ai-gateway|GET|/ai-gateway/v1/guardrails
ai-gateway,DELETE,/ai-gateway/v1/guardrails/{id},/ai-gateway/v1/guardrails/{param},h.handleDeleteGuardrail,mux,,,,services/ai-gateway/handler.go,67,ai-gateway|DELETE|/ai-gateway/v1/guardrails/{param}
ai-gateway,GET,/ai-gateway/v1/audit,/ai-gateway/v1/audit,h.handleListAudit,mux,,,,services/ai-gateway/handler.go,70,ai-gateway|GET|/ai-gateway/v1/audit
ai-gateway,GET,/ai-gateway/v1/audit/stats,/ai-gateway/v1/audit/stats,h.handleAuditStats,mux,,,,services/ai-gateway/handler.go,71,ai-gateway|GET|/ai-gateway/v1/audit/stats
ai-gateway,GET,/ai-gateway/v1/audit/{id},/ai-gateway/v1/audit/{param},h.handleGetAudit,mux,,,,services/ai-gateway/handler.go,72,ai-gateway|GET|/ai-gateway/v1/audit/{param}
ai-gateway,GET,/ai-gateway/v1/health,/ai-gateway/v1/health,h.handleHealth,mux,,,,services/ai-gateway/handler.go,75,ai-gateway|GET|/ai-gateway/v1/health
ai-gateway,GET,/ai-gateway/v1/metrics,/ai-gateway/v1/metrics,h.handleMetrics,mux,,,,services/ai-gateway/handler.go,76,ai-gateway|GET|/ai-gateway/v1/metrics
audit,POST,/audit/publish,/audit/publish,h.handlePublish,mux,,,,services/audit/handler.go,72,audit|POST|/audit/publish
audit,GET,/audit/events,/audit/events,h.handleEvents,mux,,,,services/audit/handler.go,73,audit|GET|/audit/events
audit,GET,/audit/events/{id},/audit/events/{param},h.handleEvent,mux,,,,services/audit/handler.go,74,audit|GET|/audit/events/{param}
audit,GET,/audit/timeline/{target_id},/audit/timeline/{param},h.handleTimeline,mux,,,,services/audit/handler.go,75,audit|GET|/audit/timeline/{param}
audit,GET,/audit/session/{session_id},/audit/session/{param},h.handleSession,mux,,,,services/audit/handler.go,76,audit|GET|/audit/session/{param}
audit,GET,/audit/correlation/{id},/audit/correlation/{param},h.handleCorrelation,mux,,,,services/audit/handler.go,77,audit|GET|/audit/correlation/{param}
audit,POST,/audit/search,/audit/search,h.handleSearch,mux,,,,services/audit/handler.go,78,audit|POST|/audit/search
audit,GET,/audit/chain/verify,/audit/chain/verify,h.handleChainVerify,mux,,,,services/audit/handler.go,79,audit|GET|/audit/chain/verify
audit,GET,/audit/stream,/audit/stream,h.handleStream,mux,,,,services/audit/handler.go,80,audit|GET|/audit/stream
audit,GET,/audit/config,/audit/config,h.handleAuditConfig,mux,,,,services/audit/handler.go,81,audit|GET|/audit/config
audit,POST,/audit/cluster/signing-key/join-key,/audit/cluster/signing-key/join-key,h.handleClusterKeyJoinKey,mux,,,,services/audit/handler.go,87,audit|POST|/audit/cluster/signing-key/join-key
audit,POST,/audit/cluster/signing-key/export,/audit/cluster/signing-key/export,h.handleClusterKeyExport,mux,,,,services/audit/handler.go,88,audit|POST|/audit/cluster/signing-key/export
audit,POST,/audit/cluster/signing-key/import,/audit/cluster/signing-key/import,h.handleClusterKeyImport,mux,,,,services/audit/handler.go,89,audit|POST|/audit/cluster/signing-key/import
audit,GET,/ops-metrics/overview,/ops-metrics/overview,h.handleGetOpsOverview,mux,,,,services/audit/handler.go,95,audit|GET|/ops-metrics/overview
audit,GET,/ops-metrics/timeseries,/ops-metrics/timeseries,h.handleGetOpsTimeSeries,mux,,,,services/audit/handler.go,96,audit|GET|/ops-metrics/timeseries
audit,GET,/ops-metrics/latency,/ops-metrics/latency,h.handleGetLatencyPercentiles,mux,,,,services/audit/handler.go,97,audit|GET|/ops-metrics/latency
audit,GET,/ops-metrics/by-service,/ops-metrics/by-service,h.handleGetServiceStats,mux,,,,services/audit/handler.go,98,audit|GET|/ops-metrics/by-service
audit,GET,/ops-metrics/errors,/ops-metrics/errors,h.handleGetErrorBreakdown,mux,,,,services/audit/handler.go,99,audit|GET|/ops-metrics/errors
audit,GET,/audit/fips/boundary,/audit/fips/boundary,h.handleFIPSBoundary,mux,,,,services/audit/handler.go,102,audit|GET|/audit/fips/boundary
audit,GET,/audit/cbom/inventory,/audit/cbom/inventory,h.handleCBOMInventory,mux,,,,services/audit/handler.go,105,audit|GET|/audit/cbom/inventory
audit,GET,/audit/cbom/diff,/audit/cbom/diff,h.handleCBOMDiff,mux,,,,services/audit/handler.go,106,audit|GET|/audit/cbom/diff
audit,GET,/metrics,/metrics,h.handlePrometheusMetrics,mux,,,,services/audit/handler.go,109,audit|GET|/metrics
audit,GET,/webhooks,/webhooks,h.listWebhooks,kernel,audit.webhook.read,webhooks_listed,webhook,services/audit/handler_webhook.go,33,audit|GET|/webhooks
audit,POST,/webhooks,/webhooks,h.createWebhook,kernel,audit.webhook.write,webhook_created,webhook,services/audit/handler_webhook.go,34,audit|POST|/webhooks
audit,PATCH,/webhooks/{id},/webhooks/{param},h.updateWebhook,kernel,audit.webhook.write,webhook_updated,webhook,services/audit/handler_webhook.go,35,audit|PATCH|/webhooks/{param}
audit,DELETE,/webhooks/{id},/webhooks/{param},h.deleteWebhook,kernel,audit.webhook.write,webhook_deleted,webhook,services/audit/handler_webhook.go,36,audit|DELETE|/webhooks/{param}
audit,POST,/webhooks/{id}/test,/webhooks/{param}/test,h.testWebhook,kernel,audit.webhook.write,webhook_tested,webhook,services/audit/handler_webhook.go,37,audit|POST|/webhooks/{param}/test
audit,GET,/webhooks/{id}/deliveries,/webhooks/{param}/deliveries,h.listDeliveries,kernel,audit.webhook.read,webhook_deliveries_listed,webhook,services/audit/handler_webhook.go,38,audit|GET|/webhooks/{param}/deliveries
audit,GET,/audit/targets/{target_id}/integrity,/audit/targets/{param}/integrity,h.verifyTargetIntegrity,kernel,audit.integrity.read,target_integrity_verified,audit_trail,services/audit/target_integrity.go,350,audit|GET|/audit/targets/{param}/integrity
audit,GET,/audit/checkpoints,/audit/checkpoints,h.listCheckpoints,kernel,audit.integrity.read,checkpoints_listed,audit_trail,services/audit/target_integrity.go,353,audit|GET|/audit/checkpoints
auth,POST,/auth/delegated/authority,/auth/delegated/authority,h.delegatedAuthority,kernel,authenticated,delegated_authority_checked,user,services/auth/delegated.go,69,auth|POST|/auth/delegated/authority
auth,POST,/auth/delegated/users/{id}/disable,/auth/delegated/users/{param}/disable,h.delegatedDisableUser,kernel,authenticated,delegated_user_disabled,user,services/auth/delegated.go,70,auth|POST|/auth/delegated/users/{param}/disable
auth,POST,/auth/delegated/api-keys/{id}/revoke,/auth/delegated/api-keys/{param}/revoke,h.delegatedRevokeAPIKey,kernel,authenticated,delegated_api_key_revoked,api_key,services/auth/delegated.go,71,auth|POST|/auth/delegated/api-keys/{param}/revoke
auth,POST,/auth/delegated/clients/{id}/revoke,/auth/delegated/clients/{param}/revoke,h.delegatedRevokeClient,kernel,authenticated,delegated_client_revoked,client,services/auth/delegated.go,72,auth|POST|/auth/delegated/clients/{param}/revoke
auth,POST,/auth/register,/auth/register,h.handleRegister,mux,,,,services/auth/handler.go,65,auth|POST|/auth/register
auth,GET,/auth/register/{id}/status,/auth/register/{param}/status,h.handleRegistrationStatus,mux,,,,services/auth/handler.go,66,auth|GET|/auth/register/{param}/status
auth,POST,/auth/login,/auth/login,h.handleLogin,mux,,,,services/auth/handler.go,67,auth|POST|/auth/login
auth,POST,/auth/client-token,/auth/client-token,h.handleClientToken,mux,,,,services/auth/handler.go,68,auth|POST|/auth/client-token
auth,POST,/auth/cluster/mint,/auth/cluster/mint,h.handleClusterMint,mux,,,,services/auth/handler.go,69,auth|POST|/auth/cluster/mint
auth,POST,/auth/workload-token,/auth/workload-token,h.handleIssueWorkloadToken,mux,,,,services/auth/handler.go,70,auth|POST|/auth/workload-token
auth,GET,/auth/system-health,/auth/system-health,"h.withAuth(h.handleSystemHealth, ""auth.self.read"")",mux,,,,services/auth/handler.go,71,auth|GET|/auth/system-health
auth,POST,/auth/system-health/restart,/auth/system-health/restart,"h.withAuth(h.handleRestartSystemService, ""auth.service.restart"")",mux,,,,services/auth/handler.go,72,auth|POST|/auth/system-health/restart
auth,POST,/auth/refresh,/auth/refresh,"h.withAuth(h.handleRefresh, ""auth.token.refresh"")",mux,,,,services/auth/handler.go,73,auth|POST|/auth/refresh
auth,POST,/auth/change-password,/auth/change-password,"h.withAuth(h.handleChangePassword, """")",mux,,,,services/auth/handler.go,74,auth|POST|/auth/change-password
auth,POST,/auth/register/{id}/activate,/auth/register/{param}/activate,"h.withAuth(h.handleActivateRegistration, ""auth.client.activate"")",mux,,,,services/auth/handler.go,76,auth|POST|/auth/register/{param}/activate
auth,POST,/auth/logout,/auth/logout,"h.withAuth(h.handleLogout, ""auth.session.logout"")",mux,,,,services/auth/handler.go,77,auth|POST|/auth/logout
auth,GET,/auth/me,/auth/me,"h.withAuth(h.handleMe, ""auth.self.read"")",mux,,,,services/auth/handler.go,78,auth|GET|/auth/me
auth,POST,/tenants,/tenants,"h.withAuth(h.handleCreateTenant, ""auth.tenant.write"", ""super-admin"")",mux,,,,services/auth/handler.go,80,auth|POST|/tenants
auth,GET,/tenants,/tenants,"h.withAuth(h.handleListTenants, ""auth.tenant.read"", ""super-admin"")",mux,,,,services/auth/handler.go,81,auth|GET|/tenants
auth,GET,/tenants/{id},/tenants/{param},"h.withAuth(h.handleGetTenant, ""auth.tenant.read"", ""super-admin"")",mux,,,,services/auth/handler.go,82,auth|GET|/tenants/{param}
auth,GET,/tenants/{id}/delete-readiness,/tenants/{param}/delete-readiness,"h.withAuth(h.handleGetTenantDeleteReadiness, ""auth.tenant.read"", ""super-admin"")",mux,,,,services/auth/handler.go,83,auth|GET|/tenants/{param}/delete-readiness
auth,POST,/tenants/{id}/disable,/tenants/{param}/disable,"h.withAuth(h.handleDisableTenant, ""auth.tenant.write"", ""super-admin"")",mux,,,,services/auth/handler.go,84,auth|POST|/tenants/{param}/disable
auth,PUT,/tenants/{id},/tenants/{param},"h.withAuth(h.handleUpdateTenant, ""auth.tenant.write"", ""super-admin"")",mux,,,,services/auth/handler.go,85,auth|PUT|/tenants/{param}
auth,DELETE,/tenants/{id},/tenants/{param},"h.withAuth(h.handleDeleteTenant, ""auth.tenant.write"", ""super-admin"")",mux,,,,services/auth/handler.go,86,auth|DELETE|/tenants/{param}
auth,POST,/tenants/{id}/roles,/tenants/{param}/roles,"h.withAuth(h.handleCreateTenantRole, ""auth.role.write"", ""super-admin"")",mux,,,,services/auth/handler.go,87,auth|POST|/tenants/{param}/roles
auth,PUT,/tenants/{id}/roles/{name},/tenants/{param}/roles/{param},"h.withAuth(h.handleUpdateTenantRole, ""auth.role.write"", ""super-admin"")",mux,,,,services/auth/handler.go,88,auth|PUT|/tenants/{param}/roles/{param}
auth,DELETE,/tenants/{id}/roles/{name},/tenants/{param}/roles/{param},"h.withAuth(h.handleDeleteTenantRole, ""auth.role.write"", ""super-admin"")",mux,,,,services/auth/handler.go,89,auth|DELETE|/tenants/{param}/roles/{param}
auth,GET,/auth/users,/auth/users,"h.withAuth(h.handleListUsers, ""auth.user.read"")",mux,,,,services/auth/handler.go,91,auth|GET|/auth/users
auth,POST,/auth/users,/auth/users,"h.withAuth(h.handleCreateUser, ""auth.user.write"")",mux,,,,services/auth/handler.go,92,auth|POST|/auth/users
auth,GET,/auth/identity/providers,/auth/identity/providers,"h.withAuth(h.handleListIdentityProviderConfigs, ""auth.user.read"")",mux,,,,services/auth/handler.go,93,auth|GET|/auth/identity/providers
auth,GET,/auth/identity/providers/{provider},/auth/identity/providers/{param},"h.withAuth(h.handleGetIdentityProviderConfig, ""auth.user.read"")",mux,,,,services/auth/handler.go,94,auth|GET|/auth/identity/providers/{param}
auth,PUT,/auth/identity/providers/{provider},/auth/identity/providers/{param},"h.withAuth(h.handleUpsertIdentityProviderConfig, ""auth.user.write"")",mux,,,,services/auth/handler.go,95,auth|PUT|/auth/identity/providers/{param}
auth,POST,/auth/identity/providers/{provider}/test,/auth/identity/providers/{param}/test,"h.withAuth(h.handleTestIdentityProviderConnection, ""auth.user.write"")",mux,,,,services/auth/handler.go,96,auth|POST|/auth/identity/providers/{param}/test
auth,GET,/auth/identity/providers/{provider}/users,/auth/identity/providers/{param}/users,"h.withAuth(h.handleListIdentityProviderUsers, ""auth.user.read"")",mux,,,,services/auth/handler.go,97,auth|GET|/auth/identity/providers/{param}/users
auth,GET,/auth/identity/providers/{provider}/groups,/auth/identity/providers/{param}/groups,"h.withAuth(h.handleListIdentityProviderGroups, ""auth.user.read"")",mux,,,,services/auth/handler.go,98,auth|GET|/auth/identity/providers/{param}/groups
auth,GET,/auth/identity/providers/{provider}/groups/{id}/members,/auth/identity/providers/{param}/groups/{param}/members,"h.withAuth(h.handleListIdentityProviderGroupMembers, ""auth.user.read"")",mux,,,,services/auth/handler.go,99,auth|GET|/auth/identity/providers/{param}/groups/{param}/members
auth,POST,/auth/identity/import/users,/auth/identity/import/users,"h.withAuth(h.handleImportIdentityUsers, ""auth.user.write"")",mux,,,,services/auth/handler.go,100,auth|POST|/auth/identity/import/users
auth,PUT,/auth/users/{id}/role,/auth/users/{param}/role,"h.withAuth(h.handleUpdateUserRole, ""auth.user.write"")",mux,,,,services/auth/handler.go,101,auth|PUT|/auth/users/{param}/role
auth,PUT,/auth/users/{id}/status,/auth/users/{param}/status,"h.withAuth(h.handleUpdateUserStatus, ""auth.user.write"")",mux,,,,services/auth/handler.go,102,auth|PUT|/auth/users/{param}/status
auth,POST,/auth/users/{id}/reset-password,/auth/users/{param}/reset-password,"h.withAuth(h.handleResetUserPassword, ""auth.user.write"")",mux,,,,services/auth/handler.go,103,auth|POST|/auth/users/{param}/reset-password
auth,GET,/auth/groups/roles,/auth/groups/roles,"h.withAuth(h.handleListGroupRoleBindings, ""auth.role.read"")",mux,,,,services/auth/handler.go,104,auth|GET|/auth/groups/roles
auth,PUT,/auth/groups/{id}/role,/auth/groups/{param}/role,"h.withAuth(h.handleUpsertGroupRoleBinding, ""auth.role.write"")",mux,,,,services/auth/handler.go,105,auth|PUT|/auth/groups/{param}/role
auth,DELETE,/auth/groups/{id}/role,/auth/groups/{param}/role,"h.withAuth(h.handleDeleteGroupRoleBinding, ""auth.role.write"")",mux,,,,services/auth/handler.go,106,auth|DELETE|/auth/groups/{param}/role
auth,GET,/auth/scim/settings,/auth/scim/settings,"h.withAuth(h.handleGetSCIMSettings, ""auth.user.read"")",mux,,,,services/auth/handler.go,107,auth|GET|/auth/scim/settings
auth,PUT,/auth/scim/settings,/auth/scim/settings,"h.withAuth(h.handleUpdateSCIMSettings, ""auth.user.write"")",mux,,,,services/auth/handler.go,108,auth|PUT|/auth/scim/settings
auth,POST,/auth/scim/settings/rotate-token,/auth/scim/settings/rotate-token,"h.withAuth(h.handleRotateSCIMToken, ""auth.user.write"")",mux,,,,services/auth/handler.go,109,auth|POST|/auth/scim/settings/rotate-token
auth,GET,/auth/scim/summary,/auth/scim/summary,"h.withAuth(h.handleGetSCIMSummary, ""auth.user.read"")",mux,,,,services/auth/handler.go,110,auth|GET|/auth/scim/summary
auth,GET,/auth/scim/users,/auth/scim/users,"h.withAuth(h.handleListSCIMUsersAdmin, ""auth.user.read"")",mux,,,,services/auth/handler.go,111,auth|GET|/auth/scim/users
auth,GET,/auth/scim/groups,/auth/scim/groups,"h.withAuth(h.handleListSCIMGroupsAdmin, ""auth.user.read"")",mux,,,,services/auth/handler.go,112,auth|GET|/auth/scim/groups
auth,GET,/auth/password-policy,/auth/password-policy,"h.withAuth(h.handleGetPasswordPolicy, ""auth.user.read"")",mux,,,,services/auth/handler.go,113,auth|GET|/auth/password-policy
auth,PUT,/auth/password-policy,/auth/password-policy,"h.withAuth(h.handleUpdatePasswordPolicy, ""auth.user.write"")",mux,,,,services/auth/handler.go,114,auth|PUT|/auth/password-policy
auth,GET,/auth/security-policy,/auth/security-policy,"h.withAuth(h.handleGetSecurityPolicy, ""auth.user.read"")",mux,,,,services/auth/handler.go,115,auth|GET|/auth/security-policy
auth,PUT,/auth/security-policy,/auth/security-policy,"h.withAuth(h.handleUpdateSecurityPolicy, ""auth.user.write"")",mux,,,,services/auth/handler.go,116,auth|PUT|/auth/security-policy
auth,GET,/auth/cli/status,/auth/cli/status,"h.withAuth(h.handleCLIStatus, ""auth.user.read"")",mux,,,,services/auth/handler.go,117,auth|GET|/auth/cli/status
auth,POST,/auth/cli/session,/auth/cli/session,"h.withAuth(h.handleCLISession, ""auth.user.read"")",mux,,,,services/auth/handler.go,118,auth|POST|/auth/cli/session
auth,GET,/auth/cli/hsm/config,/auth/cli/hsm/config,"h.withAuth(h.handleGetCLIHSMConfig, ""auth.user.read"")",mux,,,,services/auth/handler.go,119,auth|GET|/auth/cli/hsm/config
auth,PUT,/auth/cli/hsm/config,/auth/cli/hsm/config,"h.withAuth(h.handleUpdateCLIHSMConfig, ""auth.user.write"")",mux,,,,services/auth/handler.go,120,auth|PUT|/auth/cli/hsm/config
auth,GET,/auth/cli/hsm/partitions,/auth/cli/hsm/partitions,"h.withAuth(h.handleCLIHSMPartitions, ""auth.user.read"")",mux,,,,services/auth/handler.go,121,auth|GET|/auth/cli/hsm/partitions
auth,POST,/auth/api-keys,/auth/api-keys,"h.withAuth(h.handleCreateAPIKey, ""auth.api_key.write"")",mux,,,,services/auth/handler.go,122,auth|POST|/auth/api-keys
auth,DELETE,/auth/api-keys/{id},/auth/api-keys/{param},"h.withAuth(h.handleDeleteAPIKey, ""auth.api_key.write"")",mux,,,,services/auth/handler.go,123,auth|DELETE|/auth/api-keys/{param}
auth,GET,/auth/sso/providers,/auth/sso/providers,h.handleListSSOProviders,mux,,,,services/auth/handler.go,126,auth|GET|/auth/sso/providers
auth,GET,/auth/sso/{provider}/login,/auth/sso/{param}/login,h.handleSSOLogin,mux,,,,services/auth/handler.go,127,auth|GET|/auth/sso/{param}/login
auth,POST,/auth/sso/{provider}/callback,/auth/sso/{param}/callback,h.handleSSOCallback,mux,,,,services/auth/handler.go,128,auth|POST|/auth/sso/{param}/callback
auth,GET,/auth/sso/{provider}/callback,/auth/sso/{param}/callback,h.handleSSOCallback,mux,,,,services/auth/handler.go,129,auth|GET|/auth/sso/{param}/callback
auth,GET,/auth/sso/saml/metadata,/auth/sso/saml/metadata,h.handleSAMLMetadata,mux,,,,services/auth/handler.go,130,auth|GET|/auth/sso/saml/metadata
auth,GET,/auth/clients,/auth/clients,"h.withAuth(h.handleListClients, ""auth.client.read"")",mux,,,,services/auth/handler.go,132,auth|GET|/auth/clients
auth,GET,/auth/clients/{id},/auth/clients/{param},"h.withAuth(h.handleGetClient, ""auth.client.read"")",mux,,,,services/auth/handler.go,133,auth|GET|/auth/clients/{param}
auth,PUT,/auth/clients/{id},/auth/clients/{param},"h.withAuth(h.handleUpdateClient, ""auth.client.write"")",mux,,,,services/auth/handler.go,134,auth|PUT|/auth/clients/{param}
auth,POST,/auth/clients/{id}/revoke,/auth/clients/{param}/revoke,"h.withAuth(h.handleRevokeClient, ""auth.client.write"")",mux,,,,services/auth/handler.go,135,auth|POST|/auth/clients/{param}/revoke
auth,POST,/auth/clients/{id}/rotate-key,/auth/clients/{param}/rotate-key,"h.withAuth(h.handleRotateClientKey, ""auth.client.write"")",mux,,,,services/auth/handler.go,136,auth|POST|/auth/clients/{param}/rotate-key
auth,GET,/auth/rest-client-security/summary,/auth/rest-client-security/summary,"h.withAuth(h.handleRESTClientSecuritySummary, ""auth.client.read"")",mux,,,,services/auth/handler.go,137,auth|GET|/auth/rest-client-security/summary
auth,GET,/scim/v2/ServiceProviderConfig,/scim/v2/ServiceProviderConfig,h.handleSCIMServiceProviderConfig,mux,,,,services/auth/handler.go,138,auth|GET|/scim/v2/ServiceProviderConfig
auth,GET,/scim/v2/Schemas,/scim/v2/Schemas,h.handleSCIMSchemas,mux,,,,services/auth/handler.go,139,auth|GET|/scim/v2/Schemas
auth,GET,/scim/v2/ResourceTypes,/scim/v2/ResourceTypes,h.handleSCIMResourceTypes,mux,,,,services/auth/handler.go,140,auth|GET|/scim/v2/ResourceTypes
auth,GET,/scim/v2/Users,/scim/v2/Users,h.handleSCIMListUsers,mux,,,,services/auth/handler.go,141,auth|GET|/scim/v2/Users
auth,POST,/scim/v2/Users,/scim/v2/Users,h.handleSCIMCreateUser,mux,,,,services/auth/handler.go,142,auth|POST|/scim/v2/Users
auth,GET,/scim/v2/Users/{id},/scim/v2/Users/{param},h.handleSCIMGetUser,mux,,,,services/auth/handler.go,143,auth|GET|/scim/v2/Users/{param}
auth,PUT,/scim/v2/Users/{id},/scim/v2/Users/{param},h.handleSCIMReplaceUser,mux,,,,services/auth/handler.go,144,auth|PUT|/scim/v2/Users/{param}
auth,PATCH,/scim/v2/Users/{id},/scim/v2/Users/{param},h.handleSCIMPatchUser,mux,,,,services/auth/handler.go,145,auth|PATCH|/scim/v2/Users/{param}
auth,DELETE,/scim/v2/Users/{id},/scim/v2/Users/{param},h.handleSCIMDeleteUser,mux,,,,services/auth/handler.go,146,auth|DELETE|/scim/v2/Users/{param}
auth,GET,/scim/v2/Groups,/scim/v2/Groups,h.handleSCIMListGroups,mux,,,,services/auth/handler.go,147,auth|GET|/scim/v2/Groups
auth,POST,/scim/v2/Groups,/scim/v2/Groups,h.handleSCIMCreateGroup,mux,,,,services/auth/handler.go,148,auth|POST|/scim/v2/Groups
auth,GET,/scim/v2/Groups/{id},/scim/v2/Groups/{param},h.handleSCIMGetGroup,mux,,,,services/auth/handler.go,149,auth|GET|/scim/v2/Groups/{param}
auth,PUT,/scim/v2/Groups/{id},/scim/v2/Groups/{param},h.handleSCIMReplaceGroup,mux,,,,services/auth/handler.go,150,auth|PUT|/scim/v2/Groups/{param}
auth,PATCH,/scim/v2/Groups/{id},/scim/v2/Groups/{param},h.handleSCIMPatchGroup,mux,,,,services/auth/handler.go,151,auth|PATCH|/scim/v2/Groups/{param}
auth,DELETE,/scim/v2/Groups/{id},/scim/v2/Groups/{param},h.handleSCIMDeleteGroup,mux,,,,services/auth/handler.go,152,auth|DELETE|/scim/v2/Groups/{param}
auth,GET,/internal/tenant-ids,/internal/tenant-ids,h.listTenantIDs,kernel,authenticated,tenant_ids_listed,tenant,services/auth/tenant_ids.go,20,auth|GET|/internal/tenant-ids
autokey,GET,/autokey/settings,/autokey/settings,h.handleGetSettings,mux,,,,services/autokey/handler.go,30,autokey|GET|/autokey/settings
autokey,PUT,/autokey/settings,/autokey/settings,h.handlePutSettings,mux,,,,services/autokey/handler.go,31,autokey|PUT|/autokey/settings
autokey,GET,/autokey/summary,/autokey/summary,h.handleGetSummary,mux,,,,services/autokey/handler.go,32,autokey|GET|/autokey/summary
autokey,GET,/autokey/templates,/autokey/templates,h.handleListTemplates,mux,,,,services/autokey/handler.go,33,autokey|GET|/autokey/templates
autokey,POST,/autokey/templates,/autokey/templates,h.handleUpsertTemplate,mux,,,,services/autokey/handler.go,34,autokey|POST|/autokey/templates
autokey,PUT,/autokey/templates/{id},/autokey/templates/{param},h.handleUpsertTemplate,mux,,,,services/autokey/handler.go,35,autokey|PUT|/autokey/templates/{param}
autokey,DELETE,/autokey/templates/{id},/autokey/templates/{param},h.handleDeleteTemplate,mux,,,,services/autokey/handler.go,36,autokey|DELETE|/autokey/templates/{param}
autokey,GET,/autokey/service-policies,/autokey/service-policies,h.handleListServicePolicies,mux,,,,services/autokey/handler.go,37,autokey|GET|/autokey/service-policies
autokey,POST,/autokey/service-policies,/autokey/service-policies,h.handleUpsertServicePolicy,mux,,,,services/autokey/handler.go,38,autokey|POST|/autokey/service-policies
autokey,PUT,/autokey/service-policies/{service},/autokey/service-policies/{param},h.handleUpsertServicePolicy,mux,,,,services/autokey/handler.go,39,autokey|PUT|/autokey/service-policies/{param}
autokey,DELETE,/autokey/service-policies/{service},/autokey/service-policies/{param},h.handleDeleteServicePolicy,mux,,,,services/autokey/handler.go,40,autokey|DELETE|/autokey/service-policies/{param}
autokey,GET,/autokey/requests,/autokey/requests,h.handleListRequests,mux,,,,services/autokey/handler.go,41,autokey|GET|/autokey/requests
autokey,POST,/autokey/requests,/autokey/requests,h.handleCreateRequest,mux,,,,services/autokey/handler.go,42,autokey|POST|/autokey/requests
autokey,GET,/autokey/requests/{id},/autokey/requests/{param},h.handleGetRequest,mux,,,,services/autokey/handler.go,43,autokey|GET|/autokey/requests/{param}
autokey,GET,/autokey/handles,/autokey/handles,h.handleListHandles,mux,,,,services/autokey/handler.go,44,autokey|GET|/autokey/handles
backup,GET,/healthz,/healthz,h.handleHealth,mux,,,,services/backup/handler.go,48,backup|GET|/healthz
backup,GET,/backup/policies,/backup/policies,h.handleListPolicies,mux,,,,services/backup/handler.go,50,backup|GET|/backup/policies
backup,POST,/backup/policies,/backup/policies,h.handleCreatePolicy,mux,,,,services/backup/handler.go,51,backup|POST|/backup/policies
backup,PATCH,/backup/policies/{id},/backup/policies/{param},h.handleUpdatePolicy,mux,,,,services/backup/handler.go,52,backup|PATCH|/backup/policies/{param}
backup,DELETE,/backup/policies/{id},/backup/policies/{param},h.handleDeletePolicy,mux,,,,services/backup/handler.go,53,backup|DELETE|/backup/policies/{param}
backup,POST,/backup/policies/{id}/trigger,/backup/policies/{param}/trigger,h.handleTriggerBackup,mux,,,,services/backup/handler.go,54,backup|POST|/backup/policies/{param}/trigger
backup,GET,/backup/runs,/backup/runs,h.handleListRuns,mux,,,,services/backup/handler.go,56,backup|GET|/backup/runs
backup,GET,/backup/runs/{id},/backup/runs/{param},h.handleGetRun,mux,,,,services/backup/handler.go,57,backup|GET|/backup/runs/{param}
backup,GET,/backup/restore-points,/backup/restore-points,h.handleListRestorePoints,mux,,,,services/backup/handler.go,59,backup|GET|/backup/restore-points
backup,POST,/backup/restore-points/{id}/restore,/backup/restore-points/{param}/restore,h.handleRestore,mux,,,,services/backup/handler.go,60,backup|POST|/backup/restore-points/{param}/restore
backup,GET,/backup/metrics,/backup/metrics,h.handleGetMetrics,mux,,,,services/backup/handler.go,62,backup|GET|/backup/metrics
certs,POST,/certs/ca,/certs/ca,h.handleCreateCA,mux,,,,services/certs/handler.go,39,certs|POST|/certs/ca
certs,GET,/certs/ca,/certs/ca,h.handleListCAs,mux,,,,services/certs/handler.go,40,certs|GET|/certs/ca
certs,DELETE,/certs/ca/{id},/certs/ca/{param},h.handleDeleteCA,mux,,,,services/certs/handler.go,41,certs|DELETE|/certs/ca/{param}
certs,POST,/certs,/certs,h.handleIssueCert,mux,,,,services/certs/handler.go,42,certs|POST|/certs
certs,POST,/certs/sign-csr,/certs/sign-csr,h.handleSignCSR,mux,,,,services/certs/handler.go,43,certs|POST|/certs/sign-csr
certs,GET,/certs,/certs,h.handleListCerts,mux,,,,services/certs/handler.go,44,certs|GET|/certs
certs,GET,/certs/{id},/certs/{param},h.handleGetCert,mux,,,,services/certs/handler.go,45,certs|GET|/certs/{param}
certs,DELETE,/certs/{id},/certs/{param},h.handleDeleteCert,mux,,,,services/certs/handler.go,46,certs|DELETE|/certs/{param}
certs,GET,/certs/download/{id},/certs/download/{param},h.handleDownloadCert,mux,,,,services/certs/handler.go,47,certs|GET|/certs/download/{param}
certs,POST,/certs/{id}/renew,/certs/{param}/renew,h.handleRenewCert,mux,,,,services/certs/handler.go,48,certs|POST|/certs/{param}/renew
certs,POST,/certs/{id}/revoke,/certs/{param}/revoke,h.handleRevokeCert,mux,,,,services/certs/handler.go,49,certs|POST|/certs/{param}/revoke
certs,POST,/certs/profiles,/certs/profiles,h.handleCreateProfile,mux,,,,services/certs/handler.go,50,certs|POST|/certs/profiles
certs,GET,/certs/profiles,/certs/profiles,h.handleListProfiles,mux,,,,services/certs/handler.go,51,certs|GET|/certs/profiles
certs,GET,/certs/profiles/{id},/certs/profiles/{param},h.handleGetProfile,mux,,,,services/certs/handler.go,52,certs|GET|/certs/profiles/{param}
certs,GET,/certs/crl,/certs/crl,h.handleCRL,mux,,,,services/certs/handler.go,53,certs|GET|/certs/crl
certs,GET,/certs/ocsp,/certs/ocsp,h.handleOCSP,mux,,,,services/certs/handler.go,54,certs|GET|/certs/ocsp
certs,POST,/certs/ocsp,/certs/ocsp,h.handleOCSP,mux,,,,services/certs/handler.go,55,certs|POST|/certs/ocsp
certs,GET,/certs/inventory,/certs/inventory,h.handleInventory,mux,,,,services/certs/handler.go,56,certs|GET|/certs/inventory
certs,GET,/certs/security/status,/certs/security/status,h.handleSecurityStatus,mux,,,,services/certs/handler.go,57,certs|GET|/certs/security/status
certs,GET,/certs/alert-policy,/certs/alert-policy,h.handleGetAlertPolicy,mux,,,,services/certs/handler.go,58,certs|GET|/certs/alert-policy
certs,PUT,/certs/alert-policy,/certs/alert-policy,h.handleUpsertAlertPolicy,mux,,,,services/certs/handler.go,59,certs|PUT|/certs/alert-policy
certs,GET,/certs/clm/policy,/certs/clm/policy,h.handleGetCLMPolicy,mux,,,,services/certs/handler.go,60,certs|GET|/certs/clm/policy
certs,PUT,/certs/clm/policy,/certs/clm/policy,h.handleUpsertCLMPolicy,mux,,,,services/certs/handler.go,61,certs|PUT|/certs/clm/policy
certs,GET,/certs/clm/status,/certs/clm/status,h.handleCLMStatus,mux,,,,services/certs/handler.go,62,certs|GET|/certs/clm/status
certs,GET,/certs/renewal-intelligence,/certs/renewal-intelligence,h.handleGetRenewalSummary,mux,,,,services/certs/handler.go,63,certs|GET|/certs/renewal-intelligence
certs,GET,/certs/renewal-intelligence/{id},/certs/renewal-intelligence/{param},h.handleGetRenewalInfo,mux,,,,services/certs/handler.go,64,certs|GET|/certs/renewal-intelligence/{param}
certs,POST,/certs/renewal-intelligence/refresh,/certs/renewal-intelligence/refresh,h.handleRefreshRenewalSummary,mux,,,,services/certs/handler.go,65,certs|POST|/certs/renewal-intelligence/refresh
certs,GET,/certs/star/summary,/certs/star/summary,h.handleGetSTARSummary,mux,,,,services/certs/handler.go,66,certs|GET|/certs/star/summary
certs,GET,/certs/star/subscriptions,/certs/star/subscriptions,h.handleListSTARSubscriptions,mux,,,,services/certs/handler.go,67,certs|GET|/certs/star/subscriptions
certs,POST,/certs/star/subscriptions,/certs/star/subscriptions,h.handleCreateSTARSubscription,mux,,,,services/certs/handler.go,68,certs|POST|/certs/star/subscriptions
certs,POST,/certs/star/subscriptions/{id}/refresh,/certs/star/subscriptions/{param}/refresh,h.handleRefreshSTARSubscription,mux,,,,services/certs/handler.go,69,certs|POST|/certs/star/subscriptions/{param}/refresh
certs,DELETE,/certs/star/subscriptions/{id},/certs/star/subscriptions/{param},h.handleDeleteSTARSubscription,mux,,,,services/certs/handler.go,70,certs|DELETE|/certs/star/subscriptions/{param}
certs,GET,/certs/protocols,/certs/protocols,h.handleListProtocolConfigs,mux,,,,services/certs/handler.go,71,certs|GET|/certs/protocols
certs,GET,/certs/protocols/schema,/certs/protocols/schema,h.handleListProtocolSchemas,mux,,,,services/certs/handler.go,72,certs|GET|/certs/protocols/schema
certs,PUT,/certs/protocols/{protocol},/certs/protocols/{param},h.handleUpsertProtocolConfig,mux,,,,services/certs/handler.go,73,certs|PUT|/certs/protocols/{param}
certs,POST,/certs/upload-3p,/certs/upload-3p,h.handleUploadThirdPartyCert,mux,,,,services/certs/handler.go,74,certs|POST|/certs/upload-3p
certs,GET,/acme/directory,/acme/directory,h.handleACMEDirectory,mux,,,,services/certs/handler.go,76,certs|GET|/acme/directory
certs,HEAD,/acme/new-nonce,/acme/new-nonce,h.handleACMENonce,mux,,,,services/certs/handler.go,77,certs|HEAD|/acme/new-nonce
certs,POST,/acme/new-nonce,/acme/new-nonce,h.handleACMENonce,mux,,,,services/certs/handler.go,78,certs|POST|/acme/new-nonce
certs,POST,/acme/new-account,/acme/new-account,h.handleACMENewAccount,mux,,,,services/certs/handler.go,79,certs|POST|/acme/new-account
certs,POST,/acme/new-order,/acme/new-order,h.handleACMENewOrder,mux,,,,services/certs/handler.go,80,certs|POST|/acme/new-order
certs,GET,/acme/renewal-info/{id},/acme/renewal-info/{param},h.handleACMERenewalInfo,mux,,,,services/certs/handler.go,81,certs|GET|/acme/renewal-info/{param}
certs,GET,/acme/challenge/{id},/acme/challenge/{param},h.handleACMEChallengeInfo,mux,,,,services/certs/handler.go,82,certs|GET|/acme/challenge/{param}
certs,POST,/acme/challenge/{id},/acme/challenge/{param},h.handleACMEChallenge,mux,,,,services/certs/handler.go,83,certs|POST|/acme/challenge/{param}
certs,POST,/acme/finalize/{id},/acme/finalize/{param},h.handleACMEFinalize,mux,,,,services/certs/handler.go,84,certs|POST|/acme/finalize/{param}
certs,GET,/acme/cert/{id},/acme/cert/{param},h.handleACMECertDownload,mux,,,,services/certs/handler.go,85,certs|GET|/acme/cert/{param}
certs,GET,/est/.well-known/est/cacerts,/est/.well-known/est/cacerts,h.handleESTCACerts,mux,,,,services/certs/handler.go,87,certs|GET|/est/.well-known/est/cacerts
certs,GET,/est/.well-known/est/csrattrs,/est/.well-known/est/csrattrs,h.handleESTCSRAttrs,mux,,,,services/certs/handler.go,88,certs|GET|/est/.well-known/est/csrattrs
certs,POST,/est/.well-known/est/simpleenroll,/est/.well-known/est/simpleenroll,h.handleESTSimpleEnroll,mux,,,,services/certs/handler.go,89,certs|POST|/est/.well-known/est/simpleenroll
certs,POST,/est/.well-known/est/simplereenroll,/est/.well-known/est/simplereenroll,h.handleESTSimpleReenroll,mux,,,,services/certs/handler.go,90,certs|POST|/est/.well-known/est/simplereenroll
certs,POST,/est/.well-known/est/serverkeygen,/est/.well-known/est/serverkeygen,h.handleESTServerKeygen,mux,,,,services/certs/handler.go,91,certs|POST|/est/.well-known/est/serverkeygen
certs,GET,/scep/pkiclient.exe,/scep/pkiclient.exe,h.handleSCEPGet,mux,,,,services/certs/handler.go,93,certs|GET|/scep/pkiclient.exe
certs,POST,/scep/pkiclient.exe,/scep/pkiclient.exe,h.handleSCEPPKIOperation,mux,,,,services/certs/handler.go,94,certs|POST|/scep/pkiclient.exe
certs,POST,/cmpv2,/cmpv2,h.handleCMPv2,mux,,,,services/certs/handler.go,96,certs|POST|/cmpv2
certs,POST,/cmpv2/confirm,/cmpv2/confirm,h.handleCMPv2Confirm,mux,,,,services/certs/handler.go,97,certs|POST|/cmpv2/confirm
certs,GET,/certs/internal-mtls,/certs/internal-mtls,s.handleMTLSInventory,kernel,cert.internal_mtls.read,internal_mtls_inventory_read,internal_mtls_identity,services/certs/internal_mtls_routes.go,25,certs|GET|/certs/internal-mtls
certs,PUT,/certs/internal-mtls/{identity}/policy,/certs/internal-mtls/{param}/policy,s.handleMTLSPolicy,kernel,cert.internal_mtls.write,internal_mtls_policy_updated,internal_mtls_identity,services/certs/internal_mtls_routes.go,28,certs|PUT|/certs/internal-mtls/{param}/policy
certs,POST,/certs/internal-mtls/{identity}/rotate,/certs/internal-mtls/{param}/rotate,s.handleMTLSRotate,kernel,cert.internal_mtls.write,internal_mtls_rotated,internal_mtls_identity,services/certs/internal_mtls_routes.go,32,certs|POST|/certs/internal-mtls/{param}/rotate
certs,POST,/certs/internal-mtls/rotate-all,/certs/internal-mtls/rotate-all,s.handleMTLSRotateAll,kernel,cert.internal_mtls.write,internal_mtls_rotated_all,internal_mtls_identity,services/certs/internal_mtls_routes.go,36,certs|POST|/certs/internal-mtls/rotate-all
certs,GET,/certs/edge-tls,/certs/edge-tls,s.handleEdgeRead,kernel,cert.internal_mtls.read,edge_tls_read,edge_tls,services/certs/internal_mtls_routes.go,41,certs|GET|/certs/edge-tls
certs,PUT,/certs/edge-tls,/certs/edge-tls,s.handleEdgePolicy,kernel,cert.internal_mtls.write,edge_tls_policy_updated,edge_tls,services/certs/internal_mtls_routes.go,44,certs|PUT|/certs/edge-tls
certs,PUT,/certs/edge-tls/certificate,/certs/edge-tls/certificate,s.handleEdgeCertSource,kernel,cert.internal_mtls.write,edge_tls_certificate_source_updated,edge_tls,services/certs/internal_mtls_routes.go,51,certs|PUT|/certs/edge-tls/certificate
certs,POST,/certs/edge-tls/csr,/certs/edge-tls/csr,s.handleEdgeCSR,kernel,cert.internal_mtls.write,edge_tls_csr_created,edge_tls,services/certs/internal_mtls_routes.go,55,certs|POST|/certs/edge-tls/csr
certs,POST,/certs/edge-tls/certificate/install,/certs/edge-tls/certificate/install,s.handleEdgeInstall,kernel,cert.internal_mtls.write,edge_tls_certificate_installed,edge_tls,services/certs/internal_mtls_routes.go,59,certs|POST|/certs/edge-tls/certificate/install
certs,GET,/certs/edge-tls/measurement,/certs/edge-tls/measurement,s.handleEdgeMeasurement,kernel,authenticated,edge_tls_measurement_read,edge_tls,services/certs/internal_mtls_routes.go,65,certs|GET|/certs/edge-tls/measurement
certs,POST,/v1/enroll,/v1/enroll,<inline func>,kernel,public,internal_enroll,internal_certificate,services/certs/internal_tls.go,184,certs|POST|/v1/enroll
cloud,POST,/cloud/accounts,/cloud/accounts,h.handleRegisterAccount,mux,,,,services/cloud/handler.go,30,cloud|POST|/cloud/accounts
cloud,GET,/cloud/accounts,/cloud/accounts,h.handleListAccounts,mux,,,,services/cloud/handler.go,31,cloud|GET|/cloud/accounts
cloud,DELETE,/cloud/accounts/{id},/cloud/accounts/{param},h.handleDeleteAccount,mux,,,,services/cloud/handler.go,32,cloud|DELETE|/cloud/accounts/{param}
cloud,POST,/cloud/region-mappings,/cloud/region-mappings,h.handleSetRegionMapping,mux,,,,services/cloud/handler.go,33,cloud|POST|/cloud/region-mappings
cloud,GET,/cloud/region-mappings,/cloud/region-mappings,h.handleListRegionMappings,mux,,,,services/cloud/handler.go,34,cloud|GET|/cloud/region-mappings
cloud,POST,/cloud/import,/cloud/import,h.handleImportKey,mux,,,,services/cloud/handler.go,35,cloud|POST|/cloud/import
cloud,POST,/cloud/bindings/{id}/rotate,/cloud/bindings/{param}/rotate,h.handleRotateBinding,mux,,,,services/cloud/handler.go,36,cloud|POST|/cloud/bindings/{param}/rotate
cloud,POST,/cloud/sync,/cloud/sync,h.handleSync,mux,,,,services/cloud/handler.go,37,cloud|POST|/cloud/sync
cloud,GET,/cloud/inventory,/cloud/inventory,h.handleInventory,mux,,,,services/cloud/handler.go,38,cloud|GET|/cloud/inventory
cloud,GET,/cloud/bindings,/cloud/bindings,h.handleListBindings,mux,,,,services/cloud/handler.go,39,cloud|GET|/cloud/bindings
cloud,GET,/cloud/bindings/{id},/cloud/bindings/{param},h.handleGetBinding,mux,,,,services/cloud/handler.go,40,cloud|GET|/cloud/bindings/{param}
cluster-manager,GET,/healthz,/healthz,h.handleHealth,mux,,,,services/cluster-manager/handler.go,32,cluster-manager|GET|/healthz
cluster-manager,GET,/cluster/overview,/cluster/overview,h.handleOverview,mux,,,,services/cluster-manager/handler.go,34,cluster-manager|GET|/cluster/overview
cluster-manager,GET,/cluster/members,/cluster/members,h.handleMembers,mux,,,,services/cluster-manager/handler.go,35,cluster-manager|GET|/cluster/members
cluster-manager,GET,/cluster/nodes,/cluster/nodes,h.handleNodes,mux,,,,services/cluster-manager/handler.go,36,cluster-manager|GET|/cluster/nodes
cluster-manager,GET,/cluster/profiles,/cluster/profiles,h.handleListProfiles,mux,,,,services/cluster-manager/handler.go,38,cluster-manager|GET|/cluster/profiles
cluster-manager,POST,/cluster/profiles,/cluster/profiles,h.handleUpsertProfile,mux,,,,services/cluster-manager/handler.go,39,cluster-manager|POST|/cluster/profiles
cluster-manager,DELETE,/cluster/profiles/{id},/cluster/profiles/{param},h.handleDeleteProfile,mux,,,,services/cluster-manager/handler.go,40,cluster-manager|DELETE|/cluster/profiles/{param}
cluster-manager,POST,/cluster/join/request,/cluster/join/request,h.handleJoinRequest,mux,,,,services/cluster-manager/handler.go,42,cluster-manager|POST|/cluster/join/request
cluster-manager,POST,/cluster/join/complete,/cluster/join/complete,h.handleJoinComplete,mux,,,,services/cluster-manager/handler.go,43,cluster-manager|POST|/cluster/join/complete
cluster-manager,POST,/cluster/join/exchange,/cluster/join/exchange,h.handleJoinExchange,mux,,,,services/cluster-manager/handler.go,44,cluster-manager|POST|/cluster/join/exchange
cluster-manager,POST,/cluster/join/connect,/cluster/join/connect,h.handleJoinConnect,mux,,,,services/cluster-manager/handler.go,45,cluster-manager|POST|/cluster/join/connect
cluster-manager,POST,/cluster/nodes,/cluster/nodes,h.handleUpsertNode,mux,,,,services/cluster-manager/handler.go,48,cluster-manager|POST|/cluster/nodes
cluster-manager,POST,/cluster/nodes/{id}/heartbeat,/cluster/nodes/{param}/heartbeat,h.handleNodeHeartbeat,mux,,,,services/cluster-manager/handler.go,49,cluster-manager|POST|/cluster/nodes/{param}/heartbeat
cluster-manager,POST,/cluster/nodes/{id}/role,/cluster/nodes/{param}/role,h.handleNodeRoleUpdate,mux,,,,services/cluster-manager/handler.go,50,cluster-manager|POST|/cluster/nodes/{param}/role
cluster-manager,DELETE,/cluster/nodes/{id},/cluster/nodes/{param},h.handleRemoveNode,mux,,,,services/cluster-manager/handler.go,51,cluster-manager|DELETE|/cluster/nodes/{param}
cluster-manager,POST,/cluster/sync/events,/cluster/sync/events,h.handlePublishSyncEvent,mux,,,,services/cluster-manager/handler.go,53,cluster-manager|POST|/cluster/sync/events
cluster-manager,GET,/cluster/sync/events,/cluster/sync/events,h.handleListSyncEvents,mux,,,,services/cluster-manager/handler.go,54,cluster-manager|GET|/cluster/sync/events
cluster-manager,POST,/cluster/sync/ack,/cluster/sync/ack,h.handleSyncAck,mux,,,,services/cluster-manager/handler.go,55,cluster-manager|POST|/cluster/sync/ack
cluster-manager,GET,/cluster/sync/checkpoint,/cluster/sync/checkpoint,h.handleSyncCheckpoint,mux,,,,services/cluster-manager/handler.go,56,cluster-manager|GET|/cluster/sync/checkpoint
cluster-manager,GET,/cluster/logs,/cluster/logs,h.handleClusterLogs,mux,,,,services/cluster-manager/handler.go,57,cluster-manager|GET|/cluster/logs
cluster-manager,GET,/cluster/replication/status,/cluster/replication/status,h.handleReplicationStatus,mux,,,,services/cluster-manager/handler.go,58,cluster-manager|GET|/cluster/replication/status
compliance,POST,/compliance/connections/{id}/resolve,/compliance/connections/{param}/resolve,h.resolveConnection,kernel,authenticated,connection_resolved,playbook_connection,services/compliance/connections_service.go,63,compliance|POST|/compliance/connections/{param}/resolve
compliance,POST,/compliance/connections/import,/compliance/connections/import,h.importConnection,kernel,authenticated,connection_imported,playbook_connection,services/compliance/connections_service.go,64,compliance|POST|/compliance/connections/import
compliance,GET,/compliance/posture,/compliance/posture,h.handlePosture,mux,,,,services/compliance/handler.go,51,compliance|GET|/compliance/posture
compliance,GET,/compliance/posture/history,/compliance/posture/history,h.handlePostureHistory,mux,,,,services/compliance/handler.go,52,compliance|GET|/compliance/posture/history
compliance,GET,/compliance/posture/breakdown,/compliance/posture/breakdown,h.handlePostureBreakdown,mux,,,,services/compliance/handler.go,53,compliance|GET|/compliance/posture/breakdown
compliance,GET,/compliance/assessment,/compliance/assessment,h.handleAssessment,mux,,,,services/compliance/handler.go,54,compliance|GET|/compliance/assessment
compliance,GET,/compliance/assessment/delta,/compliance/assessment/delta,h.handleAssessmentDelta,mux,,,,services/compliance/handler.go,55,compliance|GET|/compliance/assessment/delta
compliance,POST,/compliance/assessment/run,/compliance/assessment/run,h.handleRunAssessment,mux,,,,services/compliance/handler.go,56,compliance|POST|/compliance/assessment/run
compliance,GET,/compliance/assessment/history,/compliance/assessment/history,h.handleAssessmentHistory,mux,,,,services/compliance/handler.go,57,compliance|GET|/compliance/assessment/history
compliance,GET,/compliance/assessment/schedule,/compliance/assessment/schedule,h.handleAssessmentSchedule,mux,,,,services/compliance/handler.go,58,compliance|GET|/compliance/assessment/schedule
compliance,PUT,/compliance/assessment/schedule,/compliance/assessment/schedule,h.handleUpsertAssessmentSchedule,mux,,,,services/compliance/handler.go,59,compliance|PUT|/compliance/assessment/schedule
compliance,GET,/compliance/templates,/compliance/templates,h.handleListComplianceTemplates,mux,,,,services/compliance/handler.go,60,compliance|GET|/compliance/templates
compliance,POST,/compliance/templates,/compliance/templates,h.handleUpsertComplianceTemplate,mux,,,,services/compliance/handler.go,61,compliance|POST|/compliance/templates
compliance,GET,/compliance/templates/{id},/compliance/templates/{param},h.handleGetComplianceTemplate,mux,,,,services/compliance/handler.go,62,compliance|GET|/compliance/templates/{param}
compliance,DELETE,/compliance/templates/{id},/compliance/templates/{param},h.handleDeleteComplianceTemplate,mux,,,,services/compliance/handler.go,63,compliance|DELETE|/compliance/templates/{param}
compliance,GET,/compliance/frameworks,/compliance/frameworks,h.handleFrameworks,mux,,,,services/compliance/handler.go,65,compliance|GET|/compliance/frameworks
compliance,GET,/compliance/frameworks/{id}/controls,/compliance/frameworks/{param}/controls,h.handleFrameworkControls,mux,,,,services/compliance/handler.go,66,compliance|GET|/compliance/frameworks/{param}/controls
compliance,GET,/compliance/frameworks/{id}/gaps,/compliance/frameworks/{param}/gaps,h.handleFrameworkGaps,mux,,,,services/compliance/handler.go,67,compliance|GET|/compliance/frameworks/{param}/gaps
compliance,GET,/compliance/keys/hygiene,/compliance/keys/hygiene,h.handleKeyHygiene,mux,,,,services/compliance/handler.go,69,compliance|GET|/compliance/keys/hygiene
compliance,GET,/compliance/keys/orphaned,/compliance/keys/orphaned,h.handleOrphaned,mux,,,,services/compliance/handler.go,70,compliance|GET|/compliance/keys/orphaned
compliance,GET,/compliance/keys/expired,/compliance/keys/expired,h.handleExpired,mux,,,,services/compliance/handler.go,71,compliance|GET|/compliance/keys/expired
compliance,GET,/compliance/audit/correlations,/compliance/audit/correlations,h.handleAuditCorrelations,mux,,,,services/compliance/handler.go,73,compliance|GET|/compliance/audit/correlations
compliance,GET,/compliance/audit/anomalies,/compliance/audit/anomalies,h.handleAuditAnomalies,mux,,,,services/compliance/handler.go,74,compliance|GET|/compliance/audit/anomalies
compliance,GET,/compliance/cbom,/compliance/cbom,h.handleCBOM,mux,,,,services/compliance/handler.go,76,compliance|GET|/compliance/cbom
compliance,GET,/compliance/cbom/summary,/compliance/cbom/summary,h.handleCBOMSummary,mux,,,,services/compliance/handler.go,77,compliance|GET|/compliance/cbom/summary
compliance,GET,/compliance/cbom/export,/compliance/cbom/export,h.handleCBOMExport,mux,,,,services/compliance/handler.go,78,compliance|GET|/compliance/cbom/export
compliance,GET,/compliance/cbom/pqc-readiness,/compliance/cbom/pqc-readiness,h.handleCBOMPQCReadiness,mux,,,,services/compliance/handler.go,79,compliance|GET|/compliance/cbom/pqc-readiness
compliance,GET,/compliance/cbom/diff,/compliance/cbom/diff,h.handleCBOMDiff,mux,,,,services/compliance/handler.go,80,compliance|GET|/compliance/cbom/diff
compliance,GET,/compliance/evidence/export,/compliance/evidence/export,h.handleEvidenceExport,mux,,,,services/compliance/handler.go,83,compliance|GET|/compliance/evidence/export
compliance,GET,/compliance/risk/keys,/compliance/risk/keys,h.handleGetKeyRiskRanking,mux,,,,services/compliance/handler.go,86,compliance|GET|/compliance/risk/keys
compliance,GET,/compliance/risk/summary,/compliance/risk/summary,h.handleGetDataRiskSummary,mux,,,,services/compliance/handler.go,87,compliance|GET|/compliance/risk/summary
compliance,GET,/compliance/risk/remediation,/compliance/risk/remediation,h.handleGetRiskRemediation,mux,,,,services/compliance/handler.go,88,compliance|GET|/compliance/risk/remediation
compliance,GET,/compliance/playbooks/catalog,/compliance/playbooks/catalog,h.playbookCatalog,kernel,compliance.playbook.read,playbook_catalog_read,playbook,services/compliance/handler_playbooks.go,135,compliance|GET|/compliance/playbooks/catalog
compliance,GET,/compliance/playbooks/summary,/compliance/playbooks/summary,h.playbookSummary,kernel,compliance.playbook.read,playbook_summary_read,playbook,services/compliance/handler_playbooks.go,136,compliance|GET|/compliance/playbooks/summary
compliance,GET,/compliance/playbooks,/compliance/playbooks,h.listPlaybooks,kernel,compliance.playbook.read,playbooks_listed,playbook,services/compliance/handler_playbooks.go,137,compliance|GET|/compliance/playbooks
compliance,POST,/compliance/playbooks,/compliance/playbooks,h.createPlaybook,kernel,compliance.playbook.write,playbook_created,playbook,services/compliance/handler_playbooks.go,138,compliance|POST|/compliance/playbooks
compliance,GET,/compliance/playbooks/{id},/compliance/playbooks/{param},h.getPlaybook,kernel,compliance.playbook.read,playbook_read,playbook,services/compliance/handler_playbooks.go,139,compliance|GET|/compliance/playbooks/{param}
compliance,PUT,/compliance/playbooks/{id},/compliance/playbooks/{param},h.updatePlaybook,kernel,compliance.playbook.write,playbook_updated,playbook,services/compliance/handler_playbooks.go,140,compliance|PUT|/compliance/playbooks/{param}
compliance,DELETE,/compliance/playbooks/{id},/compliance/playbooks/{param},h.deletePlaybook,kernel,compliance.playbook.delete,playbook_deleted,playbook,services/compliance/handler_playbooks.go,141,compliance|DELETE|/compliance/playbooks/{param}
compliance,POST,/compliance/playbooks/{id}/run,/compliance/playbooks/{param}/run,h.runPlaybook,kernel,compliance.playbook.run,playbook_run_requested,playbook,services/compliance/handler_playbooks.go,142,compliance|POST|/compliance/playbooks/{param}/run
compliance,POST,/compliance/playbooks/{id}/dry-run,/compliance/playbooks/{param}/dry-run,h.dryRunPlaybook,kernel,compliance.playbook.run,playbook_dry_run,playbook,services/compliance/handler_playbooks.go,143,compliance|POST|/compliance/playbooks/{param}/dry-run
compliance,GET,/compliance/playbooks/{id}/runs,/compliance/playbooks/{param}/runs,h.listPlaybookRuns,kernel,compliance.playbook.read,playbook_runs_listed,playbook,services/compliance/handler_playbooks.go,144,compliance|GET|/compliance/playbooks/{param}/runs
compliance,GET,/compliance/playbook-runs,/compliance/playbook-runs,h.searchRuns,kernel,compliance.playbook.read,playbook_runs_searched,playbook,services/compliance/handler_playbooks.go,145,compliance|GET|/compliance/playbook-runs
compliance,GET,/compliance/playbook-runs/{run_id},/compliance/playbook-runs/{param},h.getRun,kernel,compliance.playbook.read,playbook_run_read,playbook_run,services/compliance/handler_playbooks.go,146,compliance|GET|/compliance/playbook-runs/{param}
compliance,POST,/compliance/playbook-runs/{run_id}/cancel,/compliance/playbook-runs/{param}/cancel,h.cancelRun,kernel,compliance.playbook.run,playbook_run_cancelled,playbook_run,services/compliance/handler_playbooks.go,147,compliance|POST|/compliance/playbook-runs/{param}/cancel
compliance,POST,/compliance/playbook-runs/{run_id}/retry,/compliance/playbook-runs/{param}/retry,h.retryRun,kernel,compliance.playbook.run,playbook_run_retried,playbook_run,services/compliance/handler_playbooks.go,148,compliance|POST|/compliance/playbook-runs/{param}/retry
compliance,GET,/compliance/playbooks/connections,/compliance/playbooks/connections,h.listConnections,kernel,compliance.playbook.read,connections_listed,playbook_connection,services/compliance/playbook_connections.go,279,compliance|GET|/compliance/playbooks/connections
compliance,POST,/compliance/playbooks/connections,/compliance/playbooks/connections,h.createConnection,kernel,compliance.playbook.write,connection_created,playbook_connection,services/compliance/playbook_connections.go,280,compliance|POST|/compliance/playbooks/connections
compliance,PUT,/compliance/playbooks/connections/{id},/compliance/playbooks/connections/{param},h.updateConnection,kernel,compliance.playbook.write,connection_updated,playbook_connection,services/compliance/playbook_connections.go,281,compliance|PUT|/compliance/playbooks/connections/{param}
compliance,DELETE,/compliance/playbooks/connections/{id},/compliance/playbooks/connections/{param},h.deleteConnection,kernel,compliance.playbook.delete,connection_deleted,playbook_connection,services/compliance/playbook_connections.go,282,compliance|DELETE|/compliance/playbooks/connections/{param}
compliance,POST,/compliance/playbooks/connections/{id}/test,/compliance/playbooks/connections/{param}/test,h.testConnection,kernel,compliance.playbook.write,connection_tested,playbook_connection,services/compliance/playbook_connections.go,283,compliance|POST|/compliance/playbooks/connections/{param}/test
confidential,GET,/confidential/policy,/confidential/policy,h.getPolicy,kernel,confidential.read,policy_viewed,attestation_policy,services/confidential/handler.go,46,confidential|GET|/confidential/policy
confidential,PUT,/confidential/policy,/confidential/policy,h.setPolicy,kernel,confidential.write,policy_updated,attestation_policy,services/confidential/handler.go,47,confidential|PUT|/confidential/policy
confidential,GET,/confidential/summary,/confidential/summary,h.getSummary,kernel,confidential.read,summary_viewed,attestation_policy,services/confidential/handler.go,48,confidential|GET|/confidential/summary
confidential,POST,/confidential/evaluate,/confidential/evaluate,h.evaluate,kernel,confidential.evaluate,key_release_evaluated,key,services/confidential/handler.go,49,confidential|POST|/confidential/evaluate
confidential,GET,/confidential/releases,/confidential/releases,h.listReleases,kernel,confidential.read,releases_viewed,attested_release,services/confidential/handler.go,50,confidential|GET|/confidential/releases
confidential,GET,/confidential/releases/{id},/confidential/releases/{param},h.getRelease,kernel,confidential.read,release_viewed,attested_release,services/confidential/handler.go,51,confidential|GET|/confidential/releases/{param}
confidential,POST,/confidential/release,/confidential/release,h.releaseKey,kernel,confidential.release,key_release,key,services/confidential/handler_release.go,14,confidential|POST|/confidential/release
dataprotect,POST,/tokenize,/tokenize,h.handleTokenize,mux,,,,services/dataprotect/handler.go,39,dataprotect|POST|/tokenize
dataprotect,GET,/kdf/keys,/kdf/keys,h.handleListKeyKDF,mux,,,,services/dataprotect/handler.go,41,dataprotect|GET|/kdf/keys
dataprotect,POST,/kdf/keys/{key_id}/start-migration,/kdf/keys/{param}/start-migration,h.handleKDFTransition,mux,,,,services/dataprotect/handler.go,42,dataprotect|POST|/kdf/keys/{param}/start-migration
dataprotect,POST,/kdf/keys/{key_id}/reprotect-vault,/kdf/keys/{param}/reprotect-vault,h.handleKDFReprotectVault,mux,,,,services/dataprotect/handler.go,43,dataprotect|POST|/kdf/keys/{param}/reprotect-vault
dataprotect,POST,/kdf/keys/{key_id}/complete,/kdf/keys/{param}/complete,h.handleKDFTransition,mux,,,,services/dataprotect/handler.go,44,dataprotect|POST|/kdf/keys/{param}/complete
dataprotect,POST,/kdf/keys/{key_id}/abort,/kdf/keys/{param}/abort,h.handleKDFTransition,mux,,,,services/dataprotect/handler.go,45,dataprotect|POST|/kdf/keys/{param}/abort
dataprotect,POST,/detokenize,/detokenize,h.handleDetokenize,mux,,,,services/dataprotect/handler.go,46,dataprotect|POST|/detokenize
dataprotect,POST,/tokenize/batch,/tokenize/batch,h.handleTokenize,mux,,,,services/dataprotect/handler.go,47,dataprotect|POST|/tokenize/batch
dataprotect,POST,/detokenize/batch,/detokenize/batch,h.handleDetokenize,mux,,,,services/dataprotect/handler.go,48,dataprotect|POST|/detokenize/batch
dataprotect,GET,/token-vaults,/token-vaults,h.handleListTokenVaults,mux,,,,services/dataprotect/handler.go,49,dataprotect|GET|/token-vaults
dataprotect,POST,/token-vaults,/token-vaults,h.handleCreateTokenVault,mux,,,,services/dataprotect/handler.go,50,dataprotect|POST|/token-vaults
dataprotect,GET,/token-vaults/external-schema,/token-vaults/external-schema,h.handleGetTokenVaultExternalSchema,mux,,,,services/dataprotect/handler.go,51,dataprotect|GET|/token-vaults/external-schema
dataprotect,GET,/token-vaults/{id},/token-vaults/{param},h.handleGetTokenVault,mux,,,,services/dataprotect/handler.go,52,dataprotect|GET|/token-vaults/{param}
dataprotect,DELETE,/token-vaults/{id},/token-vaults/{param},h.handleDeleteTokenVault,mux,,,,services/dataprotect/handler.go,53,dataprotect|DELETE|/token-vaults/{param}
dataprotect,POST,/fpe/encrypt,/fpe/encrypt,h.handleFPEEncrypt,mux,,,,services/dataprotect/handler.go,55,dataprotect|POST|/fpe/encrypt
dataprotect,POST,/fpe/decrypt,/fpe/decrypt,h.handleFPEDecrypt,mux,,,,services/dataprotect/handler.go,56,dataprotect|POST|/fpe/decrypt
dataprotect,POST,/mask,/mask,h.handleMask,mux,,,,services/dataprotect/handler.go,58,dataprotect|POST|/mask
dataprotect,POST,/mask/preview,/mask/preview,h.handleMaskPreview,mux,,,,services/dataprotect/handler.go,59,dataprotect|POST|/mask/preview
dataprotect,GET,/masking-policies,/masking-policies,h.handleListMaskingPolicies,mux,,,,services/dataprotect/handler.go,60,dataprotect|GET|/masking-policies
dataprotect,POST,/masking-policies,/masking-policies,h.handleCreateMaskingPolicy,mux,,,,services/dataprotect/handler.go,61,dataprotect|POST|/masking-policies
dataprotect,PUT,/masking-policies/{id},/masking-policies/{param},h.handleUpdateMaskingPolicy,mux,,,,services/dataprotect/handler.go,62,dataprotect|PUT|/masking-policies/{param}
dataprotect,DELETE,/masking-policies/{id},/masking-policies/{param},h.handleDeleteMaskingPolicy,mux,,,,services/dataprotect/handler.go,63,dataprotect|DELETE|/masking-policies/{param}
dataprotect,POST,/redact,/redact,h.handleRedact,mux,,,,services/dataprotect/handler.go,65,dataprotect|POST|/redact
dataprotect,POST,/redact/detect,/redact/detect,h.handleRedactDetect,mux,,,,services/dataprotect/handler.go,66,dataprotect|POST|/redact/detect
dataprotect,GET,/redaction-policies,/redaction-policies,h.handleListRedactionPolicies,mux,,,,services/dataprotect/handler.go,67,dataprotect|GET|/redaction-policies
dataprotect,POST,/redaction-policies,/redaction-policies,h.handleCreateRedactionPolicy,mux,,,,services/dataprotect/handler.go,68,dataprotect|POST|/redaction-policies
dataprotect,POST,/app/encrypt-fields,/app/encrypt-fields,h.handleAppEncryptFields,mux,,,,services/dataprotect/handler.go,70,dataprotect|POST|/app/encrypt-fields
dataprotect,POST,/app/decrypt-fields,/app/decrypt-fields,h.handleAppDecryptFields,mux,,,,services/dataprotect/handler.go,71,dataprotect|POST|/app/decrypt-fields
dataprotect,POST,/app/envelope-encrypt,/app/envelope-encrypt,h.handleAppEnvelopeEncrypt,mux,,,,services/dataprotect/handler.go,72,dataprotect|POST|/app/envelope-encrypt
dataprotect,POST,/app/envelope-decrypt,/app/envelope-decrypt,h.handleAppEnvelopeDecrypt,mux,,,,services/dataprotect/handler.go,73,dataprotect|POST|/app/envelope-decrypt
dataprotect,POST,/app/searchable-encrypt,/app/searchable-encrypt,h.handleAppSearchableEncrypt,mux,,,,services/dataprotect/handler.go,74,dataprotect|POST|/app/searchable-encrypt
dataprotect,POST,/app/searchable-decrypt,/app/searchable-decrypt,h.handleAppSearchableDecrypt,mux,,,,services/dataprotect/handler.go,75,dataprotect|POST|/app/searchable-decrypt
dataprotect,GET,/policy,/policy,h.handleGetDataProtectionPolicy,mux,,,,services/dataprotect/handler.go,77,dataprotect|GET|/policy
dataprotect,PUT,/policy,/policy,h.handleSetDataProtectionPolicy,mux,,,,services/dataprotect/handler.go,78,dataprotect|PUT|/policy
dataprotect,GET,/field-protection/profiles,/field-protection/profiles,h.handleListFieldProtectionProfiles,mux,,,,services/dataprotect/handler.go,79,dataprotect|GET|/field-protection/profiles
dataprotect,POST,/field-protection/profiles,/field-protection/profiles,h.handleCreateFieldProtectionProfile,mux,,,,services/dataprotect/handler.go,80,dataprotect|POST|/field-protection/profiles
dataprotect,PUT,/field-protection/profiles/{id},/field-protection/profiles/{param},h.handleUpdateFieldProtectionProfile,mux,,,,services/dataprotect/handler.go,81,dataprotect|PUT|/field-protection/profiles/{param}
dataprotect,DELETE,/field-protection/profiles/{id},/field-protection/profiles/{param},h.handleDeleteFieldProtectionProfile,mux,,,,services/dataprotect/handler.go,82,dataprotect|DELETE|/field-protection/profiles/{param}
dataprotect,GET,/field-protection/resolve,/field-protection/resolve,h.handleResolveFieldProtectionPolicy,mux,,,,services/dataprotect/handler.go,83,dataprotect|GET|/field-protection/resolve
dataprotect,GET,/field-encryption/wrappers,/field-encryption/wrappers,h.handleListFieldEncryptionWrappers,mux,,,,services/dataprotect/handler.go,85,dataprotect|GET|/field-encryption/wrappers
dataprotect,POST,/field-encryption/register/init,/field-encryption/register/init,h.handleInitFieldEncryptionWrapperRegistration,mux,,,,services/dataprotect/handler.go,86,dataprotect|POST|/field-encryption/register/init
dataprotect,POST,/field-encryption/register/complete,/field-encryption/register/complete,h.handleCompleteFieldEncryptionWrapperRegistration,mux,,,,services/dataprotect/handler.go,87,dataprotect|POST|/field-encryption/register/complete
dataprotect,GET,/field-encryption/sdk/download,/field-encryption/sdk/download,h.handleDownloadFieldEncryptionWrapperSDK,mux,,,,services/dataprotect/handler.go,88,dataprotect|GET|/field-encryption/sdk/download
dataprotect,POST,/field-encryption/leases,/field-encryption/leases,h.handleIssueFieldEncryptionLease,mux,,,,services/dataprotect/handler.go,89,dataprotect|POST|/field-encryption/leases
dataprotect,GET,/field-encryption/leases,/field-encryption/leases,h.handleListFieldEncryptionLeases,mux,,,,services/dataprotect/handler.go,90,dataprotect|GET|/field-encryption/leases
dataprotect,POST,/field-encryption/receipts,/field-encryption/receipts,h.handleSubmitFieldEncryptionReceipt,mux,,,,services/dataprotect/handler.go,91,dataprotect|POST|/field-encryption/receipts
dataprotect,POST,/field-encryption/leases/{id}/renew,/field-encryption/leases/{param}/renew,h.handleRenewFieldEncryptionLease,mux,,,,services/dataprotect/handler.go,92,dataprotect|POST|/field-encryption/leases/{param}/renew
dataprotect,POST,/field-encryption/leases/{id}/revoke,/field-encryption/leases/{param}/revoke,h.handleRevokeFieldEncryptionLease,mux,,,,services/dataprotect/handler.go,93,dataprotect|POST|/field-encryption/leases/{param}/revoke
dataprotect,GET,/audit-log,/audit-log,h.handleListAuditLog,mux,,,,services/dataprotect/handler.go,95,dataprotect|GET|/audit-log
dataprotect,GET,/stats,/stats,h.handleGetStats,mux,,,,services/dataprotect/handler.go,96,dataprotect|GET|/stats
discovery,POST,/discovery/scan,/discovery/scan,h.handleStartScan,mux,,,,services/discovery/handler.go,30,discovery|POST|/discovery/scan
discovery,GET,/discovery/scans,/discovery/scans,h.handleListScans,mux,,,,services/discovery/handler.go,31,discovery|GET|/discovery/scans
discovery,GET,/discovery/scans/{id},/discovery/scans/{param},h.handleGetScan,mux,,,,services/discovery/handler.go,32,discovery|GET|/discovery/scans/{param}
discovery,GET,/discovery/assets,/discovery/assets,h.handleListAssets,mux,,,,services/discovery/handler.go,34,discovery|GET|/discovery/assets
discovery,GET,/discovery/crypto/assets,/discovery/crypto/assets,h.handleListAssets,mux,,,,services/discovery/handler.go,35,discovery|GET|/discovery/crypto/assets
discovery,GET,/discovery/assets/{id},/discovery/assets/{param},h.handleGetAsset,mux,,,,services/discovery/handler.go,36,discovery|GET|/discovery/assets/{param}
discovery,PUT,/discovery/assets/{id}/classify,/discovery/assets/{param}/classify,h.handleClassifyAsset,mux,,,,services/discovery/handler.go,37,discovery|PUT|/discovery/assets/{param}/classify
discovery,GET,/discovery/summary,/discovery/summary,h.handleSummary,mux,,,,services/discovery/handler.go,39,discovery|GET|/discovery/summary
discovery,GET,/discovery/posture,/discovery/posture,h.handleSummary,mux,,,,services/discovery/handler.go,40,discovery|GET|/discovery/posture
discovery,POST,/discovery/pii/scan,/discovery/pii/scan,h.handlePIIScan,mux,,,,services/discovery/handler.go,43,discovery|POST|/discovery/pii/scan
discovery,GET,/discovery/pii/patterns,/discovery/pii/patterns,h.handleListPIIPatterns,mux,,,,services/discovery/handler.go,44,discovery|GET|/discovery/pii/patterns
discovery,GET,/discovery/data-inventory,/discovery/data-inventory,h.handleGetDataInventory,mux,,,,services/discovery/handler.go,45,discovery|GET|/discovery/data-inventory
ekm,POST,/ekm/agents/register,/ekm/agents/register,h.handleRegisterAgent,mux,,,,services/ekm/handler.go,55,ekm|POST|/ekm/agents/register
ekm,GET,/ekm/agents,/ekm/agents,h.handleListAgents,mux,,,,services/ekm/handler.go,56,ekm|GET|/ekm/agents
ekm,GET,/ekm/agents/{id}/status,/ekm/agents/{param}/status,h.handleAgentStatus,mux,,,,services/ekm/handler.go,57,ekm|GET|/ekm/agents/{param}/status
ekm,GET,/ekm/agents/{id}/health,/ekm/agents/{param}/health,h.handleAgentHealth,mux,,,,services/ekm/handler.go,58,ekm|GET|/ekm/agents/{param}/health
ekm,GET,/ekm/agents/{id}/logs,/ekm/agents/{param}/logs,h.handleAgentLogs,mux,,,,services/ekm/handler.go,59,ekm|GET|/ekm/agents/{param}/logs
ekm,GET,/ekm/agents/{id}/deploy,/ekm/agents/{param}/deploy,h.handleAgentDeployPackage,mux,,,,services/ekm/handler.go,60,ekm|GET|/ekm/agents/{param}/deploy
ekm,POST,/ekm/agents/{id}/rotate,/ekm/agents/{param}/rotate,h.handleRotateAgent,mux,,,,services/ekm/handler.go,61,ekm|POST|/ekm/agents/{param}/rotate
ekm,DELETE,/ekm/agents/{id},/ekm/agents/{param},h.handleDeleteAgent,mux,,,,services/ekm/handler.go,62,ekm|DELETE|/ekm/agents/{param}
ekm,POST,/ekm/agents/{id}/heartbeat,/ekm/agents/{param}/heartbeat,h.handleAgentHeartbeat,mux,,,,services/ekm/handler.go,63,ekm|POST|/ekm/agents/{param}/heartbeat
ekm,GET,/ekm/sdk/overview,/ekm/sdk/overview,h.handleSDKOverview,mux,,,,services/ekm/handler.go,64,ekm|GET|/ekm/sdk/overview
ekm,GET,/ekm/sdk/download,/ekm/sdk/download,h.handleSDKDownload,mux,,,,services/ekm/handler.go,65,ekm|GET|/ekm/sdk/download
ekm,POST,/ekm/bitlocker/clients/register,/ekm/bitlocker/clients/register,h.handleRegisterBitLockerClient,mux,,,,services/ekm/handler.go,67,ekm|POST|/ekm/bitlocker/clients/register
ekm,GET,/ekm/bitlocker/clients,/ekm/bitlocker/clients,h.handleListBitLockerClients,mux,,,,services/ekm/handler.go,68,ekm|GET|/ekm/bitlocker/clients
ekm,GET,/ekm/bitlocker/clients/{id},/ekm/bitlocker/clients/{param},h.handleGetBitLockerClient,mux,,,,services/ekm/handler.go,69,ekm|GET|/ekm/bitlocker/clients/{param}
ekm,GET,/ekm/bitlocker/clients/{id}/delete-preview,/ekm/bitlocker/clients/{param}/delete-preview,h.handleBitLockerDeletePreview,mux,,,,services/ekm/handler.go,70,ekm|GET|/ekm/bitlocker/clients/{param}/delete-preview
ekm,DELETE,/ekm/bitlocker/clients/{id},/ekm/bitlocker/clients/{param},h.handleDeleteBitLockerClient,mux,,,,services/ekm/handler.go,71,ekm|DELETE|/ekm/bitlocker/clients/{param}
ekm,POST,/ekm/bitlocker/clients/{id}/heartbeat,/ekm/bitlocker/clients/{param}/heartbeat,h.handleBitLockerHeartbeat,mux,,,,services/ekm/handler.go,72,ekm|POST|/ekm/bitlocker/clients/{param}/heartbeat
ekm,POST,/ekm/bitlocker/clients/{id}/operations,/ekm/bitlocker/clients/{param}/operations,h.handleQueueBitLockerOperation,mux,,,,services/ekm/handler.go,73,ekm|POST|/ekm/bitlocker/clients/{param}/operations
ekm,GET,/ekm/bitlocker/clients/{id}/jobs,/ekm/bitlocker/clients/{param}/jobs,h.handleListBitLockerJobs,mux,,,,services/ekm/handler.go,74,ekm|GET|/ekm/bitlocker/clients/{param}/jobs
ekm,POST,/ekm/bitlocker/clients/{id}/jobs/next,/ekm/bitlocker/clients/{param}/jobs/next,h.handlePollBitLockerJob,mux,,,,services/ekm/handler.go,75,ekm|POST|/ekm/bitlocker/clients/{param}/jobs/next
ekm,POST,/ekm/bitlocker/clients/{id}/jobs/{job_id}/result,/ekm/bitlocker/clients/{param}/jobs/{param}/result,h.handleBitLockerJobResult,mux,,,,services/ekm/handler.go,76,ekm|POST|/ekm/bitlocker/clients/{param}/jobs/{param}/result
ekm,GET,/ekm/bitlocker/recovery,/ekm/bitlocker/recovery,h.handleListBitLockerRecovery,mux,,,,services/ekm/handler.go,77,ekm|GET|/ekm/bitlocker/recovery
ekm,POST,/ekm/bitlocker/network/scan,/ekm/bitlocker/network/scan,h.handleBitLockerNetworkScan,mux,,,,services/ekm/handler.go,78,ekm|POST|/ekm/bitlocker/network/scan
ekm,GET,/ekm/bitlocker/clients/{id}/deploy,/ekm/bitlocker/clients/{param}/deploy,h.handleBitLockerDeployPackage,mux,,,,services/ekm/handler.go,79,ekm|GET|/ekm/bitlocker/clients/{param}/deploy
ekm,POST,/ekm/tde/keys,/ekm/tde/keys,h.handleCreateTDEKey,mux,,,,services/ekm/handler.go,81,ekm|POST|/ekm/tde/keys
ekm,POST,/ekm/tde/keys/{id}/wrap,/ekm/tde/keys/{param}/wrap,h.handleWrapDEK,mux,,,,services/ekm/handler.go,82,ekm|POST|/ekm/tde/keys/{param}/wrap
ekm,POST,/ekm/tde/keys/{id}/unwrap,/ekm/tde/keys/{param}/unwrap,h.handleUnwrapDEK,mux,,,,services/ekm/handler.go,83,ekm|POST|/ekm/tde/keys/{param}/unwrap
ekm,POST,/ekm/tde/keys/{id}/rotate,/ekm/tde/keys/{param}/rotate,h.handleRotateTDEKey,mux,,,,services/ekm/handler.go,84,ekm|POST|/ekm/tde/keys/{param}/rotate
ekm,GET,/ekm/tde/keys/{id}/public,/ekm/tde/keys/{param}/public,h.handleGetPublicKey,mux,,,,services/ekm/handler.go,85,ekm|GET|/ekm/tde/keys/{param}/public
ekm,POST,/ekm/tde/keys/{id}/revoke,/ekm/tde/keys/{param}/revoke,h.handleRevokeTDEKey,mux,,,,services/ekm/handler.go,87,ekm|POST|/ekm/tde/keys/{param}/revoke
ekm,POST,/ekm/databases,/ekm/databases,h.handleRegisterDatabase,mux,,,,services/ekm/handler.go,89,ekm|POST|/ekm/databases
ekm,GET,/ekm/databases,/ekm/databases,h.handleListDatabases,mux,,,,services/ekm/handler.go,90,ekm|GET|/ekm/databases
ekm,GET,/ekm/databases/{id},/ekm/databases/{param},h.handleGetDatabase,mux,,,,services/ekm/handler.go,91,ekm|GET|/ekm/databases/{param}
ekm,POST,/ekm/databases/{id}/revoke-tde,/ekm/databases/{param}/revoke-tde,h.handleRevokeDatabaseTDE,mux,,,,services/ekm/handler.go,92,ekm|POST|/ekm/databases/{param}/revoke-tde
ekm,POST,/ekm/agents/{id}/validate-deploy,/ekm/agents/{param}/validate-deploy,h.handleValidateDeployment,mux,,,,services/ekm/handler.go,94,ekm|POST|/ekm/agents/{param}/validate-deploy
ekm,POST,/ekm/azure/configs,/ekm/azure/configs,h.handleCreateAzureConfig,mux,,,,services/ekm/handler.go,97,ekm|POST|/ekm/azure/configs
ekm,GET,/ekm/azure/configs,/ekm/azure/configs,h.handleListAzureConfigs,mux,,,,services/ekm/handler.go,98,ekm|GET|/ekm/azure/configs
ekm,GET,/ekm/azure/configs/{id},/ekm/azure/configs/{param},h.handleGetAzureConfig,mux,,,,services/ekm/handler.go,99,ekm|GET|/ekm/azure/configs/{param}
ekm,PUT,/ekm/azure/configs/{id},/ekm/azure/configs/{param},h.handleUpdateAzureConfig,mux,,,,services/ekm/handler.go,100,ekm|PUT|/ekm/azure/configs/{param}
ekm,DELETE,/ekm/azure/configs/{id},/ekm/azure/configs/{param},h.handleDeleteAzureConfig,mux,,,,services/ekm/handler.go,101,ekm|DELETE|/ekm/azure/configs/{param}
ekm,POST,/ekm/azure/configs/{id}/test,/ekm/azure/configs/{param}/test,h.handleTestAzureConnection,mux,,,,services/ekm/handler.go,102,ekm|POST|/ekm/azure/configs/{param}/test
ekm,POST,/ekm/azure/configs/{id}/sync,/ekm/azure/configs/{param}/sync,h.handleSyncAzureKeys,mux,,,,services/ekm/handler.go,103,ekm|POST|/ekm/azure/configs/{param}/sync
ekm,POST,/ekm/azure/mappings,/ekm/azure/mappings,h.handleCreateAzureMapping,mux,,,,services/ekm/handler.go,104,ekm|POST|/ekm/azure/mappings
ekm,GET,/ekm/azure/mappings,/ekm/azure/mappings,h.handleListAzureMappings,mux,,,,services/ekm/handler.go,105,ekm|GET|/ekm/azure/mappings
ekm,DELETE,/ekm/azure/mappings/{id},/ekm/azure/mappings/{param},h.handleDeleteAzureMapping,mux,,,,services/ekm/handler.go,106,ekm|DELETE|/ekm/azure/mappings/{param}
ekm,POST,/ekm/azure/mappings/{id}/import,/ekm/azure/mappings/{param}/import,h.handleImportKeyToAzure,mux,,,,services/ekm/handler.go,107,ekm|POST|/ekm/azure/mappings/{param}/import
ekm,POST,/ekm/azure/mappings/{id}/rotate,/ekm/azure/mappings/{param}/rotate,h.handleRotateAzureKey,mux,,,,services/ekm/handler.go,108,ekm|POST|/ekm/azure/mappings/{param}/rotate
ekm,POST,/ekm/azure/mappings/{id}/wrap,/ekm/azure/mappings/{param}/wrap,h.handleAzureWrapKey,mux,,,,services/ekm/handler.go,109,ekm|POST|/ekm/azure/mappings/{param}/wrap
ekm,POST,/ekm/azure/mappings/{id}/unwrap,/ekm/azure/mappings/{param}/unwrap,h.handleAzureUnwrapKey,mux,,,,services/ekm/handler.go,110,ekm|POST|/ekm/azure/mappings/{param}/unwrap
ekm,POST,/ekm/google-cse/configs,/ekm/google-cse/configs,h.handleCreateGoogleCSEConfig,mux,,,,services/ekm/handler.go,113,ekm|POST|/ekm/google-cse/configs
ekm,GET,/ekm/google-cse/configs,/ekm/google-cse/configs,h.handleListGoogleCSEConfigs,mux,,,,services/ekm/handler.go,114,ekm|GET|/ekm/google-cse/configs
ekm,GET,/ekm/google-cse/configs/{id},/ekm/google-cse/configs/{param},h.handleGetGoogleCSEConfig,mux,,,,services/ekm/handler.go,115,ekm|GET|/ekm/google-cse/configs/{param}
ekm,PUT,/ekm/google-cse/configs/{id},/ekm/google-cse/configs/{param},h.handleUpdateGoogleCSEConfig,mux,,,,services/ekm/handler.go,116,ekm|PUT|/ekm/google-cse/configs/{param}
ekm,DELETE,/ekm/google-cse/configs/{id},/ekm/google-cse/configs/{param},h.handleDeleteGoogleCSEConfig,mux,,,,services/ekm/handler.go,117,ekm|DELETE|/ekm/google-cse/configs/{param}
ekm,POST,/ekm/google-cse/keys,/ekm/google-cse/keys,h.handleCreateGoogleCSEKey,mux,,,,services/ekm/handler.go,118,ekm|POST|/ekm/google-cse/keys
ekm,GET,/ekm/google-cse/keys,/ekm/google-cse/keys,h.handleListGoogleCSEKeys,mux,,,,services/ekm/handler.go,119,ekm|GET|/ekm/google-cse/keys
ekm,DELETE,/ekm/google-cse/keys/{id},/ekm/google-cse/keys/{param},h.handleDeleteGoogleCSEKey,mux,,,,services/ekm/handler.go,120,ekm|DELETE|/ekm/google-cse/keys/{param}
ekm,GET,/ekm/kacls/status,/ekm/kacls/status,h.handleKACLSStatus,mux,,,,services/ekm/handler.go,123,ekm|GET|/ekm/kacls/status
ekm,POST,/ekm/kacls/wrap,/ekm/kacls/wrap,h.handleKACLSWrap,mux,,,,services/ekm/handler.go,124,ekm|POST|/ekm/kacls/wrap
ekm,POST,/ekm/kacls/unwrap,/ekm/kacls/unwrap,h.handleKACLSUnwrap,mux,,,,services/ekm/handler.go,125,ekm|POST|/ekm/kacls/unwrap
ekm,POST,/ekm/kacls/privilegedunwrap,/ekm/kacls/privilegedunwrap,h.handleKACLSPrivilegedUnwrap,mux,,,,services/ekm/handler.go,126,ekm|POST|/ekm/kacls/privilegedunwrap
governance,GET,/governance/settings,/governance/settings,h.handleGetSettings,mux,,,,services/governance/handler.go,56,governance|GET|/governance/settings
governance,PUT,/governance/settings,/governance/settings,h.handleUpdateSettings,mux,,,,services/governance/handler.go,57,governance|PUT|/governance/settings
governance,POST,/governance/settings/smtp/test,/governance/settings/smtp/test,h.handleTestSMTP,mux,,,,services/governance/handler.go,58,governance|POST|/governance/settings/smtp/test
governance,POST,/governance/settings/webhook/test,/governance/settings/webhook/test,h.handleTestWebhook,mux,,,,services/governance/handler.go,59,governance|POST|/governance/settings/webhook/test
governance,GET,/governance/backups,/governance/backups,h.handleListBackups,mux,,,,services/governance/handler.go,60,governance|GET|/governance/backups
governance,POST,/governance/backups,/governance/backups,h.handleCreateBackup,mux,,,,services/governance/handler.go,61,governance|POST|/governance/backups
governance,POST,/governance/backups/restore,/governance/backups/restore,h.handleRestoreBackup,mux,,,,services/governance/handler.go,62,governance|POST|/governance/backups/restore
governance,POST,/governance/backups/verify,/governance/backups/verify,h.handleVerifyBackup,mux,,,,services/governance/handler.go,63,governance|POST|/governance/backups/verify
governance,DELETE,/governance/backups/{id},/governance/backups/{param},h.handleDeleteBackup,mux,,,,services/governance/handler.go,64,governance|DELETE|/governance/backups/{param}
governance,GET,/governance/backups/{id},/governance/backups/{param},h.handleGetBackup,mux,,,,services/governance/handler.go,65,governance|GET|/governance/backups/{param}
governance,GET,/governance/backups/{id}/artifact,/governance/backups/{param}/artifact,h.handleDownloadBackupArtifact,mux,,,,services/governance/handler.go,66,governance|GET|/governance/backups/{param}/artifact
governance,GET,/governance/backups/{id}/key,/governance/backups/{param}/key,h.handleDownloadBackupKey,mux,,,,services/governance/handler.go,67,governance|GET|/governance/backups/{param}/key
governance,GET,/governance/system/state,/governance/system/state,h.handleGetSystemState,mux,,,,services/governance/handler.go,68,governance|GET|/governance/system/state
governance,PUT,/governance/system/state,/governance/system/state,h.handleUpdateSystemState,mux,,,,services/governance/handler.go,69,governance|PUT|/governance/system/state
governance,GET,/governance/system/fips-mode,/governance/system/fips-mode,h.handleGetFIPSMode,mux,,,,services/governance/handler.go,70,governance|GET|/governance/system/fips-mode
governance,GET,/governance/system/fips-mode/impact,/governance/system/fips-mode/impact,h.handleFIPSModeImpact,mux,,,,services/governance/handler.go,71,governance|GET|/governance/system/fips-mode/impact
governance,PUT,/governance/system/fips-mode,/governance/system/fips-mode,h.handleSetFIPSMode,mux,,,,services/governance/handler.go,72,governance|PUT|/governance/system/fips-mode
governance,PUT,/governance/system/posture-controls,/governance/system/posture-controls,h.handleUpdatePostureControls,mux,,,,services/governance/handler.go,73,governance|PUT|/governance/system/posture-controls
governance,POST,/governance/system/snmp/test,/governance/system/snmp/test,h.handleTestSystemSNMP,mux,,,,services/governance/handler.go,74,governance|POST|/governance/system/snmp/test
governance,GET,/governance/system/integrity,/governance/system/integrity,h.handleSystemIntegrity,mux,,,,services/governance/handler.go,75,governance|GET|/governance/system/integrity
governance,GET,/governance/policies,/governance/policies,h.handleListPolicies,mux,,,,services/governance/handler.go,77,governance|GET|/governance/policies
governance,POST,/governance/policies,/governance/policies,h.handleCreatePolicy,mux,,,,services/governance/handler.go,78,governance|POST|/governance/policies
governance,PUT,/governance/policies/{id},/governance/policies/{param},h.handleUpdatePolicy,mux,,,,services/governance/handler.go,79,governance|PUT|/governance/policies/{param}
governance,DELETE,/governance/policies/{id},/governance/policies/{param},h.handleDeletePolicy,mux,,,,services/governance/handler.go,80,governance|DELETE|/governance/policies/{param}
governance,GET,/governance/requests,/governance/requests,h.handleListRequests,mux,,,,services/governance/handler.go,82,governance|GET|/governance/requests
governance,POST,/governance/requests,/governance/requests,h.handleCreateRequest,mux,,,,services/governance/handler.go,83,governance|POST|/governance/requests
governance,GET,/governance/requests/{id},/governance/requests/{param},h.handleGetRequest,mux,,,,services/governance/handler.go,84,governance|GET|/governance/requests/{param}
governance,POST,/governance/requests/{id}/cancel,/governance/requests/{param}/cancel,h.handleCancelRequest,mux,,,,services/governance/handler.go,85,governance|POST|/governance/requests/{param}/cancel
governance,GET,/governance/requests/pending,/governance/requests/pending,h.handlePendingRequests,mux,,,,services/governance/handler.go,86,governance|GET|/governance/requests/pending
governance,GET,/governance/requests/pending/count,/governance/requests/pending/count,h.handlePendingCount,mux,,,,services/governance/handler.go,87,governance|GET|/governance/requests/pending/count
governance,GET,/governance/approve/{id},/governance/approve/{param},h.handleApprovalPage,mux,,,,services/governance/handler.go,89,governance|GET|/governance/approve/{param}
governance,POST,/governance/approve/{id},/governance/approve/{param},h.handleApprovalVote,mux,,,,services/governance/handler.go,90,governance|POST|/governance/approve/{param}
governance,POST,/governance/key-approval,/governance/key-approval,h.handleCreateKeyApproval,mux,,,,services/governance/handler.go,92,governance|POST|/governance/key-approval
governance,GET,/governance/key-approval/{id}/status,/governance/key-approval/{param}/status,h.handleGetKeyApprovalStatus,mux,,,,services/governance/handler.go,93,governance|GET|/governance/key-approval/{param}/status
governance,POST,/governance/notify/email,/governance/notify/email,h.notifyEmail,kernel,authenticated,notification_email_sent,notification,services/governance/notify.go,47,governance|POST|/governance/notify/email
hyok,GET,/api/v1/keys/{id},/api/v1/keys/{param},h.handleMicrosoftDKEGetKey,mux,,,,services/hyok/handler.go,35,hyok|GET|/api/v1/keys/{param}
hyok,POST,/api/v1/keys/{id}/{version}/decrypt,/api/v1/keys/{param}/{param}/decrypt,h.handleMicrosoftDKEDecrypt,mux,,,,services/hyok/handler.go,36,hyok|POST|/api/v1/keys/{param}/{param}/decrypt
hyok,POST,/hyok/dke/v1/keys/{id}/decrypt,/hyok/dke/v1/keys/{param}/decrypt,h.handleDKEDecrypt,mux,,,,services/hyok/handler.go,37,hyok|POST|/hyok/dke/v1/keys/{param}/decrypt
hyok,GET,/hyok/dke/v1/keys/{id}/publickey,/hyok/dke/v1/keys/{param}/publickey,h.handleDKEPublicKey,mux,,,,services/hyok/handler.go,38,hyok|GET|/hyok/dke/v1/keys/{param}/publickey
hyok,POST,/hyok/salesforce/v1/keys/{id}/wrap,/hyok/salesforce/v1/keys/{param}/wrap,h.handleSalesforceWrap,mux,,,,services/hyok/handler.go,39,hyok|POST|/hyok/salesforce/v1/keys/{param}/wrap
hyok,POST,/hyok/salesforce/v1/keys/{id}/unwrap,/hyok/salesforce/v1/keys/{param}/unwrap,h.handleSalesforceUnwrap,mux,,,,services/hyok/handler.go,40,hyok|POST|/hyok/salesforce/v1/keys/{param}/unwrap
hyok,POST,/hyok/google/v1/keys/{id}/wrap,/hyok/google/v1/keys/{param}/wrap,h.handleGoogleWrap,mux,,,,services/hyok/handler.go,41,hyok|POST|/hyok/google/v1/keys/{param}/wrap
hyok,POST,/hyok/google/v1/keys/{id}/unwrap,/hyok/google/v1/keys/{param}/unwrap,h.handleGoogleUnwrap,mux,,,,services/hyok/handler.go,42,hyok|POST|/hyok/google/v1/keys/{param}/unwrap
hyok,POST,/hyok/generic/v1/keys/{id}/encrypt,/hyok/generic/v1/keys/{param}/encrypt,h.handleGenericEncrypt,mux,,,,services/hyok/handler.go,43,hyok|POST|/hyok/generic/v1/keys/{param}/encrypt
hyok,POST,/hyok/generic/v1/keys/{id}/decrypt,/hyok/generic/v1/keys/{param}/decrypt,h.handleGenericDecrypt,mux,,,,services/hyok/handler.go,44,hyok|POST|/hyok/generic/v1/keys/{param}/decrypt
hyok,POST,/hyok/generic/v1/keys/{id}/wrap,/hyok/generic/v1/keys/{param}/wrap,h.handleGenericWrap,mux,,,,services/hyok/handler.go,45,hyok|POST|/hyok/generic/v1/keys/{param}/wrap
hyok,POST,/hyok/generic/v1/keys/{id}/unwrap,/hyok/generic/v1/keys/{param}/unwrap,h.handleGenericUnwrap,mux,,,,services/hyok/handler.go,46,hyok|POST|/hyok/generic/v1/keys/{param}/unwrap
hyok,POST,/hyok/servicenow/v1/keys/{id}/wrap,/hyok/servicenow/v1/keys/{param}/wrap,h.handleServiceNowWrap,mux,,,,services/hyok/handler.go,47,hyok|POST|/hyok/servicenow/v1/keys/{param}/wrap
hyok,POST,/hyok/servicenow/v1/keys/{id}/unwrap,/hyok/servicenow/v1/keys/{param}/unwrap,h.handleServiceNowUnwrap,mux,,,,services/hyok/handler.go,48,hyok|POST|/hyok/servicenow/v1/keys/{param}/unwrap
hyok,POST,/hyok/alibaba/v1/keys/{id}/encrypt,/hyok/alibaba/v1/keys/{param}/encrypt,h.handleAlibabaEncrypt,mux,,,,services/hyok/handler.go,49,hyok|POST|/hyok/alibaba/v1/keys/{param}/encrypt
hyok,POST,/hyok/alibaba/v1/keys/{id}/decrypt,/hyok/alibaba/v1/keys/{param}/decrypt,h.handleAlibabaDecrypt,mux,,,,services/hyok/handler.go,50,hyok|POST|/hyok/alibaba/v1/keys/{param}/decrypt
hyok,GET,/hyok/v1/endpoints,/hyok/v1/endpoints,h.handleListEndpoints,mux,,,,services/hyok/handler.go,52,hyok|GET|/hyok/v1/endpoints
hyok,PUT,/hyok/v1/endpoints/{protocol},/hyok/v1/endpoints/{param},h.handleConfigureEndpoint,mux,,,,services/hyok/handler.go,53,hyok|PUT|/hyok/v1/endpoints/{param}
hyok,DELETE,/hyok/v1/endpoints/{protocol},/hyok/v1/endpoints/{param},h.handleDeleteEndpoint,mux,,,,services/hyok/handler.go,54,hyok|DELETE|/hyok/v1/endpoints/{param}
hyok,GET,/hyok/v1/requests,/hyok/v1/requests,h.handleListRequests,mux,,,,services/hyok/handler.go,55,hyok|GET|/hyok/v1/requests
hyok,GET,/hyok/v1/health,/hyok/v1/health,h.handleHealth,mux,,,,services/hyok/handler.go,56,hyok|GET|/hyok/v1/health
keyaccess,GET,/key-access/settings,/key-access/settings,h.getSettings,kernel,keyaccess.read,settings_viewed,key_access_settings,services/keyaccess/handler.go,48,keyaccess|GET|/key-access/settings
keyaccess,PUT,/key-access/settings,/key-access/settings,h.putSettings,kernel,keyaccess.write,settings_updated,key_access_settings,services/keyaccess/handler.go,49,keyaccess|PUT|/key-access/settings
keyaccess,GET,/key-access/summary,/key-access/summary,h.getSummary,kernel,keyaccess.read,summary_viewed,key_access_settings,services/keyaccess/handler.go,50,keyaccess|GET|/key-access/summary
keyaccess,GET,/key-access/codes,/key-access/codes,h.listRules,kernel,keyaccess.read,codes_viewed,justification_code,services/keyaccess/handler.go,51,keyaccess|GET|/key-access/codes
keyaccess,POST,/key-access/codes,/key-access/codes,h.upsertRule,kernel,keyaccess.write,code_upserted,justification_code,services/keyaccess/handler.go,52,keyaccess|POST|/key-access/codes
keyaccess,PUT,/key-access/codes/{id},/key-access/codes/{param},h.upsertRule,kernel,keyaccess.write,code_upserted,justification_code,services/keyaccess/handler.go,53,keyaccess|PUT|/key-access/codes/{param}
keyaccess,DELETE,/key-access/codes/{id},/key-access/codes/{param},h.deleteRule,kernel,keyaccess.write,code_deleted,justification_code,services/keyaccess/handler.go,54,keyaccess|DELETE|/key-access/codes/{param}
keyaccess,GET,/key-access/decisions,/key-access/decisions,h.listDecisions,kernel,keyaccess.read,decisions_viewed,key_access_decision,services/keyaccess/handler.go,55,keyaccess|GET|/key-access/decisions
keyaccess,POST,/key-access/evaluate,/key-access/evaluate,h.evaluate,kernel,keyaccess.evaluate,decision_evaluated,key,services/keyaccess/handler.go,56,keyaccess|POST|/key-access/evaluate
keycore,POST,/keys/{id}/attested-release,/keys/{param}/attested-release,h.attestedRelease,kernel,key.attested_release,attested_release,key,services/keycore/attested_release.go,135,keycore|POST|/keys/{param}/attested-release
keycore,POST,/keys/{id}/generate-data-key,/keys/{param}/generate-data-key,h.generateDataKey,kernel,key.wrap,data_key_generated,key,services/keycore/data_key.go,23,keycore|POST|/keys/{param}/generate-data-key
keycore,GET,/keys/due-for-lifecycle,/keys/due-for-lifecycle,internalauth.RequireToken(h.handleDueForLifecycle),mux,,,,services/keycore/handler.go,61,keycore|GET|/keys/due-for-lifecycle
keycore,GET,/keys,/keys,h.handleListKeys,mux,,,,services/keycore/handler.go,202,keycore|GET|/keys
keycore,GET,/keys/{id},/keys/{param},h.visibleKeyRoute(h.handleGetKey),mux,,,,services/keycore/handler.go,203,keycore|GET|/keys/{param}
keycore,POST,/keys/{id}/export,/keys/{param}/export,h.handleExportKey,mux,,,,services/keycore/handler.go,204,keycore|POST|/keys/{param}/export
keycore,GET,/keys/{id}/versions,/keys/{param}/versions,h.visibleKeyRoute(h.handleListVersions),mux,,,,services/keycore/handler.go,205,keycore|GET|/keys/{param}/versions
keycore,GET,/keys/{id}/versions/{ver},/keys/{param}/versions/{param},h.visibleKeyRoute(h.handleGetVersion),mux,,,,services/keycore/handler.go,206,keycore|GET|/keys/{param}/versions/{param}
keycore,GET,/keys/{id}/kcv,/keys/{param}/kcv,h.visibleKeyRoute(h.handleGetKCV),mux,,,,services/keycore/handler.go,207,keycore|GET|/keys/{param}/kcv
keycore,GET,/keys/{id}/usage,/keys/{param}/usage,h.visibleKeyRoute(h.handleGetUsage),mux,,,,services/keycore/handler.go,209,keycore|GET|/keys/{param}/usage
keycore,GET,/keys/{id}/approval,/keys/{param}/approval,h.visibleKeyRoute(h.handleGetApproval),mux,,,,services/keycore/handler.go,210,keycore|GET|/keys/{param}/approval
keycore,GET,/keys/{id}/iv-log,/keys/{param}/iv-log,h.visibleKeyRoute(h.handleGetIVLog),mux,,,,services/keycore/handler.go,212,keycore|GET|/keys/{param}/iv-log
keycore,GET,/keys/{id}/iv-log/{ref},/keys/{param}/iv-log/{param},h.visibleKeyRoute(h.handleGetIVByRef),mux,,,,services/keycore/handler.go,213,keycore|GET|/keys/{param}/iv-log/{param}
keycore,GET,/tags,/tags,h.handleListTags,mux,,,,services/keycore/handler.go,214,keycore|GET|/tags
keycore,POST,/keys/{id}/encrypt,/keys/{param}/encrypt,h.handleEncrypt,mux,,,,services/keycore/handler.go,216,keycore|POST|/keys/{param}/encrypt
keycore,POST,/keys/{id}/decrypt,/keys/{param}/decrypt,h.handleDecrypt,mux,,,,services/keycore/handler.go,217,keycore|POST|/keys/{param}/decrypt
keycore,POST,/keys/{id}/sign,/keys/{param}/sign,h.handleSign,mux,,,,services/keycore/handler.go,218,keycore|POST|/keys/{param}/sign
keycore,POST,/keys/{id}/verify,/keys/{param}/verify,h.handleVerify,mux,,,,services/keycore/handler.go,219,keycore|POST|/keys/{param}/verify
keycore,POST,/keys/{id}/wrap,/keys/{param}/wrap,h.handleWrap,mux,,,,services/keycore/handler.go,220,keycore|POST|/keys/{param}/wrap
keycore,POST,/keys/{id}/unwrap,/keys/{param}/unwrap,h.handleUnwrap,mux,,,,services/keycore/handler.go,221,keycore|POST|/keys/{param}/unwrap
keycore,POST,/keys/{id}/mac,/keys/{param}/mac,h.handleMAC,mux,,,,services/keycore/handler.go,222,keycore|POST|/keys/{param}/mac
keycore,POST,/keys/{id}/derive,/keys/{param}/derive,h.handleDerive,mux,,,,services/keycore/handler.go,223,keycore|POST|/keys/{param}/derive
keycore,POST,/keys/{id}/service-derive,/keys/{param}/service-derive,h.handleServiceDerive,mux,,,,services/keycore/handler.go,224,keycore|POST|/keys/{param}/service-derive
keycore,POST,/cluster/mek/join-key,/cluster/mek/join-key,h.handleClusterJoinKey,mux,,,,services/keycore/handler.go,233,keycore|POST|/cluster/mek/join-key
keycore,POST,/cluster/mek/export,/cluster/mek/export,h.handleClusterMEKExport,mux,,,,services/keycore/handler.go,234,keycore|POST|/cluster/mek/export
keycore,POST,/cluster/mek/import,/cluster/mek/import,h.handleClusterMEKImport,mux,,,,services/keycore/handler.go,235,keycore|POST|/cluster/mek/import
keycore,POST,/keys/{id}/kem/encapsulate,/keys/{param}/kem/encapsulate,h.handleKEMEncapsulate,mux,,,,services/keycore/handler.go,236,keycore|POST|/keys/{param}/kem/encapsulate
keycore,POST,/keys/{id}/kem/decapsulate,/keys/{param}/kem/decapsulate,h.handleKEMDecapsulate,mux,,,,services/keycore/handler.go,237,keycore|POST|/keys/{param}/kem/decapsulate
keycore,POST,/crypto/hash,/crypto/hash,h.handleHash,mux,,,,services/keycore/handler.go,238,keycore|POST|/crypto/hash
keycore,POST,/crypto/random,/crypto/random,h.handleRandom,mux,,,,services/keycore/handler.go,239,keycore|POST|/crypto/random
keycore,GET,/keys/{id}/rotation-metrics,/keys/{param}/rotation-metrics,h.visibleKeyRoute(h.handleListKeyRotationMetrics),mux,,,,services/keycore/handler.go,250,keycore|GET|/keys/{param}/rotation-metrics
keycore,GET,/keys/{id}/health,/keys/{param}/health,h.visibleKeyRoute(h.handleGetKeyHealth),mux,,,,services/keycore/handler.go,253,keycore|GET|/keys/{param}/health
keycore,GET,/analytics/algorithms,/analytics/algorithms,h.handleGetAlgorithmBenchmarks,mux,,,,services/keycore/handler.go,254,keycore|GET|/analytics/algorithms
keycore,GET,/attestation/public-key,/attestation/public-key,h.handleAttestationPublicKey,mux,,,,services/keycore/handler.go,257,keycore|GET|/attestation/public-key
keycore,GET,/fips/rng-health,/fips/rng-health,h.handleRNGHealth,mux,,,,services/keycore/handler.go,263,keycore|GET|/fips/rng-health
keycore,GET,/keys/due-for-lifecycle,/keys/due-for-lifecycle,internalauth.RequireToken(h.handleDueForLifecycle),mux,,,,services/keycore/handler.go,269,keycore|GET|/keys/due-for-lifecycle
keycore,GET,/keys/{id}/access-policy,/keys/{param}/access-policy,h.getKeyAccessPolicy,kernel,key.access.read,access_policy_read,key,services/keycore/handler_access.go,32,keycore|GET|/keys/{param}/access-policy
keycore,PUT,/keys/{id}/access-policy,/keys/{param}/access-policy,h.putKeyAccessPolicy,kernel,key.access.manage,access_policy_updated,key,services/keycore/handler_access.go,33,keycore|PUT|/keys/{param}/access-policy
keycore,GET,/access/groups,/access/groups,h.listAccessGroups,kernel,key.access.read,access_groups_listed,access_group,services/keycore/handler_access.go,34,keycore|GET|/access/groups
keycore,POST,/access/groups,/access/groups,h.createAccessGroup,kernel,key.access.admin,access_group_created,access_group,services/keycore/handler_access.go,35,keycore|POST|/access/groups
keycore,DELETE,/access/groups/{id},/access/groups/{param},h.deleteAccessGroup,kernel,key.access.admin,access_group_deleted,access_group,services/keycore/handler_access.go,36,keycore|DELETE|/access/groups/{param}
keycore,PUT,/access/groups/{id}/members,/access/groups/{param}/members,h.setAccessGroupMembers,kernel,key.access.admin,access_group_members_updated,access_group,services/keycore/handler_access.go,37,keycore|PUT|/access/groups/{param}/members
keycore,GET,/access/settings,/access/settings,h.getAccessSettings,kernel,key.access.read,access_settings_read,access_settings,services/keycore/handler_access.go,38,keycore|GET|/access/settings
keycore,PUT,/access/settings,/access/settings,h.putAccessSettings,kernel,key.access.admin,access_settings_updated,access_settings,services/keycore/handler_access.go,39,keycore|PUT|/access/settings
keycore,GET,/access/interface-policies,/access/interface-policies,h.listInterfacePolicies,kernel,key.access.read,interface_policies_listed,interface_policy,services/keycore/handler_access.go,40,keycore|GET|/access/interface-policies
keycore,POST,/access/interface-policies,/access/interface-policies,h.upsertInterfacePolicy,kernel,key.access.admin,interface_policy_upserted,interface_policy,services/keycore/handler_access.go,41,keycore|POST|/access/interface-policies
keycore,DELETE,/access/interface-policies/{id},/access/interface-policies/{param},h.deleteInterfacePolicy,kernel,key.access.admin,interface_policy_deleted,interface_policy,services/keycore/handler_access.go,42,keycore|DELETE|/access/interface-policies/{param}
keycore,GET,/agility/posture,/agility/posture,h.getAgilityPosture,kernel,key.agility.read,agility_posture_read,agility,services/keycore/handler_agility.go,20,keycore|GET|/agility/posture
keycore,GET,/agility/algorithms,/agility/algorithms,h.getAlgorithmInventory,kernel,key.agility.read,agility_inventory_read,agility,services/keycore/handler_agility.go,21,keycore|GET|/agility/algorithms
keycore,GET,/agility/keys-by-algorithm,/agility/keys-by-algorithm,h.getKeysByAlgorithm,kernel,key.agility.read,agility_keys_by_algorithm_read,agility,services/keycore/handler_agility.go,22,keycore|GET|/agility/keys-by-algorithm
keycore,GET,/agility/migration-plans,/agility/migration-plans,h.listMigrationPlans,kernel,key.agility.read,agility_migration_plans_listed,migration_plan,services/keycore/handler_agility.go,23,keycore|GET|/agility/migration-plans
keycore,POST,/agility/migration-plans,/agility/migration-plans,h.createMigrationPlan,kernel,key.agility.write,agility_migration_plan_created,migration_plan,services/keycore/handler_agility.go,24,keycore|POST|/agility/migration-plans
keycore,PATCH,/agility/migration-plans/{id},/agility/migration-plans/{param},h.updateMigrationPlan,kernel,key.agility.write,agility_migration_plan_updated,migration_plan,services/keycore/handler_agility.go,25,keycore|PATCH|/agility/migration-plans/{param}
keycore,GET,/agility/policy/rules,/agility/policy/rules,h.listAgilityRules,kernel,key.agility.read,agility_policy_rules_listed,agility_policy_rule,services/keycore/handler_agility.go,26,keycore|GET|/agility/policy/rules
keycore,POST,/agility/policy/rules,/agility/policy/rules,h.createAgilityRule,kernel,key.agility.write,agility_policy_rule_created,agility_policy_rule,services/keycore/handler_agility.go,27,keycore|POST|/agility/policy/rules
keycore,PUT,/agility/policy/rules/{id},/agility/policy/rules/{param},h.updateAgilityRule,kernel,key.agility.write,agility_policy_rule_updated,agility_policy_rule,services/keycore/handler_agility.go,28,keycore|PUT|/agility/policy/rules/{param}
keycore,DELETE,/agility/policy/rules/{id},/agility/policy/rules/{param},h.deleteAgilityRule,kernel,key.agility.write,agility_policy_rule_deleted,agility_policy_rule,services/keycore/handler_agility.go,29,keycore|DELETE|/agility/policy/rules/{param}
keycore,GET,/agility/drills,/agility/drills,h.listAgilityDrills,kernel,key.agility.read,agility_drills_listed,agility_drill,services/keycore/handler_agility_drill.go,18,keycore|GET|/agility/drills
keycore,POST,/agility/drills,/agility/drills,h.runAgilityDrill,kernel,key.agility.write,agility_drill_run,agility_drill,services/keycore/handler_agility_drill.go,19,keycore|POST|/agility/drills
keycore,GET,/canary/keys,/canary/keys,h.listCanaryKeys,kernel,key.canary.read,canary_keys_listed,canary_key,services/keycore/handler_canary.go,47,keycore|GET|/canary/keys
keycore,POST,/canary/keys,/canary/keys,h.createCanaryKey,kernel,key.canary.write,canary_key_created,canary_key,services/keycore/handler_canary.go,48,keycore|POST|/canary/keys
keycore,GET,/canary/keys/{id}/trips,/canary/keys/{param}/trips,h.listCanaryTrips,kernel,key.canary.read,canary_trips_listed,canary_key,services/keycore/handler_canary.go,49,keycore|GET|/canary/keys/{param}/trips
keycore,DELETE,/canary/keys/{id},/canary/keys/{param},h.deactivateCanaryKey,kernel,key.canary.write,canary_key_deactivated,canary_key,services/keycore/handler_canary.go,50,keycore|DELETE|/canary/keys/{param}
keycore,GET,/agility/caraf/assessment,/agility/caraf/assessment,h.getCarafAssessment,kernel,key.agility.read,caraf_assessment_read,caraf,services/keycore/handler_caraf.go,20,keycore|GET|/agility/caraf/assessment
keycore,GET,/agility/caraf/threats,/agility/caraf/threats,h.listCarafThreats,kernel,key.agility.read,caraf_threats_listed,caraf_threat,services/keycore/handler_caraf.go,21,keycore|GET|/agility/caraf/threats
keycore,POST,/agility/caraf/threats,/agility/caraf/threats,h.createCarafThreat,kernel,key.agility.write,caraf_threat_created,caraf_threat,services/keycore/handler_caraf.go,22,keycore|POST|/agility/caraf/threats
keycore,PUT,/agility/caraf/threats/{id},/agility/caraf/threats/{param},h.updateCarafThreat,kernel,key.agility.write,caraf_threat_updated,caraf_threat,services/keycore/handler_caraf.go,23,keycore|PUT|/agility/caraf/threats/{param}
keycore,DELETE,/agility/caraf/threats/{id},/agility/caraf/threats/{param},h.deleteCarafThreat,kernel,key.agility.write,caraf_threat_deleted,caraf_threat,services/keycore/handler_caraf.go,24,keycore|DELETE|/agility/caraf/threats/{param}
keycore,GET,/agility/caraf/assets,/agility/caraf/assets,h.listCarafAssets,kernel,key.agility.read,caraf_assets_listed,caraf_asset,services/keycore/handler_caraf.go,25,keycore|GET|/agility/caraf/assets
keycore,POST,/agility/caraf/assets,/agility/caraf/assets,h.createCarafAsset,kernel,key.agility.write,caraf_asset_created,caraf_asset,services/keycore/handler_caraf.go,26,keycore|POST|/agility/caraf/assets
keycore,PUT,/agility/caraf/assets/{id},/agility/caraf/assets/{param},h.updateCarafAsset,kernel,key.agility.write,caraf_asset_updated,caraf_asset,services/keycore/handler_caraf.go,27,keycore|PUT|/agility/caraf/assets/{param}
keycore,DELETE,/agility/caraf/assets/{id},/agility/caraf/assets/{param},h.deleteCarafAsset,kernel,key.agility.write,caraf_asset_deleted,caraf_asset,services/keycore/handler_caraf.go,28,keycore|DELETE|/agility/caraf/assets/{param}
keycore,PUT,/agility/caraf/assets/{id}/decision,/agility/caraf/assets/{param}/decision,h.setCarafDecision,kernel,key.agility.write,caraf_decision_recorded,caraf_asset,services/keycore/handler_caraf.go,29,keycore|PUT|/agility/caraf/assets/{param}/decision
keycore,POST,/keys,/keys,legacy(h.handleCreateKey),kernel,key.create,create_requested,key,services/keycore/handler_key_admin.go,26,keycore|POST|/keys
keycore,POST,/keys/import,/keys/import,legacy(h.handleImportKey),kernel,key.import,import_requested,key,services/keycore/handler_key_admin.go,27,keycore|POST|/keys/import
keycore,POST,/keys/form,/keys/form,legacy(h.handleFormKey),kernel,key.form,form_requested,key,services/keycore/handler_key_admin.go,28,keycore|POST|/keys/form
keycore,POST,/keys/bulk-import,/keys/bulk-import,legacy(h.handleBulkImport),kernel,key.import,bulk_import_requested,key,services/keycore/handler_key_admin.go,29,keycore|POST|/keys/bulk-import
keycore,POST,/keys/bulk-rotate,/keys/bulk-rotate,legacy(h.handleBulkRotate),kernel,key.rotate,bulk_rotate_requested,key,services/keycore/handler_key_admin.go,30,keycore|POST|/keys/bulk-rotate
keycore,POST,/keys/bulk-delete,/keys/bulk-delete,legacy(h.handleBulkDelete),kernel,key.destroy,bulk_delete_requested,key,services/keycore/handler_key_admin.go,31,keycore|POST|/keys/bulk-delete
keycore,PUT,/keys/{id},/keys/{param},legacy(h.handleUpdateKey),kernel,key.update,update_requested,key,services/keycore/handler_key_admin.go,32,keycore|PUT|/keys/{param}
keycore,POST,/keys/{id}/rotate,/keys/{param}/rotate,legacy(h.handleRotateKey),kernel,key.rotate,rotate_requested,key,services/keycore/handler_key_admin.go,33,keycore|POST|/keys/{param}/rotate
keycore,POST,/keys/{id}/activate,/keys/{param}/activate,legacy(h.handleActivateKey),kernel,key.activate,activate_requested,key,services/keycore/handler_key_admin.go,34,keycore|POST|/keys/{param}/activate
keycore,POST,/keys/{id}/deactivate,/keys/{param}/deactivate,legacy(h.handleDeactivateKey),kernel,key.deactivate,deactivate_requested,key,services/keycore/handler_key_admin.go,35,keycore|POST|/keys/{param}/deactivate
keycore,POST,/keys/{id}/disable,/keys/{param}/disable,legacy(h.handleDisableKey),kernel,key.disable,disable_requested,key,services/keycore/handler_key_admin.go,36,keycore|POST|/keys/{param}/disable
keycore,POST,/keys/{id}/destroy,/keys/{param}/destroy,legacy(h.handleDestroyKey),kernel,key.destroy,destroy_requested,key,services/keycore/handler_key_admin.go,37,keycore|POST|/keys/{param}/destroy
keycore,PUT,/keys/{id}/export-policy,/keys/{param}/export-policy,legacy(h.handleSetExportPolicy),kernel,key.export_policy_update,export_policy_update_requested,key,services/keycore/handler_key_admin.go,38,keycore|PUT|/keys/{param}/export-policy
keycore,POST,/keys/{id}/versions/{ver}/activate,/keys/{param}/versions/{param}/activate,legacy(h.handleActivateVersion),kernel,key.activate,version_activate_requested,key,services/keycore/handler_key_admin.go,39,keycore|POST|/keys/{param}/versions/{param}/activate
keycore,POST,/keys/{id}/versions/{ver}/deactivate,/keys/{param}/versions/{param}/deactivate,legacy(h.handleDeactivateVersion),kernel,key.deactivate,version_deactivate_requested,key,services/keycore/handler_key_admin.go,40,keycore|POST|/keys/{param}/versions/{param}/deactivate
keycore,DELETE,/keys/{id}/versions/{ver},/keys/{param}/versions/{param},legacy(h.handleDeleteVersion),kernel,key.destroy,version_delete_requested,key,services/keycore/handler_key_admin.go,41,keycore|DELETE|/keys/{param}/versions/{param}
keycore,PUT,/keys/{id}/usage/limit,/keys/{param}/usage/limit,legacy(h.handleSetUsageLimit),kernel,key.usage_limit_update,usage_limit_update_requested,key,services/keycore/handler_key_admin.go,42,keycore|PUT|/keys/{param}/usage/limit
keycore,POST,/keys/{id}/usage/reset,/keys/{param}/usage/reset,legacy(h.handleResetUsage),kernel,key.usage_limit_update,usage_reset_requested,key,services/keycore/handler_key_admin.go,43,keycore|POST|/keys/{param}/usage/reset
keycore,PUT,/keys/{id}/approval,/keys/{param}/approval,legacy(h.handleSetApproval),kernel,key.approval_update,approval_update_requested,key,services/keycore/handler_key_admin.go,44,keycore|PUT|/keys/{param}/approval
keycore,PUT,/keys/{id}/iv-mode,/keys/{param}/iv-mode,legacy(h.handleSetIVMode),kernel,key.update,iv_mode_update_requested,key,services/keycore/handler_key_admin.go,45,keycore|PUT|/keys/{param}/iv-mode
keycore,POST,/tags,/tags,legacy(h.handleUpsertTag),kernel,key.tags.write,tag_upsert_requested,key,services/keycore/handler_key_admin.go,46,keycore|POST|/tags
keycore,DELETE,/tags/{name},/tags/{param},legacy(h.handleDeleteTag),kernel,key.tags.write,tag_delete_requested,key,services/keycore/handler_key_admin.go,47,keycore|DELETE|/tags/{param}
keycore,GET,/ceremony/guardians,/ceremony/guardians,legacy(h.handleListGuardians),kernel,key.ceremony.read,ceremony_guardians_listed,key,services/keycore/handler_key_ops.go,21,keycore|GET|/ceremony/guardians
keycore,POST,/ceremony/guardians,/ceremony/guardians,legacy(h.handleCreateGuardian),kernel,key.ceremony.write,ceremony_guardian_created,key,services/keycore/handler_key_ops.go,22,keycore|POST|/ceremony/guardians
keycore,DELETE,/ceremony/guardians/{id},/ceremony/guardians/{param},legacy(h.handleDeleteGuardian),kernel,key.ceremony.write,ceremony_guardian_deleted,key,services/keycore/handler_key_ops.go,23,keycore|DELETE|/ceremony/guardians/{param}
keycore,GET,/ceremony,/ceremony,legacy(h.handleListCeremonies),kernel,key.ceremony.read,ceremonies_listed,key,services/keycore/handler_key_ops.go,24,keycore|GET|/ceremony
keycore,GET,/ceremony/{id},/ceremony/{param},legacy(h.handleGetCeremony),kernel,key.ceremony.read,ceremony_read,key,services/keycore/handler_key_ops.go,25,keycore|GET|/ceremony/{param}
keycore,POST,/ceremony,/ceremony,legacy(h.handleCreateCeremony),kernel,key.ceremony.write,ceremony_created,key,services/keycore/handler_key_ops.go,26,keycore|POST|/ceremony
keycore,POST,/ceremony/{id}/shares,/ceremony/{param}/shares,legacy(h.handleSubmitShare),kernel,key.ceremony.share,ceremony_share_submitted,key,services/keycore/handler_key_ops.go,27,keycore|POST|/ceremony/{param}/shares
keycore,POST,/ceremony/{id}/complete,/ceremony/{param}/complete,legacy(h.handleCompleteCeremony),kernel,key.ceremony.write,ceremony_completed,key,services/keycore/handler_key_ops.go,28,keycore|POST|/ceremony/{param}/complete
keycore,POST,/ceremony/{id}/abort,/ceremony/{param}/abort,legacy(h.handleAbortCeremony),kernel,key.ceremony.write,ceremony_aborted,key,services/keycore/handler_key_ops.go,29,keycore|POST|/ceremony/{param}/abort
keycore,POST,/keys/{id}/usage/meter,/keys/{param}/usage/meter,legacy(h.handleMeterUsage),kernel,key.usage.meter,usage_meter_requested,key,services/keycore/handler_key_ops.go,30,keycore|POST|/keys/{param}/usage/meter
keycore,POST,/keys/{id}/rotation-metrics,/keys/{param}/rotation-metrics,legacy(h.visibleKeyRoute(h.handleRecordKeyRotationMetric)),kernel,key.rotation.write,rotation_metric_recorded,key,services/keycore/handler_key_ops.go,31,keycore|POST|/keys/{param}/rotation-metrics
keycore,POST,/keys/{id}/health/recalculate,/keys/{param}/health/recalculate,legacy(h.visibleKeyRoute(h.handleRecalculateKeyHealth)),kernel,key.health.write,health_recalculated,key,services/keycore/handler_key_ops.go,32,keycore|POST|/keys/{param}/health/recalculate
keycore,POST,/inventory/sync,/inventory/sync,legacy(h.handleSyncInventory),kernel,key.inventory.write,inventory_synced,key,services/keycore/handler_key_ops.go,33,keycore|POST|/inventory/sync
keycore,POST,/inventory/dependencies,/inventory/dependencies,legacy(h.handleUpsertKeyDependencyRecord),kernel,key.inventory.write,inventory_dependency_upserted,key,services/keycore/handler_key_ops.go,34,keycore|POST|/inventory/dependencies
keycore,POST,/compromise/events,/compromise/events,legacy(h.handleReportCompromiseEvent),kernel,key.compromise,compromise_reported,key,services/keycore/handler_key_ops.go,35,keycore|POST|/compromise/events
keycore,POST,/compromise/events/{id}/status,/compromise/events/{param}/status,legacy(h.handleUpdateCompromiseEventStatus),kernel,key.compromise,compromise_status_updated,key,services/keycore/handler_key_ops.go,36,keycore|POST|/compromise/events/{param}/status
keycore,POST,/compromise/advisories/ingest,/compromise/advisories/ingest,legacy(h.handleIngestCompromiseAdvisories),kernel,key.compromise,compromise_advisories_ingested,key,services/keycore/handler_key_ops.go,37,keycore|POST|/compromise/advisories/ingest
keycore,POST,/analytics/metrics,/analytics/metrics,legacy(h.handleRecordKeyAnalyticsMetric),kernel,key.analytics.write,analytics_metric_recorded,key,services/keycore/handler_key_ops.go,38,keycore|POST|/analytics/metrics
keycore,GET,/enterprise/controls,/enterprise/controls,legacy(h.handleListEnterpriseControls),kernel,key.enterprise.read,enterprise_controls_listed,key,services/keycore/handler_key_ops.go,39,keycore|GET|/enterprise/controls
keycore,GET,/enterprise/controls/{category}/{id},/enterprise/controls/{param}/{param},legacy(h.handleGetEnterpriseControl),kernel,key.enterprise.read,enterprise_control_read,key,services/keycore/handler_key_ops.go,40,keycore|GET|/enterprise/controls/{param}/{param}
keycore,POST,/enterprise/controls,/enterprise/controls,legacy(h.handleUpsertEnterpriseControl),kernel,key.enterprise.write,enterprise_control_upserted,key,services/keycore/handler_key_ops.go,41,keycore|POST|/enterprise/controls
keycore,POST,/enterprise/anomaly/scan,/enterprise/anomaly/scan,legacy(h.handleRunEnterpriseAnomalyScan),kernel,key.enterprise.write,enterprise_anomaly_scan,key,services/keycore/handler_key_ops.go,42,keycore|POST|/enterprise/anomaly/scan
keycore,POST,/enterprise/dspm/findings,/enterprise/dspm/findings,legacy(h.handleUpsertKeyDSPMFinding),kernel,key.enterprise.write,dspm_finding_upserted,key,services/keycore/handler_key_ops.go,43,keycore|POST|/enterprise/dspm/findings
keycore,POST,/enterprise/kdf/derive,/enterprise/kdf/derive,legacy(h.handleEnterpriseKDFDerive),kernel,key.enterprise.write,enterprise_kdf_derive,key,services/keycore/handler_key_ops.go,44,keycore|POST|/enterprise/kdf/derive
keycore,POST,/enterprise/verification/fingerprint,/enterprise/verification/fingerprint,legacy(h.handleVerifyKeyFingerprint),kernel,key.enterprise.write,fingerprint_verified,key,services/keycore/handler_key_ops.go,45,keycore|POST|/enterprise/verification/fingerprint
keycore,POST,/enterprise/advanced-encryption/search-token,/enterprise/advanced-encryption/search-token,legacy(h.handleCreateSearchableToken),kernel,key.enterprise.write,search_token_created,key,services/keycore/handler_key_ops.go,46,keycore|POST|/enterprise/advanced-encryption/search-token
keycore,POST,/enterprise/advanced-encryption/modes,/enterprise/advanced-encryption/modes,legacy(h.handleUpsertEnterpriseControlCategory(controlCategoryAdvancedEncryption)),kernel,key.enterprise.write,enterprise_advanced_encryption_upserted,key,services/keycore/handler_key_ops.go,47,keycore|POST|/enterprise/advanced-encryption/modes
keycore,POST,/enterprise/orchestration/workflows,/enterprise/orchestration/workflows,legacy(h.handleUpsertEnterpriseControlCategory(controlCategoryOrchestrationWorkflow)),kernel,key.enterprise.write,enterprise_orchestration_workflow_upserted,key,services/keycore/handler_key_ops.go,48,keycore|POST|/enterprise/orchestration/workflows
keycore,POST,/enterprise/federation/providers,/enterprise/federation/providers,legacy(h.handleUpsertEnterpriseControlCategory(controlCategoryFederationProvider)),kernel,key.enterprise.write,enterprise_federation_provider_upserted,key,services/keycore/handler_key_ops.go,49,keycore|POST|/enterprise/federation/providers
keycore,POST,/enterprise/federation/mappings,/enterprise/federation/mappings,legacy(h.handleUpsertEnterpriseControlCategory(controlCategoryFederationMapping)),kernel,key.enterprise.write,enterprise_federation_mapping_upserted,key,services/keycore/handler_key_ops.go,50,keycore|POST|/enterprise/federation/mappings
keycore,POST,/enterprise/federation/failovers,/enterprise/federation/failovers,legacy(h.handleUpsertEnterpriseControlCategory(controlCategoryFederationFailover)),kernel,key.enterprise.write,enterprise_federation_failover_upserted,key,services/keycore/handler_key_ops.go,51,keycore|POST|/enterprise/federation/failovers
keycore,POST,/enterprise/binding/policies,/enterprise/binding/policies,legacy(h.handleUpsertEnterpriseControlCategory(controlCategoryBindingPolicy)),kernel,key.enterprise.write,enterprise_binding_policy_upserted,key,services/keycore/handler_key_ops.go,52,keycore|POST|/enterprise/binding/policies
keycore,POST,/enterprise/edge/agents,/enterprise/edge/agents,legacy(h.handleUpsertEnterpriseControlCategory(controlCategoryEdgeAgent)),kernel,key.enterprise.write,enterprise_edge_agent_upserted,key,services/keycore/handler_key_ops.go,53,keycore|POST|/enterprise/edge/agents
keycore,POST,/enterprise/edge/leases,/enterprise/edge/leases,legacy(h.handleUpsertEnterpriseControlCategory(controlCategoryEdgeLease)),kernel,key.enterprise.write,enterprise_edge_lease_upserted,key,services/keycore/handler_key_ops.go,54,keycore|POST|/enterprise/edge/leases
keycore,POST,/enterprise/edge/receipts,/enterprise/edge/receipts,legacy(h.handleUpsertEnterpriseControlCategory(controlCategoryEdgeReceipt)),kernel,key.enterprise.write,enterprise_edge_receipt_upserted,key,services/keycore/handler_key_ops.go,55,keycore|POST|/enterprise/edge/receipts
keycore,POST,/enterprise/sharing/grants,/enterprise/sharing/grants,legacy(h.handleUpsertEnterpriseControlCategory(controlCategorySharingGrant)),kernel,key.enterprise.write,enterprise_sharing_grant_upserted,key,services/keycore/handler_key_ops.go,56,keycore|POST|/enterprise/sharing/grants
keycore,POST,/enterprise/metadata/profiles,/enterprise/metadata/profiles,legacy(h.handleUpsertEnterpriseControlCategory(controlCategoryMetadataProfile)),kernel,key.enterprise.write,enterprise_metadata_profile_upserted,key,services/keycore/handler_key_ops.go,57,keycore|POST|/enterprise/metadata/profiles
keycore,POST,/enterprise/threat/signals,/enterprise/threat/signals,legacy(h.handleUpsertEnterpriseControlCategory(controlCategoryThreatSignal)),kernel,key.enterprise.write,enterprise_threat_signal_upserted,key,services/keycore/handler_key_ops.go,58,keycore|POST|/enterprise/threat/signals
keycore,POST,/enterprise/orchestration/runs,/enterprise/orchestration/runs,legacy(h.handleTriggerOrchestrationRun),kernel,key.rotate,orchestration_run_requested,key,services/keycore/handler_key_ops.go,60,keycore|POST|/enterprise/orchestration/runs
keycore,GET,/scheduling/jobs,/scheduling/jobs,legacy(h.handleListSchedulingJobs),kernel,key.scheduling.read,scheduling_jobs_listed,key,services/keycore/handler_key_ops.go,61,keycore|GET|/scheduling/jobs
keycore,POST,/scheduling/jobs,/scheduling/jobs,legacy(h.handleCreateSchedulingJob),kernel,key.scheduling.write,scheduling_job_created,key,services/keycore/handler_key_ops.go,62,keycore|POST|/scheduling/jobs
keycore,PATCH,/scheduling/jobs/{id},/scheduling/jobs/{param},legacy(h.handleUpdateSchedulingJob),kernel,key.scheduling.write,scheduling_job_updated,key,services/keycore/handler_key_ops.go,63,keycore|PATCH|/scheduling/jobs/{param}
keycore,DELETE,/scheduling/jobs/{id},/scheduling/jobs/{param},legacy(h.handleDeleteSchedulingJob),kernel,key.scheduling.write,scheduling_job_deleted,key,services/keycore/handler_key_ops.go,64,keycore|DELETE|/scheduling/jobs/{param}
keycore,POST,/keys/{id}/attest,/keys/{param}/attest,legacy(h.visibleKeyRoute(h.handleAttestKey)),kernel,key.attest,attest_requested,key,services/keycore/handler_key_ops.go,65,keycore|POST|/keys/{param}/attest
keycore,POST,/keys/{id}/verify-material,/keys/{param}/verify-material,legacy(h.visibleKeyRoute(h.handleVerifyKeyMaterial)),kernel,key.integrity.verify,verify_material_requested,key,services/keycore/handler_key_ops.go,66,keycore|POST|/keys/{param}/verify-material
keycore,POST,/keys/{id}/destruction-check,/keys/{param}/destruction-check,h.handleDestructionCheck,kernel,key.integrity.verify,destruction_checked,key,services/keycore/handler_key_ops.go,67,keycore|POST|/keys/{param}/destruction-check
keycore,POST,/fips/self-test,/fips/self-test,legacy(h.handleFIPSSelfTest),kernel,key.fips.selftest,fips_self_test_requested,key,services/keycore/handler_key_ops.go,68,keycore|POST|/fips/self-test
keycore,GET,/rotation/policies,/rotation/policies,h.listRotationPolicies,kernel,key.rotation.read,rotation_policies_listed,rotation_policy,services/keycore/handler_rotation.go,17,keycore|GET|/rotation/policies
keycore,POST,/rotation/policies,/rotation/policies,h.createRotationPolicy,kernel,key.rotation.write,rotation_policy_created,rotation_policy,services/keycore/handler_rotation.go,18,keycore|POST|/rotation/policies
keycore,PATCH,/rotation/policies/{id},/rotation/policies/{param},h.updateRotationPolicy,kernel,key.rotation.write,rotation_policy_updated,rotation_policy,services/keycore/handler_rotation.go,19,keycore|PATCH|/rotation/policies/{param}
keycore,DELETE,/rotation/policies/{id},/rotation/policies/{param},h.deleteRotationPolicy,kernel,key.rotation.write,rotation_policy_deleted,rotation_policy,services/keycore/handler_rotation.go,20,keycore|DELETE|/rotation/policies/{param}
keycore,POST,/rotation/policies/{id}/trigger,/rotation/policies/{param}/trigger,h.triggerRotationPolicy,kernel,key.rotation.write,rotation_policy_triggered,rotation_policy,services/keycore/handler_rotation.go,21,keycore|POST|/rotation/policies/{param}/trigger
keycore,GET,/rotation/runs,/rotation/runs,h.listRotationRuns,kernel,key.rotation.read,rotation_runs_listed,rotation_policy,services/keycore/handler_rotation.go,22,keycore|GET|/rotation/runs
keycore,GET,/rotation/cryptoperiods,/rotation/cryptoperiods,h.listCryptoperiods,kernel,key.rotation.read,cryptoperiods_listed,cryptoperiod,services/keycore/handler_rotation.go,23,keycore|GET|/rotation/cryptoperiods
keycore,PUT,/rotation/cryptoperiods/{category},/rotation/cryptoperiods/{param},h.setCryptoperiod,kernel,key.rotation.write,cryptoperiod_set,cryptoperiod,services/keycore/handler_rotation.go,24,keycore|PUT|/rotation/cryptoperiods/{param}
keycore,DELETE,/rotation/cryptoperiods/{category},/rotation/cryptoperiods/{param},h.resetCryptoperiod,kernel,key.rotation.write,cryptoperiod_reset,cryptoperiod,services/keycore/handler_rotation.go,25,keycore|DELETE|/rotation/cryptoperiods/{param}
keycore,GET,/rotation/upcoming,/rotation/upcoming,h.listUpcomingRotations,kernel,key.rotation.read,rotation_upcoming_listed,rotation_policy,services/keycore/handler_rotation.go,26,keycore|GET|/rotation/upcoming
keycore,GET,/hsm/settings,/hsm/settings,h.getHSM,kernel,key.hsm.read,hsm_status_read,hsm,services/keycore/hsm.go,558,keycore|GET|/hsm/settings
keycore,PUT,/hsm/settings,/hsm/settings,h.putHSM,kernel,key.hsm.write,hsm_settings_update,hsm,services/keycore/hsm.go,559,keycore|PUT|/hsm/settings
keycore,GET,/hsm/objects,/hsm/objects,h.listHSMObjects,kernel,key.hsm.read,hsm_objects_listed,hsm,services/keycore/hsm.go,560,keycore|GET|/hsm/objects
keycore,GET,/keys/{id}/hsm,/keys/{param}/hsm,h.inspectHSMKey,kernel,key.hsm.read,hsm_key_inspected,key,services/keycore/hsm.go,561,keycore|GET|/keys/{param}/hsm
keycore,GET,/keys/{id}/consumers,/keys/{param}/consumers,h.getKeyConsumers,kernel,key.usage.read,key_consumers_read,key,services/keycore/key_consumers.go,151,keycore|GET|/keys/{param}/consumers
keycore,GET,/inventory/keys,/inventory/keys,legacy(h.handleListInventory),kernel,key.inventory.read,inventory_keys_read,key_inventory,services/keycore/key_visibility.go,179,keycore|GET|/inventory/keys
keycore,GET,/inventory/orphans,/inventory/orphans,legacy(h.handleListOrphanedInventory),kernel,key.inventory.read,inventory_orphans_read,key_inventory,services/keycore/key_visibility.go,180,keycore|GET|/inventory/orphans
keycore,GET,/inventory/duplicates,/inventory/duplicates,legacy(h.handleListDuplicateKeys),kernel,key.inventory.read,inventory_duplicates_read,key_inventory,services/keycore/key_visibility.go,181,keycore|GET|/inventory/duplicates
keycore,GET,/inventory/dependencies,/inventory/dependencies,legacy(h.handleListKeyDependencies),kernel,key.inventory.read,inventory_dependencies_read,key_inventory,services/keycore/key_visibility.go,182,keycore|GET|/inventory/dependencies
keycore,GET,/rotation/analytics,/rotation/analytics,legacy(h.handleGetRotationAnalytics),kernel,key.inventory.read,rotation_analytics_read,key_inventory,services/keycore/key_visibility.go,183,keycore|GET|/rotation/analytics
keycore,GET,/rotation/analytics/overdue,/rotation/analytics/overdue,legacy(h.handleListOverdueRotationMetrics),kernel,key.inventory.read,rotation_overdue_read,key_inventory,services/keycore/key_visibility.go,184,keycore|GET|/rotation/analytics/overdue
keycore,GET,/enterprise/summary,/enterprise/summary,legacy(h.handleGetEnterpriseAuditSummary),kernel,key.inventory.read,enterprise_summary_read,key_inventory,services/keycore/key_visibility.go,185,keycore|GET|/enterprise/summary
keycore,GET,/health/summary,/health/summary,legacy(h.handleGetHealthSummary),kernel,key.inventory.read,health_summary_read,key_inventory,services/keycore/key_visibility.go,186,keycore|GET|/health/summary
keycore,GET,/compromise/events,/compromise/events,legacy(h.handleListCompromiseEvents),kernel,key.inventory.read,compromise_events_read,key_inventory,services/keycore/key_visibility.go,187,keycore|GET|/compromise/events
keycore,GET,/analytics/usage,/analytics/usage,legacy(h.handleGetKeyUsageMetrics),kernel,key.inventory.read,analytics_usage_read,key_inventory,services/keycore/key_visibility.go,188,keycore|GET|/analytics/usage
keycore,GET,/analytics/hotspots,/analytics/hotspots,legacy(h.handleListKeyHotspots),kernel,key.inventory.read,analytics_hotspots_read,key_inventory,services/keycore/key_visibility.go,189,keycore|GET|/analytics/hotspots
keycore,GET,/analytics/trends,/analytics/trends,legacy(h.handleGetKeyTrend),kernel,key.inventory.read,analytics_trends_read,key_inventory,services/keycore/key_visibility.go,190,keycore|GET|/analytics/trends
keycore,GET,/enterprise/dspm/findings,/enterprise/dspm/findings,legacy(h.handleListKeyDSPMFindings),kernel,key.inventory.read,dspm_findings_read,key_inventory,services/keycore/key_visibility.go,191,keycore|GET|/enterprise/dspm/findings
keycore,GET,/enterprise/dspm/events,/enterprise/dspm/events,legacy(h.handleExportKeyDSPMEvents),kernel,key.inventory.read,dspm_events_read,key_inventory,services/keycore/key_visibility.go,192,keycore|GET|/enterprise/dspm/events
keycore,GET,/enterprise/compliance/dashboard,/enterprise/compliance/dashboard,legacy(h.handleEnterpriseComplianceDashboard),kernel,key.inventory.read,compliance_dashboard_read,key_inventory,services/keycore/key_visibility.go,193,keycore|GET|/enterprise/compliance/dashboard
keycore,GET,/enterprise/cost/optimization,/enterprise/cost/optimization,legacy(h.handleEnterpriseCostOptimization),kernel,key.inventory.read,cost_optimization_read,key_inventory,services/keycore/key_visibility.go,194,keycore|GET|/enterprise/cost/optimization
keycore,GET,/keys/{id}/public-key,/keys/{param}/public-key,h.getPublicKey,kernel,authenticated,public_key_read,key,services/keycore/public_key.go,38,keycore|GET|/keys/{param}/public-key
keycore,POST,/system-keys/ensure,/system-keys/ensure,h.ensureSystemKey,kernel,key.system.ensure,system_key_ensure,key,services/keycore/system_keys.go,149,keycore|POST|/system-keys/ensure
kmip,GET,/kmip/capabilities,/kmip/capabilities,h.handleCapabilities,mux,,,,services/kmip/http_api.go,25,kmip|GET|/kmip/capabilities
kmip,GET,/kmip/profiles,/kmip/profiles,h.handleListClientProfiles,mux,,,,services/kmip/http_api.go,26,kmip|GET|/kmip/profiles
kmip,POST,/kmip/profiles,/kmip/profiles,h.handleCreateClientProfile,mux,,,,services/kmip/http_api.go,27,kmip|POST|/kmip/profiles
kmip,DELETE,/kmip/profiles/{id},/kmip/profiles/{param},h.handleDeleteClientProfile,mux,,,,services/kmip/http_api.go,28,kmip|DELETE|/kmip/profiles/{param}
kmip,GET,/kmip/clients,/kmip/clients,h.handleListClients,mux,,,,services/kmip/http_api.go,29,kmip|GET|/kmip/clients
kmip,GET,/kmip/clients/{id},/kmip/clients/{param},h.handleGetClient,mux,,,,services/kmip/http_api.go,30,kmip|GET|/kmip/clients/{param}
kmip,POST,/kmip/clients,/kmip/clients,h.handleCreateClient,mux,,,,services/kmip/http_api.go,31,kmip|POST|/kmip/clients
kmip,DELETE,/kmip/clients/{id},/kmip/clients/{param},h.handleDeleteClient,mux,,,,services/kmip/http_api.go,32,kmip|DELETE|/kmip/clients/{param}
kmip,GET,/kmip/interop/targets,/kmip/interop/targets,h.handleListInteropTargets,mux,,,,services/kmip/http_api.go,33,kmip|GET|/kmip/interop/targets
kmip,POST,/kmip/interop/targets,/kmip/interop/targets,h.handleCreateInteropTarget,mux,,,,services/kmip/http_api.go,34,kmip|POST|/kmip/interop/targets
kmip,DELETE,/kmip/interop/targets/{id},/kmip/interop/targets/{param},h.handleDeleteInteropTarget,mux,,,,services/kmip/http_api.go,35,kmip|DELETE|/kmip/interop/targets/{param}
kmip,POST,/kmip/interop/targets/{id}/validate,/kmip/interop/targets/{param}/validate,h.handleValidateInteropTarget,mux,,,,services/kmip/http_api.go,36,kmip|POST|/kmip/interop/targets/{param}/validate
payment,POST,/payment/keys,/payment/keys,h.handleRegisterPaymentKey,mux,,,,services/payment/handler.go,29,payment|POST|/payment/keys
payment,GET,/payment/keys,/payment/keys,h.handleListPaymentKeys,mux,,,,services/payment/handler.go,30,payment|GET|/payment/keys
payment,GET,/payment/keys/{id},/payment/keys/{param},h.handleGetPaymentKey,mux,,,,services/payment/handler.go,31,payment|GET|/payment/keys/{param}
payment,PUT,/payment/keys/{id},/payment/keys/{param},h.handleUpdatePaymentKey,mux,,,,services/payment/handler.go,32,payment|PUT|/payment/keys/{param}
payment,POST,/payment/keys/{id}/rotate,/payment/keys/{param}/rotate,h.handleRotatePaymentKey,mux,,,,services/payment/handler.go,33,payment|POST|/payment/keys/{param}/rotate
payment,GET,/payment/policy,/payment/policy,h.handleGetPaymentPolicy,mux,,,,services/payment/handler.go,34,payment|GET|/payment/policy
payment,PUT,/payment/policy,/payment/policy,h.handleSetPaymentPolicy,mux,,,,services/payment/handler.go,35,payment|PUT|/payment/policy
payment,GET,/payment/ap2/profile,/payment/ap2/profile,h.handleGetPaymentAP2Profile,mux,,,,services/payment/handler.go,36,payment|GET|/payment/ap2/profile
payment,PUT,/payment/ap2/profile,/payment/ap2/profile,h.handleSetPaymentAP2Profile,mux,,,,services/payment/handler.go,37,payment|PUT|/payment/ap2/profile
payment,POST,/payment/ap2/evaluate,/payment/ap2/evaluate,h.handleEvaluatePaymentAP2,mux,,,,services/payment/handler.go,38,payment|POST|/payment/ap2/evaluate
payment,GET,/payment/crypto/operations,/payment/crypto/operations,h.handleListPaymentCryptoOperations,mux,,,,services/payment/handler.go,39,payment|GET|/payment/crypto/operations
payment,POST,/payment/crypto,/payment/crypto,h.handlePaymentCryptoDispatch,mux,,,,services/payment/handler.go,40,payment|POST|/payment/crypto
payment,POST,/payment/tr31/create,/payment/tr31/create,h.handleTR31Create,mux,,,,services/payment/handler.go,42,payment|POST|/payment/tr31/create
payment,POST,/payment/tr31/parse,/payment/tr31/parse,h.handleTR31Parse,mux,,,,services/payment/handler.go,43,payment|POST|/payment/tr31/parse
payment,POST,/payment/tr31/translate,/payment/tr31/translate,h.handleTR31Translate,mux,,,,services/payment/handler.go,44,payment|POST|/payment/tr31/translate
payment,POST,/payment/tr31/validate,/payment/tr31/validate,h.handleTR31Validate,mux,,,,services/payment/handler.go,45,payment|POST|/payment/tr31/validate
payment,GET,/payment/tr31/key-usages,/payment/tr31/key-usages,h.handleTR31KeyUsages,mux,,,,services/payment/handler.go,46,payment|GET|/payment/tr31/key-usages
payment,POST,/payment/pin/translate,/payment/pin/translate,h.handlePINTranslate,mux,,,,services/payment/handler.go,48,payment|POST|/payment/pin/translate
payment,POST,/payment/pin/pvv/generate,/payment/pin/pvv/generate,h.handlePVVGenerate,mux,,,,services/payment/handler.go,49,payment|POST|/payment/pin/pvv/generate
payment,POST,/payment/pin/pvv/verify,/payment/pin/pvv/verify,h.handlePVVVerify,mux,,,,services/payment/handler.go,50,payment|POST|/payment/pin/pvv/verify
payment,POST,/payment/pin/offset/generate,/payment/pin/offset/generate,h.handleOffsetGenerate,mux,,,,services/payment/handler.go,51,payment|POST|/payment/pin/offset/generate
payment,POST,/payment/pin/offset/verify,/payment/pin/offset/verify,h.handleOffsetVerify,mux,,,,services/payment/handler.go,52,payment|POST|/payment/pin/offset/verify
payment,POST,/payment/pin/cvv/compute,/payment/pin/cvv/compute,h.handleCVVCompute,mux,,,,services/payment/handler.go,53,payment|POST|/payment/pin/cvv/compute
payment,POST,/payment/pin/cvv/verify,/payment/pin/cvv/verify,h.handleCVVVerify,mux,,,,services/payment/handler.go,54,payment|POST|/payment/pin/cvv/verify
payment,POST,/payment/mac/retail,/payment/mac/retail,h.handleMACRetail,mux,,,,services/payment/handler.go,56,payment|POST|/payment/mac/retail
payment,POST,/payment/mac/iso9797,/payment/mac/iso9797,h.handleMACISO9797,mux,,,,services/payment/handler.go,57,payment|POST|/payment/mac/iso9797
payment,POST,/payment/mac/cmac,/payment/mac/cmac,h.handleMACCMAC,mux,,,,services/payment/handler.go,58,payment|POST|/payment/mac/cmac
payment,POST,/payment/mac/verify,/payment/mac/verify,h.handleMACVerify,mux,,,,services/payment/handler.go,59,payment|POST|/payment/mac/verify
payment,POST,/payment/iso20022/sign,/payment/iso20022/sign,h.handleISO20022Sign,mux,,,,services/payment/handler.go,61,payment|POST|/payment/iso20022/sign
payment,POST,/payment/iso20022/verify,/payment/iso20022/verify,h.handleISO20022Verify,mux,,,,services/payment/handler.go,62,payment|POST|/payment/iso20022/verify
payment,POST,/payment/iso20022/encrypt,/payment/iso20022/encrypt,h.handleISO20022Encrypt,mux,,,,services/payment/handler.go,63,payment|POST|/payment/iso20022/encrypt
payment,POST,/payment/iso20022/decrypt,/payment/iso20022/decrypt,h.handleISO20022Decrypt,mux,,,,services/payment/handler.go,64,payment|POST|/payment/iso20022/decrypt
payment,POST,/payment/iso20022/lau/generate,/payment/iso20022/lau/generate,h.handleLAUGenerate,mux,,,,services/payment/handler.go,65,payment|POST|/payment/iso20022/lau/generate
payment,POST,/payment/iso20022/lau/verify,/payment/iso20022/lau/verify,h.handleLAUVerify,mux,,,,services/payment/handler.go,66,payment|POST|/payment/iso20022/lau/verify
payment,POST,/payment/injection/terminals,/payment/injection/terminals,h.handleRegisterInjectionTerminal,mux,,,,services/payment/handler.go,68,payment|POST|/payment/injection/terminals
payment,GET,/payment/injection/terminals,/payment/injection/terminals,h.handleListInjectionTerminals,mux,,,,services/payment/handler.go,69,payment|GET|/payment/injection/terminals
payment,POST,/payment/injection/terminals/{id}/challenge,/payment/injection/terminals/{param}/challenge,h.handleIssueInjectionChallenge,mux,,,,services/payment/handler.go,70,payment|POST|/payment/injection/terminals/{param}/challenge
payment,POST,/payment/injection/terminals/{id}/verify,/payment/injection/terminals/{param}/verify,h.handleVerifyInjectionChallenge,mux,,,,services/payment/handler.go,71,payment|POST|/payment/injection/terminals/{param}/verify
payment,POST,/payment/injection/jobs,/payment/injection/jobs,h.handleCreateInjectionJob,mux,,,,services/payment/handler.go,72,payment|POST|/payment/injection/jobs
payment,GET,/payment/injection/jobs,/payment/injection/jobs,h.handleListInjectionJobs,mux,,,,services/payment/handler.go,73,payment|GET|/payment/injection/jobs
payment,GET,/payment/injection/terminals/{id}/jobs/next,/payment/injection/terminals/{param}/jobs/next,h.handlePullNextInjectionJob,mux,,,,services/payment/handler.go,74,payment|GET|/payment/injection/terminals/{param}/jobs/next
payment,POST,/payment/injection/jobs/{id}/ack,/payment/injection/jobs/{param}/ack,h.handleAckInjectionJob,mux,,,,services/payment/handler.go,75,payment|POST|/payment/injection/jobs/{param}/ack
policy,POST,/policies,/policies,h.handleCreatePolicy,mux,,,,services/policy/handler.go,30,policy|POST|/policies
policy,GET,/policies,/policies,h.handleListPolicies,mux,,,,services/policy/handler.go,31,policy|GET|/policies
policy,GET,/policies/{id},/policies/{param},h.handleGetPolicy,mux,,,,services/policy/handler.go,32,policy|GET|/policies/{param}
policy,PUT,/policies/{id},/policies/{param},h.handleUpdatePolicy,mux,,,,services/policy/handler.go,33,policy|PUT|/policies/{param}
policy,DELETE,/policies/{id},/policies/{param},h.handleDeletePolicy,mux,,,,services/policy/handler.go,34,policy|DELETE|/policies/{param}
policy,GET,/policies/{id}/versions,/policies/{param}/versions,h.handleListVersions,mux,,,,services/policy/handler.go,35,policy|GET|/policies/{param}/versions
policy,GET,/policies/{id}/versions/{version},/policies/{param}/versions/{param},h.handleGetVersion,mux,,,,services/policy/handler.go,36,policy|GET|/policies/{param}/versions/{param}
policy,POST,/policy/evaluate,/policy/evaluate,h.handleEvaluate,mux,,,,services/policy/handler.go,37,policy|POST|/policy/evaluate
policy,POST,/policies/lint,/policies/lint,h.handleLintPolicy,mux,,,,services/policy/handler.go,38,policy|POST|/policies/lint
policy,POST,/policies/dry-run,/policies/dry-run,h.handleDryRunPolicy,mux,,,,services/policy/handler.go,39,policy|POST|/policies/dry-run
policy,GET,/policy/quota/{tenant_id},/policy/quota/{param},h.handleGetQuota,mux,,,,services/policy/handler.go,40,policy|GET|/policy/quota/{param}
policy,PUT,/policy/quota/{tenant_id},/policy/quota/{param},h.handleSetQuota,mux,,,,services/policy/handler.go,41,policy|PUT|/policy/quota/{param}
posture,GET,/posture/health,/posture/health,h.handleHealth,kernel,authenticated,health_read,,services/posture/handler.go,73,posture|GET|/posture/health
posture,POST,/posture/events,/posture/events,oneTenant(h.handleIngestEvent),kernel,posture.write,events_ingested,posture_event,services/posture/handler.go,74,posture|POST|/posture/events
posture,POST,/posture/events/batch,/posture/events/batch,oneTenant(h.handleIngestEventsBatch),kernel,posture.write,events_ingested,posture_event,services/posture/handler.go,75,posture|POST|/posture/events/batch
posture,POST,/posture/ingest/audit,/posture/ingest/audit,oneTenant(h.handleIngestFromAudit),kernel,posture.write,audit_synced,posture_event,services/posture/handler.go,76,posture|POST|/posture/ingest/audit
posture,POST,/posture/scan,/posture/scan,oneTenant(h.handleRunScan),kernel,posture.write,scan_run,posture_risk,services/posture/handler.go,77,posture|POST|/posture/scan
posture,GET,/posture/findings,/posture/findings,oneTenant(h.handleListFindings),kernel,posture.read,findings_listed,posture_finding,services/posture/handler.go,79,posture|GET|/posture/findings
posture,PUT,/posture/findings/{id}/status,/posture/findings/{param}/status,oneTenant(h.handleUpdateFindingStatus),kernel,posture.write,finding_status_updated,posture_finding,services/posture/handler.go,80,posture|PUT|/posture/findings/{param}/status
posture,GET,/posture/risk,/posture/risk,oneTenant(h.handleLatestRisk),kernel,posture.read,risk_read,posture_risk,services/posture/handler.go,82,posture|GET|/posture/risk
posture,GET,/posture/risk/history,/posture/risk/history,oneTenant(h.handleRiskHistory),kernel,posture.read,risk_history_read,posture_risk,services/posture/handler.go,83,posture|GET|/posture/risk/history
posture,GET,/posture/actions,/posture/actions,oneTenant(h.handleListActions),kernel,posture.read,actions_listed,posture_action,services/posture/handler.go,85,posture|GET|/posture/actions
posture,POST,/posture/actions/{id}/execute,/posture/actions/{param}/execute,oneTenant(h.handleExecuteAction),kernel,posture.action.execute,action_executed,posture_action,services/posture/handler.go,86,posture|POST|/posture/actions/{param}/execute
posture,GET,/posture/dashboard,/posture/dashboard,oneTenant(h.handleDashboard),kernel,posture.read,dashboard_viewed,posture_risk,services/posture/handler.go,88,posture|GET|/posture/dashboard
pqc,GET,/pqc/inventory,/pqc/inventory,h.getInventory,kernel,pqc.read,inventory_read,pqc_inventory,services/pqc/handler.go,44,pqc|GET|/pqc/inventory
pqc,POST,/pqc/scan,/pqc/scan,h.startScan,kernel,pqc.write,scan_requested,pqc_scan,services/pqc/handler.go,45,pqc|POST|/pqc/scan
pqc,GET,/pqc/scans,/pqc/scans,h.listScans,kernel,pqc.read,scans_listed,pqc_scan,services/pqc/handler.go,46,pqc|GET|/pqc/scans
pqc,GET,/pqc/scans/{id},/pqc/scans/{param},h.getScan,kernel,pqc.read,scan_read,pqc_scan,services/pqc/handler.go,47,pqc|GET|/pqc/scans/{param}
pqc,GET,/pqc/readiness,/pqc/readiness,h.getReadiness,kernel,pqc.read,readiness_read,pqc_scan,services/pqc/handler.go,48,pqc|GET|/pqc/readiness
pqc,GET,/pqc/migration/report,/pqc/migration/report,h.getMigrationReport,kernel,pqc.read,migration_report_read,pqc_plan,services/pqc/handler.go,50,pqc|GET|/pqc/migration/report
pqc,POST,/pqc/migration/plans,/pqc/migration/plans,h.createPlan,kernel,pqc.write,plan_create_requested,pqc_plan,services/pqc/handler.go,51,pqc|POST|/pqc/migration/plans
pqc,GET,/pqc/migration/plans,/pqc/migration/plans,h.listPlans,kernel,pqc.read,plans_listed,pqc_plan,services/pqc/handler.go,52,pqc|GET|/pqc/migration/plans
pqc,GET,/pqc/migration/plans/{id},/pqc/migration/plans/{param},h.getPlan,kernel,pqc.read,plan_read,pqc_plan,services/pqc/handler.go,53,pqc|GET|/pqc/migration/plans/{param}
pqc,POST,/pqc/migration/plans/{id}/execute,/pqc/migration/plans/{param}/execute,h.executePlan,kernel,pqc.write,plan_execute_requested,pqc_plan,services/pqc/handler.go,54,pqc|POST|/pqc/migration/plans/{param}/execute
pqc,POST,/pqc/migration/plans/{id}/rollback,/pqc/migration/plans/{param}/rollback,h.rollbackPlan,kernel,pqc.write,plan_rollback_requested,pqc_plan,services/pqc/handler.go,55,pqc|POST|/pqc/migration/plans/{param}/rollback
pqc,GET,/pqc/migration/plans/{id}/runs,/pqc/migration/plans/{param}/runs,h.listRuns,kernel,pqc.read,plan_runs_listed,pqc_plan,services/pqc/handler.go,56,pqc|GET|/pqc/migration/plans/{param}/runs
pqc,GET,/pqc/timeline,/pqc/timeline,h.timeline,kernel,pqc.read,timeline_read,pqc_plan,services/pqc/handler.go,58,pqc|GET|/pqc/timeline
pqc,GET,/pqc/cbom/export,/pqc/cbom/export,h.exportCBOM,kernel,pqc.read,cbom_exported,cbom,services/pqc/handler.go,59,pqc|GET|/pqc/cbom/export
reconciler,GET,/reconciler/status,/reconciler/status,<inline func>,kernel,health.read,status_read,reconciler,services/reconciler/handler.go,20,reconciler|GET|/reconciler/status
reporting,GET,/alerts,/alerts,h.alerts,kernel,reporting.read,alerts_listed,alert,services/reporting/handler.go,92,reporting|GET|/alerts
reporting,GET,/alerts/feed,/alerts/feed,h.alertsFeed,kernel,reporting.read,alerts_feed_streamed,alert,services/reporting/handler.go,93,reporting|GET|/alerts/feed
reporting,GET,/alerts/unread,/alerts/unread,h.alertsUnread,kernel,reporting.read,alerts_unread_counted,alert,services/reporting/handler.go,94,reporting|GET|/alerts/unread
reporting,GET,/alerts/{id},/alerts/{param},h.alert,kernel,reporting.read,alert_read,alert,services/reporting/handler.go,95,reporting|GET|/alerts/{param}
reporting,PUT,/alerts/{id}/{op},/alerts/{param}/{param},h.alertOperation,kernel,reporting.write,alert_updated,alert,services/reporting/handler.go,98,reporting|PUT|/alerts/{param}/{param}
reporting,POST,/alerts/bulk/acknowledge,/alerts/bulk/acknowledge,"h.bulkStatus(""acknowledged"")",kernel,reporting.write,alerts_bulk_acknowledged,alert,services/reporting/handler.go,99,reporting|POST|/alerts/bulk/acknowledge
reporting,POST,/alerts/bulk/resolve,/alerts/bulk/resolve,"h.bulkStatus(""resolved"")",kernel,reporting.write,alerts_bulk_resolved,alert,services/reporting/handler.go,100,reporting|POST|/alerts/bulk/resolve
reporting,GET,/incidents,/incidents,h.incidents,kernel,reporting.read,incidents_listed,incident,services/reporting/handler.go,102,reporting|GET|/incidents
reporting,GET,/incidents/{id},/incidents/{param},h.incident,kernel,reporting.read,incident_read,incident,services/reporting/handler.go,103,reporting|GET|/incidents/{param}
reporting,PUT,/incidents/{id}/status,/incidents/{param}/status,h.incidentStatus,kernel,reporting.write,incident_status_updated,incident,services/reporting/handler.go,104,reporting|PUT|/incidents/{param}/status
reporting,PUT,/incidents/{id}/assign,/incidents/{param}/assign,h.incidentAssign,kernel,reporting.write,incident_assigned,incident,services/reporting/handler.go,105,reporting|PUT|/incidents/{param}/assign
reporting,GET,/alerts/rules,/alerts/rules,h.listRules,kernel,reporting.read,rules_listed,alert_rule,services/reporting/handler.go,107,reporting|GET|/alerts/rules
reporting,POST,/alerts/rules,/alerts/rules,h.createRule,kernel,reporting.write,rule_created,alert_rule,services/reporting/handler.go,108,reporting|POST|/alerts/rules
reporting,PUT,/alerts/rules/{id},/alerts/rules/{param},h.updateRule,kernel,reporting.write,rule_updated,alert_rule,services/reporting/handler.go,109,reporting|PUT|/alerts/rules/{param}
reporting,POST,/alerts/rules/test,/alerts/rules/test,h.testRule,kernel,reporting.read,rule_tested,alert_rule,services/reporting/handler.go,110,reporting|POST|/alerts/rules/test
reporting,DELETE,/alerts/rules/{id},/alerts/rules/{param},h.deleteRule,kernel,reporting.delete,rule_deleted,alert_rule,services/reporting/handler.go,113,reporting|DELETE|/alerts/rules/{param}
reporting,GET,/alerts/severity-config,/alerts/severity-config,h.getSeverityConfig,kernel,reporting.read,severity_config_read,severity_config,services/reporting/handler.go,114,reporting|GET|/alerts/severity-config
reporting,PUT,/alerts/severity-config,/alerts/severity-config,h.updateSeverityConfig,kernel,reporting.write,severity_config_updated,severity_config,services/reporting/handler.go,115,reporting|PUT|/alerts/severity-config
reporting,GET,/alerts/channels,/alerts/channels,h.listChannels,kernel,reporting.read,channels_listed,alert_channel,services/reporting/handler.go,116,reporting|GET|/alerts/channels
reporting,PUT,/alerts/channels,/alerts/channels,h.updateChannels,kernel,reporting.write,channels_updated,alert_channel,services/reporting/handler.go,117,reporting|PUT|/alerts/channels
reporting,GET,/reports/templates,/reports/templates,h.reportTemplates,kernel,reporting.read,report_templates_listed,report_template,services/reporting/handler.go,120,reporting|GET|/reports/templates
reporting,POST,/reports/generate,/reports/generate,h.generateReport,kernel,reporting.write,report_requested,report_job,services/reporting/handler.go,121,reporting|POST|/reports/generate
reporting,GET,/reports/jobs,/reports/jobs,h.listReportJobs,kernel,reporting.read,report_jobs_listed,report_job,services/reporting/handler.go,122,reporting|GET|/reports/jobs
reporting,GET,/reports/jobs/{id},/reports/jobs/{param},h.reportJob,kernel,reporting.read,report_job_read,report_job,services/reporting/handler.go,123,reporting|GET|/reports/jobs/{param}
reporting,GET,/reports/jobs/{id}/download,/reports/jobs/{param}/download,h.reportDownload,kernel,reporting.read,report_downloaded,report_job,services/reporting/handler.go,124,reporting|GET|/reports/jobs/{param}/download
reporting,DELETE,/reports/jobs/{id},/reports/jobs/{param},h.deleteReportJob,kernel,reporting.delete,report_deleted,report_job,services/reporting/handler.go,127,reporting|DELETE|/reports/jobs/{param}
reporting,GET,/reports/scheduled,/reports/scheduled,h.listScheduledReports,kernel,reporting.read,scheduled_reports_listed,scheduled_report,services/reporting/handler.go,128,reporting|GET|/reports/scheduled
reporting,POST,/reports/scheduled,/reports/scheduled,h.createScheduledReport,kernel,reporting.write,report_scheduled,scheduled_report,services/reporting/handler.go,129,reporting|POST|/reports/scheduled
reporting,POST,/telemetry/errors,/telemetry/errors,h.captureErrorTelemetry,kernel,authenticated,error_telemetry_captured,error_telemetry,services/reporting/handler.go,131,reporting|POST|/telemetry/errors
reporting,GET,/telemetry/errors,/telemetry/errors,h.listErrorTelemetry,kernel,reporting.read,error_telemetry_listed,error_telemetry,services/reporting/handler.go,132,reporting|GET|/telemetry/errors
reporting,GET,/alerts/stats,/alerts/stats,h.alertStats,kernel,reporting.read,alert_stats_read,alert,services/reporting/handler.go,134,reporting|GET|/alerts/stats
reporting,GET,/alerts/stats/mttd,/alerts/stats/mttd,h.mttdStats,kernel,reporting.read,mttd_stats_viewed,alert,services/reporting/handler.go,135,reporting|GET|/alerts/stats/mttd
reporting,GET,/alerts/stats/mttr,/alerts/stats/mttr,h.mttrStats,kernel,reporting.read,mttr_stats_read,alert,services/reporting/handler.go,136,reporting|GET|/alerts/stats/mttr
reporting,GET,/alerts/stats/top-sources,/alerts/stats/top-sources,h.topSources,kernel,reporting.read,top_sources_read,alert,services/reporting/handler.go,137,reporting|GET|/alerts/stats/top-sources
sbom,POST,/sbom/generate,/sbom/generate,h.generateSBOM,kernel,sbom.write,sbom_generate_requested,sbom,services/sbom/handler.go,52,sbom|POST|/sbom/generate
sbom,GET,/sbom/latest,/sbom/latest,h.latestSBOM,kernel,sbom.read,sbom_latest_read,sbom,services/sbom/handler.go,53,sbom|GET|/sbom/latest
sbom,GET,/sbom/history,/sbom/history,h.sbomHistory,kernel,sbom.read,sbom_history_listed,sbom,services/sbom/handler.go,54,sbom|GET|/sbom/history
sbom,GET,/sbom/diff,/sbom/diff,h.sbomDiff,kernel,sbom.read,sbom_diff_read,sbom,services/sbom/handler.go,55,sbom|GET|/sbom/diff
sbom,GET,/sbom/{id}/export,/sbom/{param}/export,h.sbomExport,kernel,sbom.read,sbom_exported,sbom,services/sbom/handler.go,56,sbom|GET|/sbom/{param}/export
sbom,GET,/sbom/{id},/sbom/{param},h.sbomByID,kernel,sbom.read,sbom_read,sbom,services/sbom/handler.go,57,sbom|GET|/sbom/{param}
sbom,POST,/cbom/generate,/cbom/generate,h.generateCBOM,kernel,sbom.write,cbom_generate_requested,cbom,services/sbom/handler.go,62,sbom|POST|/cbom/generate
sbom,GET,/cbom/latest,/cbom/latest,h.latestCBOM,kernel,sbom.read,cbom_latest_read,cbom,services/sbom/handler.go,63,sbom|GET|/cbom/latest
sbom,GET,/cbom/history,/cbom/history,h.cbomHistory,kernel,sbom.read,cbom_history_listed,cbom,services/sbom/handler.go,64,sbom|GET|/cbom/history
sbom,GET,/cbom/summary,/cbom/summary,h.cbomSummary,kernel,sbom.read,cbom_summary_read,cbom,services/sbom/handler.go,65,sbom|GET|/cbom/summary
sbom,GET,/cbom/pqc-readiness,/cbom/pqc-readiness,h.cbomPQCReadiness,kernel,sbom.read,cbom_pqc_readiness_read,cbom,services/sbom/handler.go,66,sbom|GET|/cbom/pqc-readiness
sbom,GET,/cbom/diff,/cbom/diff,h.cbomDiff,kernel,sbom.read,cbom_diff_read,cbom,services/sbom/handler.go,67,sbom|GET|/cbom/diff
sbom,GET,/cbom/{id}/export,/cbom/{param}/export,h.cbomExport,kernel,sbom.read,cbom_exported,cbom,services/sbom/handler.go,68,sbom|GET|/cbom/{param}/export
sbom,GET,/cbom/{id},/cbom/{param},h.cbomByID,kernel,sbom.read,cbom_read,cbom,services/sbom/handler.go,69,sbom|GET|/cbom/{param}
secrets,POST,/secrets,/secrets,h.createSecret,kernel,secrets.write,created,secret,services/secrets/handler.go,66,secrets|POST|/secrets
secrets,GET,/secrets,/secrets,h.listSecrets,kernel,secrets.read,listed,secret,services/secrets/handler.go,67,secrets|GET|/secrets
secrets,GET,/secrets/{id},/secrets/{param},h.getSecret,kernel,secrets.read,read,secret,services/secrets/handler.go,68,secrets|GET|/secrets/{param}
secrets,GET,/secrets/{id}/value,/secrets/{param}/value,h.getSecretValue,kernel,secrets.value.read,value_read,secret,services/secrets/handler.go,69,secrets|GET|/secrets/{param}/value
secrets,PUT,/secrets/{id},/secrets/{param},h.updateSecret,kernel,secrets.write,updated,secret,services/secrets/handler.go,70,secrets|PUT|/secrets/{param}
secrets,DELETE,/secrets/{id},/secrets/{param},h.deleteSecret,kernel,secrets.delete,deleted,secret,services/secrets/handler.go,71,secrets|DELETE|/secrets/{param}
secrets,POST,/secrets/generate/ssh_key,/secrets/generate/ssh_key,h.generateSSHKey,kernel,secrets.write,generated,secret,services/secrets/handler.go,72,secrets|POST|/secrets/generate/ssh_key
secrets,POST,/secrets/generate/keypair,/secrets/generate/keypair,h.generateKeyPair,kernel,secrets.write,generated,secret,services/secrets/handler.go,73,secrets|POST|/secrets/generate/keypair
secrets,GET,/secrets/{id}/versions,/secrets/{param}/versions,h.listVersions,kernel,secrets.read,versions_listed,secret,services/secrets/handler.go,74,secrets|GET|/secrets/{param}/versions
secrets,GET,/secrets/{id}/audit,/secrets/{param}/audit,h.secretAuditLog,kernel,secrets.read,audit_log_read,secret,services/secrets/handler.go,75,secrets|GET|/secrets/{param}/audit
secrets,POST,/secrets/{id}/rotate,/secrets/{param}/rotate,h.rotateSecret,kernel,secrets.write,rotated,secret,services/secrets/handler.go,76,secrets|POST|/secrets/{param}/rotate
secrets,GET,/secrets/stats,/secrets/stats,h.stats,kernel,secrets.read,stats_read,,services/secrets/handler.go,77,secrets|GET|/secrets/stats
secrets,GET,/v1/sys/health,/v1/sys/health,h.vaultSysHealth,kernel,authenticated,vault_health_read,,services/secrets/handler.go,88,secrets|GET|/v1/sys/health
secrets,GET,/v1/sys/seal-status,/v1/sys/seal-status,h.vaultSealStatus,kernel,authenticated,vault_seal_status_read,,services/secrets/handler.go,90,secrets|GET|/v1/sys/seal-status
secrets,POST,/v1/auth/token/lookup-self,/v1/auth/token/lookup-self,h.vaultTokenLookupSelf,kernel,authenticated,vault_token_lookup,secret,services/secrets/handler.go,91,secrets|POST|/v1/auth/token/lookup-self
secrets,GET,/v1/{mount}/data/{path...},/v1/{param}/data/{param},h.vaultKVRead(true),kernel,secrets.value.read,vault_kv_read,secret,services/secrets/handler.go,92,secrets|GET|/v1/{param}/data/{param}
secrets,POST,/v1/{mount}/data/{path...},/v1/{param}/data/{param},h.vaultKVWrite(true),kernel,secrets.write,vault_kv_written,secret,services/secrets/handler.go,93,secrets|POST|/v1/{param}/data/{param}
secrets,DELETE,/v1/{mount}/data/{path...},/v1/{param}/data/{param},h.vaultKVDelete,kernel,secrets.delete,vault_kv_deleted,secret,services/secrets/handler.go,94,secrets|DELETE|/v1/{param}/data/{param}
secrets,GET,/v1/{mount}/metadata/{path...},/v1/{param}/metadata/{param},h.vaultKV2Metadata,kernel,secrets.read,vault_metadata_read,secret,services/secrets/handler.go,95,secrets|GET|/v1/{param}/metadata/{param}
secrets,GET,/v1/{mount}/{path...},/v1/{param}/{param},h.vaultKVRead(false),kernel,secrets.value.read,vault_kv_read,secret,services/secrets/handler.go,96,secrets|GET|/v1/{param}/{param}
secrets,POST,/v1/{mount}/{path...},/v1/{param}/{param},h.vaultKVWrite(false),kernel,secrets.write,vault_kv_written,secret,services/secrets/handler.go,97,secrets|POST|/v1/{param}/{param}
secrets,DELETE,/v1/{mount}/{path...},/v1/{param}/{param},h.vaultKVDelete,kernel,secrets.delete,vault_kv_deleted,secret,services/secrets/handler.go,98,secrets|DELETE|/v1/{param}/{param}
signing,GET,/signing/settings,/signing/settings,h.handleGetSettings,mux,,,,services/signing/handler.go,30,signing|GET|/signing/settings
signing,PUT,/signing/settings,/signing/settings,h.handlePutSettings,mux,,,,services/signing/handler.go,31,signing|PUT|/signing/settings
signing,GET,/signing/summary,/signing/summary,h.handleGetSummary,mux,,,,services/signing/handler.go,32,signing|GET|/signing/summary
signing,GET,/signing/profiles,/signing/profiles,h.handleListProfiles,mux,,,,services/signing/handler.go,33,signing|GET|/signing/profiles
signing,POST,/signing/profiles,/signing/profiles,h.handleUpsertProfile,mux,,,,services/signing/handler.go,34,signing|POST|/signing/profiles
signing,PUT,/signing/profiles/{id},/signing/profiles/{param},h.handleUpsertProfile,mux,,,,services/signing/handler.go,35,signing|PUT|/signing/profiles/{param}
signing,DELETE,/signing/profiles/{id},/signing/profiles/{param},h.handleDeleteProfile,mux,,,,services/signing/handler.go,36,signing|DELETE|/signing/profiles/{param}
signing,GET,/signing/records,/signing/records,h.handleListRecords,mux,,,,services/signing/handler.go,37,signing|GET|/signing/records
signing,POST,/signing/blob,/signing/blob,h.handleSignBlob,mux,,,,services/signing/handler.go,38,signing|POST|/signing/blob
signing,POST,/signing/git,/signing/git,h.handleSignGit,mux,,,,services/signing/handler.go,39,signing|POST|/signing/git
signing,POST,/signing/verify,/signing/verify,h.handleVerify,mux,,,,services/signing/handler.go,40,signing|POST|/signing/verify
watchdog,GET,/watchdog/heartbeats,/watchdog/heartbeats,<inline func>,kernel,health.read,heartbeats_listed,service_heartbeat,services/watchdog/handler.go,24,watchdog|GET|/watchdog/heartbeats
watchdog,GET,/watchdog/incidents,/watchdog/incidents,<inline func>,kernel,health.read,incidents_listed,watchdog_incident,services/watchdog/handler.go,30,watchdog|GET|/watchdog/incidents
workload,GET,/workload-identity/settings,/workload-identity/settings,h.getSettings,kernel,workload.read,settings_viewed,workload_identity_settings,services/workload/handler.go,32,workload|GET|/workload-identity/settings
workload,PUT,/workload-identity/settings,/workload-identity/settings,h.putSettings,kernel,workload.write,settings_updated,workload_identity_settings,services/workload/handler.go,33,workload|PUT|/workload-identity/settings
workload,POST,/workload-identity/settings/rotate-signing-keys,/workload-identity/settings/rotate-signing-keys,h.rotateSigningKeys,kernel,workload.write,signing_keys_rotated,workload_identity_settings,services/workload/handler.go,34,workload|POST|/workload-identity/settings/rotate-signing-keys
workload,GET,/workload-identity/summary,/workload-identity/summary,h.getSummary,kernel,workload.read,summary_viewed,workload_identity_settings,services/workload/handler.go,35,workload|GET|/workload-identity/summary
workload,GET,/workload-identity/registrations,/workload-identity/registrations,h.listRegistrations,kernel,workload.read,registrations_viewed,workload_registration,services/workload/handler.go,36,workload|GET|/workload-identity/registrations
workload,POST,/workload-identity/registrations,/workload-identity/registrations,h.upsertRegistration,kernel,workload.write,registration_upserted,workload_registration,services/workload/handler.go,37,workload|POST|/workload-identity/registrations
workload,PUT,/workload-identity/registrations/{id},/workload-identity/registrations/{param},h.upsertRegistration,kernel,workload.write,registration_upserted,workload_registration,services/workload/handler.go,38,workload|PUT|/workload-identity/registrations/{param}
workload,DELETE,/workload-identity/registrations/{id},/workload-identity/registrations/{param},h.deleteRegistration,kernel,workload.write,registration_deleted,workload_registration,services/workload/handler.go,39,workload|DELETE|/workload-identity/registrations/{param}
workload,GET,/workload-identity/federation,/workload-identity/federation,h.listFederation,kernel,workload.read,federation_viewed,federation_bundle,services/workload/handler.go,40,workload|GET|/workload-identity/federation
workload,POST,/workload-identity/federation,/workload-identity/federation,h.upsertFederation,kernel,workload.write,federation_bundle_upserted,federation_bundle,services/workload/handler.go,41,workload|POST|/workload-identity/federation
workload,PUT,/workload-identity/federation/{id},/workload-identity/federation/{param},h.upsertFederation,kernel,workload.write,federation_bundle_upserted,federation_bundle,services/workload/handler.go,42,workload|PUT|/workload-identity/federation/{param}
workload,DELETE,/workload-identity/federation/{id},/workload-identity/federation/{param},h.deleteFederation,kernel,workload.write,federation_bundle_deleted,federation_bundle,services/workload/handler.go,43,workload|DELETE|/workload-identity/federation/{param}
workload,POST,/workload-identity/issue,/workload-identity/issue,h.issueSVID,kernel,workload.issue,svid_issued,workload_registration,services/workload/handler.go,44,workload|POST|/workload-identity/issue
workload,GET,/workload-identity/issuances,/workload-identity/issuances,h.listIssuances,kernel,workload.read,issuance_history_viewed,svid_issuance,services/workload/handler.go,45,workload|GET|/workload-identity/issuances
workload,POST,/workload-identity/token/exchange,/workload-identity/token/exchange,h.exchangeToken,kernel,public,token_exchanged,workload_registration,services/workload/handler.go,48,workload|POST|/workload-identity/token/exchange
workload,GET,/workload-identity/graph,/workload-identity/graph,h.getGraph,kernel,workload.read,graph_viewed,workload_registration,services/workload/handler.go,49,workload|GET|/workload-identity/graph
workload,GET,/workload-identity/usage,/workload-identity/usage,h.listUsage,kernel,workload.read,key_usage_viewed,workload_registration,services/workload/handler.go,50,workload|GET|/workload-identity/usage
hsm-connector,POST,/hsm/keys,/hsm/keys,h.generate,kernel,hsm.key.create,key_generated,hsm_key,pkg/hsmconnector/handler.go,43,hsm-connector|POST|/hsm/keys
hsm-connector,POST,/hsm/tenant-key,/hsm/tenant-key,h.tenantKey,kernel,hsm.key.create,tenant_key_ensured,hsm_key,pkg/hsmconnector/handler.go,44,hsm-connector|POST|/hsm/tenant-key
hsm-connector,POST,/hsm/encrypt,/hsm/encrypt,h.encrypt,kernel,hsm.key.use,encrypt,hsm_key,pkg/hsmconnector/handler.go,45,hsm-connector|POST|/hsm/encrypt
hsm-connector,POST,/hsm/decrypt,/hsm/decrypt,h.decrypt,kernel,hsm.key.use,decrypt,hsm_key,pkg/hsmconnector/handler.go,46,hsm-connector|POST|/hsm/decrypt
hsm-connector,POST,/hsm/sign,/hsm/sign,h.sign,kernel,hsm.key.use,sign,hsm_key,pkg/hsmconnector/handler.go,47,hsm-connector|POST|/hsm/sign
hsm-connector,POST,/hsm/verify,/hsm/verify,h.verify,kernel,hsm.key.use,verify,hsm_key,pkg/hsmconnector/handler.go,48,hsm-connector|POST|/hsm/verify
hsm-connector,POST,/hsm/random,/hsm/random,h.random,kernel,hsm.key.use,random_generated,hsm,pkg/hsmconnector/handler.go,49,hsm-connector|POST|/hsm/random
hsm-connector,POST,/hsm/keys/destroy,/hsm/keys/destroy,h.destroy,kernel,hsm.key.delete,key_destroyed,hsm_key,pkg/hsmconnector/handler.go,50,hsm-connector|POST|/hsm/keys/destroy
hsm-connector,POST,/hsm/keys/inspect,/hsm/keys/inspect,h.inspect,kernel,hsm.key.read,key_inspected,hsm_key,pkg/hsmconnector/handler.go,51,hsm-connector|POST|/hsm/keys/inspect
hsm-connector,GET,/hsm/objects,/hsm/objects,h.objects,kernel,hsm.read,objects_listed,hsm,pkg/hsmconnector/handler.go,52,hsm-connector|GET|/hsm/objects
hsm-connector,GET,/hsm/status,/hsm/status,h.status,kernel,hsm.read,status_read,hsm,pkg/hsmconnector/handler.go,53,hsm-connector|GET|/hsm/status
hsm-connector,GET,/healthz,/healthz,<inline func>,kernel,public,health,,pkg/hsmconnector/handler.go,54,hsm-connector|GET|/healthz
audit,GET,/mek/exposure,/mek/exposure,k.listExposure,kernel,audit.read,mek_exposure_listed,mek_exposure,pkg/mek/http.go,55,audit|GET|/mek/exposure
certs,GET,/mek/exposure,/mek/exposure,k.listExposure,kernel,cert.read,mek_exposure_listed,mek_exposure,pkg/mek/http.go,55,certs|GET|/mek/exposure
cloud,GET,/mek/exposure,/mek/exposure,k.listExposure,kernel,cloud.read,mek_exposure_listed,mek_exposure,pkg/mek/http.go,55,cloud|GET|/mek/exposure
compliance,GET,/mek/exposure,/mek/exposure,k.listExposure,kernel,compliance.read,mek_exposure_listed,mek_exposure,pkg/mek/http.go,55,compliance|GET|/mek/exposure
ekm,GET,/mek/exposure,/mek/exposure,k.listExposure,kernel,ekm.read,mek_exposure_listed,mek_exposure,pkg/mek/http.go,55,ekm|GET|/mek/exposure
secrets,GET,/mek/exposure,/mek/exposure,k.listExposure,kernel,secrets.read,mek_exposure_listed,mek_exposure,pkg/mek/http.go,55,secrets|GET|/mek/exposure
workload,GET,/mek/exposure,/mek/exposure,k.listExposure,kernel,workload.read,mek_exposure_listed,mek_exposure,pkg/mek/http.go,55,workload|GET|/mek/exposure
audit,POST,/mek/exposure/{item_type}/{item_id}/acknowledge,/mek/exposure/{param}/{param}/acknowledge,k.acknowledge,kernel,audit.exposure.acknowledge,mek_exposure_acknowledged,mek_exposure,pkg/mek/http.go,56,audit|POST|/mek/exposure/{param}/{param}/acknowledge
certs,POST,/mek/exposure/{item_type}/{item_id}/acknowledge,/mek/exposure/{param}/{param}/acknowledge,k.acknowledge,kernel,cert.exposure.acknowledge,mek_exposure_acknowledged,mek_exposure,pkg/mek/http.go,56,certs|POST|/mek/exposure/{param}/{param}/acknowledge
cloud,POST,/mek/exposure/{item_type}/{item_id}/acknowledge,/mek/exposure/{param}/{param}/acknowledge,k.acknowledge,kernel,cloud.exposure.acknowledge,mek_exposure_acknowledged,mek_exposure,pkg/mek/http.go,56,cloud|POST|/mek/exposure/{param}/{param}/acknowledge
compliance,POST,/mek/exposure/{item_type}/{item_id}/acknowledge,/mek/exposure/{param}/{param}/acknowledge,k.acknowledge,kernel,compliance.exposure.acknowledge,mek_exposure_acknowledged,mek_exposure,pkg/mek/http.go,56,compliance|POST|/mek/exposure/{param}/{param}/acknowledge
ekm,POST,/mek/exposure/{item_type}/{item_id}/acknowledge,/mek/exposure/{param}/{param}/acknowledge,k.acknowledge,kernel,ekm.exposure.acknowledge,mek_exposure_acknowledged,mek_exposure,pkg/mek/http.go,56,ekm|POST|/mek/exposure/{param}/{param}/acknowledge
secrets,POST,/mek/exposure/{item_type}/{item_id}/acknowledge,/mek/exposure/{param}/{param}/acknowledge,k.acknowledge,kernel,secrets.exposure.acknowledge,mek_exposure_acknowledged,mek_exposure,pkg/mek/http.go,56,secrets|POST|/mek/exposure/{param}/{param}/acknowledge
workload,POST,/mek/exposure/{item_type}/{item_id}/acknowledge,/mek/exposure/{param}/{param}/acknowledge,k.acknowledge,kernel,workload.exposure.acknowledge,mek_exposure_acknowledged,mek_exposure,pkg/mek/http.go,56,workload|POST|/mek/exposure/{param}/{param}/acknowledge
audit,POST,/mek/rewrap-legacy,/mek/rewrap-legacy,k.rewrapLegacy,kernel,authenticated,mek_backup_rewrap,,pkg/mek/http.go,60,audit|POST|/mek/rewrap-legacy
certs,POST,/mek/rewrap-legacy,/mek/rewrap-legacy,k.rewrapLegacy,kernel,authenticated,mek_backup_rewrap,,pkg/mek/http.go,60,certs|POST|/mek/rewrap-legacy
cloud,POST,/mek/rewrap-legacy,/mek/rewrap-legacy,k.rewrapLegacy,kernel,authenticated,mek_backup_rewrap,,pkg/mek/http.go,60,cloud|POST|/mek/rewrap-legacy
compliance,POST,/mek/rewrap-legacy,/mek/rewrap-legacy,k.rewrapLegacy,kernel,authenticated,mek_backup_rewrap,,pkg/mek/http.go,60,compliance|POST|/mek/rewrap-legacy
ekm,POST,/mek/rewrap-legacy,/mek/rewrap-legacy,k.rewrapLegacy,kernel,authenticated,mek_backup_rewrap,,pkg/mek/http.go,60,ekm|POST|/mek/rewrap-legacy
secrets,POST,/mek/rewrap-legacy,/mek/rewrap-legacy,k.rewrapLegacy,kernel,authenticated,mek_backup_rewrap,,pkg/mek/http.go,60,secrets|POST|/mek/rewrap-legacy
workload,POST,/mek/rewrap-legacy,/mek/rewrap-legacy,k.rewrapLegacy,kernel,authenticated,mek_backup_rewrap,,pkg/mek/http.go,60,workload|POST|/mek/rewrap-legacy
