route_key,service,method,path,normalized_path,frontend_call_sites,handler,handler_file,handler_line,handler_service_calls,store_calls,receiver_client_calls,internal_package_calls,external_package_calls
audit|POST|/audit/publish,audit,POST,/audit/publish,/audit/publish,,handlePublish,services/audit/handler.go,116,"PublishAudit, VerifyChain","QueryEvents, GetEvent","h.cluster.Publish, s.wal.Append, s.publisher.Publish","pkg/auth.ClaimsFromContext, pkg/tenantcheck.Enforce","encoding/json.NewDecoder, encoding/json.NewEncoder, errors.Is, strconv.Atoi, strings.TrimSpace, strings.EqualFold, time.Parse, encoding/json.Marshal, errors.New"
audit|GET|/audit/events,audit,GET,/audit/events,/audit/events,web/dashboard/src/lib/audit.ts:123,handleEvents,services/audit/handler.go,180,,QueryEvents,,,strings.TrimSpace
audit|GET|/audit/events/{param},audit,GET,/audit/events/{id},/audit/events/{param},web/dashboard/src/lib/audit.ts:128,handleEvent,services/audit/handler.go,212,,GetEvent,,,errors.Is
audit|GET|/audit/timeline/{param},audit,GET,/audit/timeline/{target_id},/audit/timeline/{param},web/dashboard/src/lib/audit.ts:145,handleTimeline,services/audit/handler.go,230,,QueryEvents,,,
audit|GET|/audit/session/{param},audit,GET,/audit/session/{session_id},/audit/session/{param},web/dashboard/src/lib/audit.ts:202,handleSession,services/audit/handler.go,248,,QueryEvents,,,
audit|GET|/audit/correlation/{param},audit,GET,/audit/correlation/{id},/audit/correlation/{param},web/dashboard/src/lib/audit.ts:218,handleCorrelation,services/audit/handler.go,266,,QueryEvents,,,
audit|POST|/audit/search,audit,POST,/audit/search,/audit/search,,handleSearch,services/audit/handler.go,284,,,,,
audit|GET|/audit/chain/verify,audit,GET,/audit/chain/verify,/audit/chain/verify,web/dashboard/src/lib/audit.ts:226,handleChainVerify,services/audit/handler.go,289,VerifyChain,,,,
audit|GET|/audit/stream,audit,GET,/audit/stream,/audit/stream,,handleStream,services/audit/stream.go,76,,,,,
audit|GET|/audit/config,audit,GET,/audit/config,/audit/config,web/dashboard/src/lib/audit.ts:238,handleAuditConfig,services/audit/handler.go,303,,,,,strings.TrimSpace
audit|POST|/audit/cluster/signing-key/join-key,audit,POST,/audit/cluster/signing-key/join-key,/audit/cluster/signing-key/join-key,,handleClusterKeyJoinKey,services/audit/cluster.go,169,auditCluster,,,,
audit|POST|/audit/cluster/signing-key/export,audit,POST,/audit/cluster/signing-key/export,/audit/cluster/signing-key/export,,handleClusterKeyExport,services/audit/cluster.go,182,"signing, auditCluster",,,pkg/clusterkey.Seal,strings.TrimSpace
audit|POST|/audit/cluster/signing-key/import,audit,POST,/audit/cluster/signing-key/import,/audit/cluster/signing-key/import,,handleClusterKeyImport,services/audit/cluster.go,212,"auditCluster, signing",,,"pkg/clusterkey.WriteFileAtomic, pkg/crypto.Zeroize",
audit|GET|/ops-metrics/overview,audit,GET,/ops-metrics/overview,/ops-metrics/overview,web/dashboard/src/lib/opsMetrics.ts:55,handleGetOpsOverview,services/audit/handler_ops_metrics.go,8,,GetOpsOverview,,,
audit|GET|/ops-metrics/timeseries,audit,GET,/ops-metrics/timeseries,/ops-metrics/timeseries,,handleGetOpsTimeSeries,services/audit/handler_ops_metrics.go,26,,GetOpsTimeSeries,,,
audit|GET|/ops-metrics/latency,audit,GET,/ops-metrics/latency,/ops-metrics/latency,web/dashboard/src/lib/opsMetrics.ts:60,handleGetLatencyPercentiles,services/audit/handler_ops_metrics.go,45,,GetLatencyPercentiles,,,
audit|GET|/ops-metrics/by-service,audit,GET,/ops-metrics/by-service,/ops-metrics/by-service,web/dashboard/src/lib/opsMetrics.ts:65,handleGetServiceStats,services/audit/handler_ops_metrics.go,62,,GetServiceStats,,,
audit|GET|/ops-metrics/errors,audit,GET,/ops-metrics/errors,/ops-metrics/errors,web/dashboard/src/lib/opsMetrics.ts:70,handleGetErrorBreakdown,services/audit/handler_ops_metrics.go,79,,GetErrorBreakdown,,,
audit|GET|/audit/fips/boundary,audit,GET,/audit/fips/boundary,/audit/fips/boundary,,handleFIPSBoundary,services/audit/handler.go,318,,,,,
audit|GET|/audit/cbom/inventory,audit,GET,/audit/cbom/inventory,/audit/cbom/inventory,,handleCBOMInventory,services/audit/handler_cbom.go,17,,CBOMSamples,,"pkg/cbom.Tier, pkg/cbom.Build","strings.ToLower, strings.TrimSpace"
audit|GET|/audit/cbom/diff,audit,GET,/audit/cbom/diff,/audit/cbom/diff,,handleCBOMDiff,services/audit/handler_cbom.go,51,,CBOMSamples,,"pkg/cbom.Tier, pkg/cbom.Build","strings.ToLower, strings.TrimSpace"
audit|GET|/metrics,audit,GET,/metrics,/metrics,,handlePrometheusMetrics,services/audit/handler_prometheus.go,14,,GetAllServiceStats,,,"fmt.Sprintf, net/http.Error"
audit|GET|/webhooks,audit,GET,/webhooks,/webhooks,web/dashboard/src/lib/webhooks.ts:52,listWebhooks,services/audit/handler_webhook.go,44,,ListWebhooks,,,
audit|POST|/webhooks,audit,POST,/webhooks,/webhooks,web/dashboard/src/lib/webhooks.ts:57,createWebhook,services/audit/handler_webhook.go,61,,CreateWebhook,,,strings.TrimSpace
audit|PATCH|/webhooks/{param},audit,PATCH,/webhooks/{id},/webhooks/{param},web/dashboard/src/lib/webhooks.ts:62,updateWebhook,services/audit/handler_webhook.go,160,,"GetWebhook, UpdateWebhook",,,strings.TrimSpace
audit|DELETE|/webhooks/{param},audit,DELETE,/webhooks/{id},/webhooks/{param},web/dashboard/src/lib/webhooks.ts:67,deleteWebhook,services/audit/handler_webhook.go,220,,DeleteWebhook,,,
audit|POST|/webhooks/{param}/test,audit,POST,/webhooks/{id}/test,/webhooks/{param}/test,web/dashboard/src/lib/webhooks.ts:71,testWebhook,services/audit/handler_webhook.go,234,,GetWebhook,,,time.Now
audit|GET|/webhooks/{param}/deliveries,audit,GET,/webhooks/{id}/deliveries,/webhooks/{param}/deliveries,web/dashboard/src/lib/webhooks.ts:75,listDeliveries,services/audit/handler_webhook.go,259,,ListDeliveries,,,
audit|GET|/audit/activity/stats,audit,GET,/audit/activity/stats,/audit/activity/stats,web/dashboard/src/lib/audit.ts:82,activityStats,services/audit/stats.go,153,,AuditStats,,,
audit|GET|/audit/targets/{param}/integrity,audit,GET,/audit/targets/{target_id}/integrity,/audit/targets/{param}/integrity,web/dashboard/src/lib/audit.ts:186,verifyTargetIntegrity,services/audit/target_integrity.go,359,VerifyTarget,VerifyTarget,,,strings.TrimSpace
audit|GET|/audit/checkpoints,audit,GET,/audit/checkpoints,/audit/checkpoints,web/dashboard/src/lib/audit.ts:268,listCheckpoints,services/audit/checkpoint.go,526,ListCheckpoints,ListCheckpoints,,,
auth|POST|/auth/clients/{param}/revoke,auth,POST,/auth/clients/{id}/revoke,/auth/clients/{param}/revoke,web/dashboard/src/lib/authAdmin.ts:532,revokeClient,services/auth/clients_admin.go,52,,RevokeClientRegistration,,,
auth|POST|/auth/clients/{param}/rotate-key,auth,POST,/auth/clients/{id}/rotate-key,/auth/clients/{param}/rotate-key,web/dashboard/src/lib/authAdmin.ts:520,rotateClientKey,services/auth/clients_admin.go,64,,RotateClientAPIKey,h.meter.IncrementOps,pkg/crypto.Zeroize,errors.Is
auth|DELETE|/auth/api-keys/{param},auth,DELETE,/auth/api-keys/{id},/auth/api-keys/{param},,deleteAPIKey,services/auth/clients_admin.go,97,,"GetAPIKeyByID, DeleteAPIKey",,pkg/tenantcheck.StripReserved,errors.Is
auth|POST|/auth/delegated/authority,auth,POST,/auth/delegated/authority,/auth/delegated/authority,,delegatedAuthority,services/auth/delegated.go,149,,GetUserByID,,"pkg/route.Allowed, pkg/tenantcheck.IsServicePrincipal","errors.Is, strings.TrimSpace"
auth|POST|/auth/delegated/users/{param}/disable,auth,POST,/auth/delegated/users/{id}/disable,/auth/delegated/users/{param}/disable,,delegatedDisableUser,services/auth/delegated.go,188,,"GetUserByID, UpdateUserStatus",,,errors.Is
auth|POST|/auth/delegated/api-keys/{param}/revoke,auth,POST,/auth/delegated/api-keys/{id}/revoke,/auth/delegated/api-keys/{param}/revoke,,delegatedRevokeAPIKey,services/auth/delegated.go,264,,"GetAPIKeyByID, DeleteAPIKey",,pkg/tenantcheck.StripReserved,errors.Is
auth|POST|/auth/delegated/clients/{param}/revoke,auth,POST,/auth/delegated/clients/{id}/revoke,/auth/delegated/clients/{param}/revoke,,delegatedRevokeClient,services/auth/delegated.go,296,,"GetClientRegistration, RevokeClientRegistration",,,errors.Is
auth|POST|/auth/register,auth,POST,/auth/register,/auth/register,web/dashboard/src/lib/authAdmin.ts:491,handleRegister,services/auth/handler.go,174,,"GetTenant, CreateClientRegistration",,,"errors.Is, strings.TrimSpace, strings.ToLower"
auth|GET|/auth/register/{param}/status,auth,GET,/auth/register/{id}/status,/auth/register/{param}/status,,handleRegistrationStatus,services/auth/handler.go,257,,GetClientRegistration,,,"errors.Is, strings.TrimSpace"
auth|POST|/auth/login,auth,POST,/auth/login,/auth/login,,handleLogin,services/auth/handler.go,639,,"GetUserByUsername, CreateSession","h.logic.IssueJWT, h.meter.IncrementOps",pkg/crypto.Zeroize,"strconv.Itoa, strings.ToLower, strings.TrimSpace, time.Duration, time.Now, time.Until"
auth|POST|/auth/client-token,auth,POST,/auth/client-token,/auth/client-token,,handleClientToken,services/auth/handler.go,371,,"GetAPIKeyByHash, GetClientRegistration, ReserveRequestNonce",h.logic.IssueClientJWT,"pkg/restauth.NormalizeCertFingerprint, pkg/restauth.VerifyDPoPProof, pkg/restauth.RequestDPoPCandidates, pkg/restauth.ParsePublicKeyPEM, pkg/restauth.VerifyHTTPMessageSignature, pkg/tenantcheck.InternalServiceTenant, pkg/tenantcheck.ServicePermissionReserved","crypto/sha256.Sum256, errors.Is, io.ReadAll, io.LimitReader, strconv.FormatInt, strings.TrimSpace, strings.HasPrefix, strings.ToLower, strings.EqualFold, time.Now, time.Duration"
auth|POST|/auth/cluster/mint,auth,POST,/auth/cluster/mint,/auth/cluster/mint,,handleClusterMint,services/auth/cluster_mint.go,23,,,"h.logic.ParseJWT, h.logic.IssueForwardedJWT",pkg/tenantcheck.IsServicePrincipal,"strings.TrimSpace, strings.TrimPrefix"
auth|POST|/auth/workload-token,auth,POST,/auth/workload-token,/auth/workload-token,,handleIssueWorkloadToken,services/auth/handler_workload.go,10,,,h.logic.IssueWorkloadJWT,,"os.Getenv, strings.TrimSpace, strings.HasPrefix, strings.ToLower, time.Duration, time.Until"
auth|GET|/auth/system-health,auth,GET,/auth/system-health,/auth/system-health,web/dashboard/src/lib/authAdmin.ts:441,handleSystemHealth,services/auth/handler_system_health.go,13,,,h.healthChecker.Snapshot,,context.WithTimeout
auth|POST|/auth/system-health/restart,auth,POST,/auth/system-health/restart,/auth/system-health/restart,web/dashboard/src/lib/authAdmin.ts:552,handleRestartSystemService,services/auth/handler_system_health.go,51,,,"h.healthChecker.RestartService, h.logger.Printf",pkg/auth.ClaimsFromContext,"context.WithTimeout, errors.Is, strings.TrimSpace"
auth|POST|/auth/refresh,auth,POST,/auth/refresh,/auth/refresh,,handleRefresh,services/auth/handler.go,782,,GetUserByID,h.logic.IssueJWT,pkg/auth.ClaimsFromContext,errors.Is
auth|POST|/auth/change-password,auth,POST,/auth/change-password,/auth/change-password,,handleChangePassword,services/auth/handler.go,815,,"GetUserByID, UpdateUserPassword, DeleteUserSessions, CreateSession",h.logic.IssueJWT,"pkg/auth.ClaimsFromContext, pkg/crypto.Zeroize",errors.Is
auth|POST|/auth/register/{param}/activate,auth,POST,/auth/register/{id}/activate,/auth/register/{param}/activate,web/dashboard/src/lib/authAdmin.ts:505,handleActivateRegistration,services/auth/handler.go,276,,"IsPlatformQuorumRequired, UpdateClientRegistrationSettings, ActivateClientRegistration",,"pkg/auth.ClaimsFromContext, pkg/crypto.Zeroize",errors.Is
auth|POST|/auth/logout,auth,POST,/auth/logout,/auth/logout,,handleLogout,services/auth/handler.go,897,,DeleteSession,,pkg/auth.ClaimsFromContext,errors.Is
auth|GET|/auth/me,auth,GET,/auth/me,/auth/me,,handleMe,services/auth/handler.go,918,,,,pkg/auth.ClaimsFromContext,
auth|POST|/tenants,auth,POST,/tenants,/tenants,web/dashboard/src/lib/authAdmin.ts:589,handleCreateTenant,services/auth/handler.go,931,,,,,
auth|GET|/tenants,auth,GET,/tenants,/tenants,web/dashboard/src/lib/authAdmin.ts:433,handleListTenants,services/auth/handler.go,944,,ListTenants,,,
auth|GET|/tenants/{param},auth,GET,/tenants/{id},/tenants/{param},,handleGetTenant,services/auth/handler.go,954,,GetTenant,,,errors.Is
auth|GET|/tenants/{param}/delete-readiness,auth,GET,/tenants/{id}/delete-readiness,/tenants/{param}/delete-readiness,web/dashboard/src/lib/authAdmin.ts:633,handleGetTenantDeleteReadiness,services/auth/handler.go,968,,GetTenantDeleteReadiness,,pkg/auth.ClaimsFromContext,"errors.Is, strings.TrimSpace"
auth|POST|/tenants/{param}/disable,auth,POST,/tenants/{id}/disable,/tenants/{param}/disable,web/dashboard/src/lib/authAdmin.ts:647,handleDisableTenant,services/auth/handler.go,1000,,"IsPlatformQuorumRequired, DisableTenant",,pkg/auth.ClaimsFromContext,"errors.Is, strings.TrimSpace, strings.EqualFold"
auth|PUT|/tenants/{param},auth,PUT,/tenants/{id},/tenants/{param},web/dashboard/src/lib/authAdmin.ts:566,handleUpdateTenant,services/auth/handler.go,934,,,,,
auth|DELETE|/tenants/{param},auth,DELETE,/tenants/{id},/tenants/{param},web/dashboard/src/lib/authAdmin.ts:618,handleDeleteTenant,services/auth/handler.go,1105,,"IsPlatformQuorumRequired, GetTenantDeleteReadiness, DeleteTenant",,pkg/auth.ClaimsFromContext,"errors.Is, fmt.Sprintf, strings.TrimSpace, strings.EqualFold, strings.ToLower"
auth|POST|/tenants/{param}/roles,auth,POST,/tenants/{id}/roles,/tenants/{param}/roles,,handleCreateTenantRole,services/auth/handler.go,937,,,,,
auth|PUT|/tenants/{param}/roles/{param},auth,PUT,/tenants/{id}/roles/{name},/tenants/{param}/roles/{param},,handleUpdateTenantRole,services/auth/handler.go,940,,,,,
auth|DELETE|/tenants/{param}/roles/{param},auth,DELETE,/tenants/{id}/roles/{name},/tenants/{param}/roles/{param},,handleDeleteTenantRole,services/auth/handler.go,1381,,DeleteTenantRole,,,errors.Is
auth|GET|/auth/users,auth,GET,/auth/users,/auth/users,,handleListUsers,services/auth/handler.go,1400,,ListUsers,,pkg/auth.ClaimsFromContext,
auth|POST|/auth/users,auth,POST,/auth/users,/auth/users,web/dashboard/src/lib/authAdmin.ts:677,handleCreateUser,services/auth/handler.go,1416,,"GetTenant, CreateUser",,"pkg/auth.ClaimsFromContext, pkg/crypto.Zeroize","errors.Is, strings.TrimSpace"
auth|GET|/auth/identity/providers,auth,GET,/auth/identity/providers,/auth/identity/providers,web/dashboard/src/lib/authAdmin.ts:845,handleListIdentityProviderConfigs,services/auth/handler_identity_provider.go,23,,GetIdentityProviderConfig,,pkg/auth.ClaimsFromContext,errors.Is
auth|GET|/auth/identity/providers/{param},auth,GET,/auth/identity/providers/{provider},/auth/identity/providers/{param},,handleGetIdentityProviderConfig,services/auth/handler_identity_provider.go,52,,GetIdentityProviderConfig,,pkg/auth.ClaimsFromContext,errors.Is
auth|PUT|/auth/identity/providers/{param},auth,PUT,/auth/identity/providers/{provider},/auth/identity/providers/{param},web/dashboard/src/lib/authAdmin.ts:863,handleUpsertIdentityProviderConfig,services/auth/handler_identity_provider.go,81,,"GetIdentityProviderConfig, UpsertIdentityProviderConfig",,pkg/auth.ClaimsFromContext,errors.Is
auth|POST|/auth/identity/providers/{param}/test,auth,POST,/auth/identity/providers/{provider}/test,/auth/identity/providers/{param}/test,web/dashboard/src/lib/authAdmin.ts:894,handleTestIdentityProviderConnection,services/auth/handler_identity_provider.go,137,,GetIdentityProviderConfig,,pkg/auth.ClaimsFromContext,errors.Is
auth|GET|/auth/identity/providers/{param}/users,auth,GET,/auth/identity/providers/{provider}/users,/auth/identity/providers/{param}/users,,handleListIdentityProviderUsers,services/auth/handler_identity_provider.go,201,,,,pkg/auth.ClaimsFromContext,strings.TrimSpace
auth|GET|/auth/identity/providers/{param}/groups,auth,GET,/auth/identity/providers/{provider}/groups,/auth/identity/providers/{param}/groups,,handleListIdentityProviderGroups,services/auth/handler_identity_provider.go,251,,,,pkg/auth.ClaimsFromContext,strings.TrimSpace
auth|GET|/auth/identity/providers/{param}/groups/{param}/members,auth,GET,/auth/identity/providers/{provider}/groups/{id}/members,/auth/identity/providers/{param}/groups/{param}/members,,handleListIdentityProviderGroupMembers,services/auth/handler_identity_provider.go,301,,,,pkg/auth.ClaimsFromContext,strings.TrimSpace
auth|POST|/auth/identity/import/users,auth,POST,/auth/identity/import/users,/auth/identity/import/users,web/dashboard/src/lib/authAdmin.ts:1010,handleImportIdentityUsers,services/auth/handler_identity_provider.go,352,,GetTenant,,pkg/auth.ClaimsFromContext,"errors.Is, strings.TrimSpace"
auth|PUT|/auth/users/{param}/role,auth,PUT,/auth/users/{id}/role,/auth/users/{param}/role,web/dashboard/src/lib/authAdmin.ts:700,handleUpdateUserRole,services/auth/handler.go,1491,,"GetUserByID, UpdateUserRole",,pkg/auth.ClaimsFromContext,"errors.Is, strings.TrimSpace, strings.EqualFold, strings.ToLower"
auth|PUT|/auth/users/{param}/status,auth,PUT,/auth/users/{id}/status,/auth/users/{param}/status,web/dashboard/src/lib/authAdmin.ts:719,handleUpdateUserStatus,services/auth/handler.go,1546,,UpdateUserStatus,,pkg/auth.ClaimsFromContext,errors.Is
auth|POST|/auth/users/{param}/reset-password,auth,POST,/auth/users/{id}/reset-password,/auth/users/{param}/reset-password,web/dashboard/src/lib/authAdmin.ts:737,handleResetUserPassword,services/auth/handler.go,1583,,"GetUserByID, UpdateUserPassword",,"pkg/auth.ClaimsFromContext, pkg/crypto.Zeroize","errors.Is, strings.TrimSpace, strings.EqualFold"
auth|GET|/auth/groups/roles,auth,GET,/auth/groups/roles,/auth/groups/roles,web/dashboard/src/lib/authAdmin.ts:1031,handleListGroupRoleBindings,services/auth/handler.go,1652,,ListGroupRoleBindings,,pkg/auth.ClaimsFromContext,
auth|PUT|/auth/groups/{param}/role,auth,PUT,/auth/groups/{id}/role,/auth/groups/{param}/role,web/dashboard/src/lib/authAdmin.ts:1043,handleUpsertGroupRoleBinding,services/auth/handler.go,1668,,UpsertGroupRoleBinding,,pkg/auth.ClaimsFromContext,strings.TrimSpace
auth|DELETE|/auth/groups/{param}/role,auth,DELETE,/auth/groups/{id}/role,/auth/groups/{param}/role,web/dashboard/src/lib/authAdmin.ts:1062,handleDeleteGroupRoleBinding,services/auth/handler.go,1714,,DeleteGroupRoleBinding,,pkg/auth.ClaimsFromContext,"errors.Is, strings.TrimSpace"
auth|GET|/auth/scim/settings,auth,GET,/auth/scim/settings,/auth/scim/settings,web/dashboard/src/lib/authAdmin.ts:1073,handleGetSCIMSettings,services/auth/handler_scim.go,366,,,,pkg/auth.ClaimsFromContext,
auth|PUT|/auth/scim/settings,auth,PUT,/auth/scim/settings,/auth/scim/settings,web/dashboard/src/lib/authAdmin.ts:1081,handleUpdateSCIMSettings,services/auth/handler_scim.go,382,,UpsertSCIMSettings,,pkg/auth.ClaimsFromContext,strings.TrimSpace
auth|POST|/auth/scim/settings/rotate-token,auth,POST,/auth/scim/settings/rotate-token,/auth/scim/settings/rotate-token,web/dashboard/src/lib/authAdmin.ts:1100,handleRotateSCIMToken,services/auth/handler_scim.go,447,,UpsertSCIMSettings,,pkg/auth.ClaimsFromContext,
auth|GET|/auth/scim/summary,auth,GET,/auth/scim/summary,/auth/scim/summary,web/dashboard/src/lib/authAdmin.ts:1111,handleGetSCIMSummary,services/auth/handler_scim.go,491,,GetSCIMSummary,,pkg/auth.ClaimsFromContext,
auth|GET|/auth/scim/users,auth,GET,/auth/scim/users,/auth/scim/users,web/dashboard/src/lib/authAdmin.ts:1118,handleListSCIMUsersAdmin,services/auth/handler_scim.go,508,,ListSCIMUsers,,pkg/auth.ClaimsFromContext,
auth|GET|/auth/scim/groups,auth,GET,/auth/scim/groups,/auth/scim/groups,web/dashboard/src/lib/authAdmin.ts:1125,handleListSCIMGroupsAdmin,services/auth/handler_scim.go,525,,ListSCIMGroups,,pkg/auth.ClaimsFromContext,
auth|GET|/auth/password-policy,auth,GET,/auth/password-policy,/auth/password-policy,web/dashboard/src/lib/authAdmin.ts:752,handleGetPasswordPolicy,services/auth/handler.go,1746,,,,pkg/auth.ClaimsFromContext,
auth|PUT|/auth/password-policy,auth,PUT,/auth/password-policy,/auth/password-policy,web/dashboard/src/lib/authAdmin.ts:760,handleUpdatePasswordPolicy,services/auth/handler.go,1757,,UpsertPasswordPolicy,,pkg/auth.ClaimsFromContext,
auth|GET|/auth/security-policy,auth,GET,/auth/security-policy,/auth/security-policy,web/dashboard/src/lib/authAdmin.ts:768,handleGetSecurityPolicy,services/auth/handler.go,1843,,,,pkg/auth.ClaimsFromContext,
auth|PUT|/auth/security-policy,auth,PUT,/auth/security-policy,/auth/security-policy,web/dashboard/src/lib/authAdmin.ts:776,handleUpdateSecurityPolicy,services/auth/handler.go,1854,,UpsertSecurityPolicy,,pkg/auth.ClaimsFromContext,
auth|GET|/auth/cli/status,auth,GET,/auth/cli/status,/auth/cli/status,web/dashboard/src/lib/authAdmin.ts:784,handleCLIStatus,services/auth/handler.go,2037,,GetUserByUsername,,pkg/auth.ClaimsFromContext,"strings.TrimSpace, strings.EqualFold"
auth|POST|/auth/cli/session,auth,POST,/auth/cli/session,/auth/cli/session,web/dashboard/src/lib/authAdmin.ts:791,handleCLISession,services/auth/handler.go,2064,,"GetUserByUsername, ListClientRegistrations, GetClientRegistration, UpdateClientRegistrationSettings, UpdateClientRegistrationSecurity, GetRolePermissions, ListGroupRolesForUser, IsGovernanceRequestApproved, CreateTenantRole, GetPasswordPolicy, UpsertPasswordPolicy, GetSecurityPolicy, UpsertSecurityPolicy, CreateUser","h.events.Publish, h.healthChecker.findComposeContainer","pkg/auth.ClaimsFromContext, pkg/crypto.Zeroize, pkg/restauth.ParsePublicKeyPEM, pkg/restauth.ParseForwardedClientCert, pkg/restauth.NormalizeCertFingerprint, pkg/restauth.FingerprintHexToThumbprintB64URL, pkg/tenantcheck.ServicePermissionReserved","encoding/json.Marshal, encoding/json.NewDecoder, encoding/json.NewEncoder, errors.Is, errors.New, fmt.Sprintf, fmt.Errorf, io.LimitReader, io.ReadAll, net.SplitHostPort, net/http.NewRequestWithContext, regexp.MustCompile, sort.Strings, strconv.Atoi, strings.TrimSpace, strings.EqualFold"
auth|GET|/auth/cli/hsm/config,auth,GET,/auth/cli/hsm/config,/auth/cli/hsm/config,web/dashboard/src/lib/authAdmin.ts:824,handleGetCLIHSMConfig,services/auth/handler.go,1899,,GetHSMProviderConfig,,pkg/auth.ClaimsFromContext,"errors.Is, strings.TrimSpace"
auth|PUT|/auth/cli/hsm/config,auth,PUT,/auth/cli/hsm/config,/auth/cli/hsm/config,web/dashboard/src/lib/authAdmin.ts:832,handleUpdateCLIHSMConfig,services/auth/handler.go,1929,,"GetHSMProviderConfig, UpsertHSMProviderConfig",,pkg/auth.ClaimsFromContext,"errors.Is, fmt.Sprintf, strings.TrimSpace, strings.Contains, strings.TrimRight, strings.HasPrefix"
auth|GET|/auth/cli/hsm/partitions,auth,GET,/auth/cli/hsm/partitions,/auth/cli/hsm/partitions,web/dashboard/src/lib/authAdmin.ts:810,handleCLIHSMPartitions,services/auth/handler.go,2155,,,,pkg/auth.ClaimsFromContext,"fmt.Sprintf, strings.TrimSpace, strings.Contains, strings.TrimRight, strings.HasPrefix"
auth|GET|/auth/sso/providers,auth,GET,/auth/sso/providers,/auth/sso/providers,web/dashboard/src/lib/authAdmin.ts:1133,handleListSSOProviders,services/auth/handler_sso.go,18,,ListIdentityProviderConfigs,,,strings.TrimSpace
auth|GET|/auth/sso/{param}/login,auth,GET,/auth/sso/{provider}/login,/auth/sso/{param}/login,web/dashboard/src/lib/authAdmin.ts:1141,handleSSOLogin,services/auth/handler_sso.go,65,,GetIdentityProviderConfig,,,strings.TrimSpace
auth|POST|/auth/sso/{param}/callback,auth,POST,/auth/sso/{provider}/callback,/auth/sso/{param}/callback,,handleSSOCallback,services/auth/handler_sso.go,106,,"GetIdentityProviderConfig, CreateSession","h.logic.IssueJWT, h.meter.IncrementOps",pkg/crypto.Zeroize,"fmt.Sprintf, net/http.Redirect, net/url.QueryEscape, strings.TrimSpace, time.Now"
auth|GET|/auth/sso/{param}/callback,auth,GET,/auth/sso/{provider}/callback,/auth/sso/{param}/callback,,handleSSOCallback,services/auth/handler_sso.go,106,,"GetIdentityProviderConfig, CreateSession","h.logic.IssueJWT, h.meter.IncrementOps",pkg/crypto.Zeroize,"fmt.Sprintf, net/http.Redirect, net/url.QueryEscape, strings.TrimSpace, time.Now"
auth|GET|/auth/sso/saml/metadata,auth,GET,/auth/sso/saml/metadata,/auth/sso/saml/metadata,,handleSAMLMetadata,services/auth/handler_sso.go,255,,GetIdentityProviderConfig,,,strings.TrimSpace
auth|GET|/auth/clients,auth,GET,/auth/clients,/auth/clients,web/dashboard/src/lib/authAdmin.ts:452,handleListClients,services/auth/handler.go,2221,,ListClientRegistrations,,pkg/auth.ClaimsFromContext,
auth|GET|/auth/clients/{param},auth,GET,/auth/clients/{id},/auth/clients/{param},web/dashboard/src/lib/authAdmin.ts:457,handleGetClient,services/auth/handler.go,2232,,GetClientRegistration,,pkg/auth.ClaimsFromContext,errors.Is
auth|PUT|/auth/clients/{param},auth,PUT,/auth/clients/{id},/auth/clients/{param},web/dashboard/src/lib/authAdmin.ts:470,handleUpdateClient,services/auth/handler.go,2247,,"UpdateClientRegistrationSettings, GetClientRegistration, UpdateClientRegistrationSecurity",,pkg/auth.ClaimsFromContext,"errors.Is, strings.TrimSpace"
auth|GET|/auth/rest-client-security/summary,auth,GET,/auth/rest-client-security/summary,/auth/rest-client-security/summary,web/dashboard/src/lib/authAdmin.ts:544,handleRESTClientSecuritySummary,services/auth/handler.go,2325,,ListClientRegistrations,,pkg/auth.ClaimsFromContext,
auth|GET|/scim/v2/ServiceProviderConfig,auth,GET,/scim/v2/ServiceProviderConfig,/scim/v2/ServiceProviderConfig,,handleSCIMServiceProviderConfig,services/auth/handler_scim.go,542,,,,,fmt.Sprintf
auth|GET|/scim/v2/Schemas,auth,GET,/scim/v2/Schemas,/scim/v2/Schemas,,handleSCIMSchemas,services/auth/handler_scim.go,568,,,,,
auth|GET|/scim/v2/ResourceTypes,auth,GET,/scim/v2/ResourceTypes,/scim/v2/ResourceTypes,,handleSCIMResourceTypes,services/auth/handler_scim.go,594,,,,,
auth|GET|/scim/v2/Users,auth,GET,/scim/v2/Users,/scim/v2/Users,,handleSCIMListUsers,services/auth/handler_scim.go,610,,ListSCIMUsers,,,"sort.Slice, strings.ToLower"
auth|POST|/scim/v2/Users,auth,POST,/scim/v2/Users,/scim/v2/Users,,handleSCIMCreateUser,services/auth/handler_scim.go,662,,UpsertSCIMUser,,,strings.TrimSpace
auth|GET|/scim/v2/Users/{param},auth,GET,/scim/v2/Users/{id},/scim/v2/Users/{param},,handleSCIMGetUser,services/auth/handler_scim.go,645,,GetSCIMUserByID,,,errors.Is
auth|PUT|/scim/v2/Users/{param},auth,PUT,/scim/v2/Users/{id},/scim/v2/Users/{param},,handleSCIMReplaceUser,services/auth/handler_scim.go,719,,"GetSCIMUserByID, UpsertSCIMUser",,,strings.TrimSpace
auth|PATCH|/scim/v2/Users/{param},auth,PATCH,/scim/v2/Users/{id},/scim/v2/Users/{param},,handleSCIMPatchUser,services/auth/handler_scim.go,775,,ApplySCIMUserPatch,,,"encoding/json.Unmarshal, strings.ToLower, strings.TrimSpace"
auth|DELETE|/scim/v2/Users/{param},auth,DELETE,/scim/v2/Users/{id},/scim/v2/Users/{param},,handleSCIMDeleteUser,services/auth/handler_scim.go,859,,DeprovisionSCIMUser,,,
auth|GET|/scim/v2/Groups,auth,GET,/scim/v2/Groups,/scim/v2/Groups,,handleSCIMListGroups,services/auth/handler_scim.go,881,,"ListSCIMGroups, GetSCIMGroupByID",,,
auth|POST|/scim/v2/Groups,auth,POST,/scim/v2/Groups,/scim/v2/Groups,,handleSCIMCreateGroup,services/auth/handler_scim.go,950,,"UpsertSCIMGroup, ReplaceSCIMGroupMembers, GetSCIMGroupByID",,,strings.TrimSpace
auth|GET|/scim/v2/Groups/{param},auth,GET,/scim/v2/Groups/{id},/scim/v2/Groups/{param},,handleSCIMGetGroup,services/auth/handler_scim.go,914,,GetSCIMGroupByID,,,
auth|PUT|/scim/v2/Groups/{param},auth,PUT,/scim/v2/Groups/{id},/scim/v2/Groups/{param},,handleSCIMReplaceGroup,services/auth/handler_scim.go,996,,"UpsertSCIMGroup, ReplaceSCIMGroupMembers, GetSCIMGroupByID",,,strings.TrimSpace
auth|PATCH|/scim/v2/Groups/{param},auth,PATCH,/scim/v2/Groups/{id},/scim/v2/Groups/{param},,handleSCIMPatchGroup,services/auth/handler_scim.go,1037,,"GetSCIMGroupByID, UpsertSCIMGroup, ReplaceSCIMGroupMembers",,,"encoding/json.Unmarshal, strings.ToLower, strings.TrimSpace"
auth|DELETE|/scim/v2/Groups/{param},auth,DELETE,/scim/v2/Groups/{id},/scim/v2/Groups/{param},,handleSCIMDeleteGroup,services/auth/handler_scim.go,1094,,DeleteSCIMGroup,,,
auth|GET|/internal/tenant-ids,auth,GET,/internal/tenant-ids,/internal/tenant-ids,,listTenantIDs,services/auth/tenant_ids.go,24,,ListTenants,,pkg/tenantcheck.IsServicePrincipal,strings.EqualFold
autokey|GET|/autokey/settings,autokey,GET,/autokey/settings,/autokey/settings,web/dashboard/src/lib/autokey.ts:159,handleGetSettings,services/autokey/handler.go,93,GetSettings,,,,
autokey|PUT|/autokey/settings,autokey,PUT,/autokey/settings,/autokey/settings,web/dashboard/src/lib/autokey.ts:164,handlePutSettings,services/autokey/handler.go,104,UpdateSettings,UpsertSettings,,,
autokey|GET|/autokey/summary,autokey,GET,/autokey/summary,/autokey/summary,web/dashboard/src/lib/autokey.ts:172,handleGetSummary,services/autokey/handler.go,120,GetSummary,"ListTemplates, ListServicePolicies, ListRequests, ListHandles",,,"sort.Slice, strings.ToLower, strings.TrimSpace"
autokey|GET|/autokey/templates,autokey,GET,/autokey/templates,/autokey/templates,web/dashboard/src/lib/autokey.ts:177,handleListTemplates,services/autokey/handler.go,131,ListTemplates,ListTemplates,,,
autokey|POST|/autokey/templates,autokey,POST,/autokey/templates,/autokey/templates,,handleUpsertTemplate,services/autokey/handler.go,142,UpsertTemplate,UpsertTemplate,,,
autokey|PUT|/autokey/templates/{param},autokey,PUT,/autokey/templates/{id},/autokey/templates/{param},,handleUpsertTemplate,services/autokey/handler.go,142,UpsertTemplate,UpsertTemplate,,,
autokey|DELETE|/autokey/templates/{param},autokey,DELETE,/autokey/templates/{id},/autokey/templates/{param},web/dashboard/src/lib/autokey.ts:192,handleDeleteTemplate,services/autokey/handler.go,159,DeleteTemplate,DeleteTemplate,,,
autokey|GET|/autokey/service-policies,autokey,GET,/autokey/service-policies,/autokey/service-policies,web/dashboard/src/lib/autokey.ts:198,handleListServicePolicies,services/autokey/handler.go,169,ListServicePolicies,ListServicePolicies,,,
autokey|POST|/autokey/service-policies,autokey,POST,/autokey/service-policies,/autokey/service-policies,,handleUpsertServicePolicy,services/autokey/handler.go,180,UpsertServicePolicy,UpsertServicePolicy,,,
autokey|PUT|/autokey/service-policies/{param},autokey,PUT,/autokey/service-policies/{service},/autokey/service-policies/{param},,handleUpsertServicePolicy,services/autokey/handler.go,180,UpsertServicePolicy,UpsertServicePolicy,,,
autokey|DELETE|/autokey/service-policies/{param},autokey,DELETE,/autokey/service-policies/{service},/autokey/service-policies/{param},web/dashboard/src/lib/autokey.ts:213,handleDeleteServicePolicy,services/autokey/handler.go,197,DeleteServicePolicy,DeleteServicePolicy,,,
autokey|GET|/autokey/requests,autokey,GET,/autokey/requests,/autokey/requests,web/dashboard/src/lib/autokey.ts:231,handleListRequests,services/autokey/handler.go,227,ListRequests,ListRequests,,,"strconv.Atoi, strings.TrimSpace"
autokey|POST|/autokey/requests,autokey,POST,/autokey/requests,/autokey/requests,web/dashboard/src/lib/autokey.ts:219,handleCreateRequest,services/autokey/handler.go,207,CreateRequest,"GetHandleByBinding, CreateRequest, GetRequest, UpdateRequest",s.governance.CreateApprovalRequest,,strings.EqualFold
autokey|GET|/autokey/requests/{param},autokey,GET,/autokey/requests/{id},/autokey/requests/{param},web/dashboard/src/lib/autokey.ts:236,handleGetRequest,services/autokey/handler.go,244,GetRequest,GetRequest,,,
autokey|GET|/autokey/handles,autokey,GET,/autokey/handles,/autokey/handles,web/dashboard/src/lib/autokey.ts:245,handleListHandles,services/autokey/handler.go,255,ListHandles,ListHandles,,,"strconv.Atoi, strings.TrimSpace"
backup|GET|/healthz,backup,GET,/healthz,/healthz,,handleHealth,services/backup/handler.go,66,,,,,
backup|GET|/backup/policies,backup,GET,/backup/policies,/backup/policies,web/dashboard/src/lib/backup.ts:66,handleListPolicies,services/backup/handler.go,70,,ListPolicies,,,
backup|POST|/backup/policies,backup,POST,/backup/policies,/backup/policies,web/dashboard/src/lib/backup.ts:71,handleCreatePolicy,services/backup/handler.go,84,audit,CreatePolicy,,,"strings.TrimSpace, time.Now"
backup|PATCH|/backup/policies/{param},backup,PATCH,/backup/policies/{id},/backup/policies/{param},web/dashboard/src/lib/backup.ts:75,handleUpdatePolicy,services/backup/handler.go,141,audit,UpdatePolicy,,,"errors.Is, strings.TrimSpace"
backup|DELETE|/backup/policies/{param},backup,DELETE,/backup/policies/{id},/backup/policies/{param},web/dashboard/src/lib/backup.ts:79,handleDeletePolicy,services/backup/handler.go,173,audit,DeletePolicy,,,"errors.Is, strings.TrimSpace"
backup|POST|/backup/policies/{param}/trigger,backup,POST,/backup/policies/{id}/trigger,/backup/policies/{param}/trigger,web/dashboard/src/lib/backup.ts:83,handleTriggerBackup,services/backup/handler.go,198,audit,GetPolicy,,,"errors.Is, strings.TrimSpace"
backup|GET|/backup/runs,backup,GET,/backup/runs,/backup/runs,web/dashboard/src/lib/backup.ts:87,handleListRuns,services/backup/handler.go,230,,ListRuns,,,
backup|GET|/backup/runs/{param},backup,GET,/backup/runs/{id},/backup/runs/{param},web/dashboard/src/lib/backup.ts:92,handleGetRun,services/backup/handler.go,244,,GetRun,,,"errors.Is, strings.TrimSpace"
backup|GET|/backup/restore-points,backup,GET,/backup/restore-points,/backup/restore-points,web/dashboard/src/lib/backup.ts:96,handleListRestorePoints,services/backup/handler.go,267,,ListRestorePoints,,,
backup|POST|/backup/restore-points/{param}/restore,backup,POST,/backup/restore-points/{id}/restore,/backup/restore-points/{param}/restore,web/dashboard/src/lib/backup.ts:101,handleRestore,services/backup/handler.go,281,audit,,,,strings.TrimSpace
backup|GET|/backup/metrics,backup,GET,/backup/metrics,/backup/metrics,web/dashboard/src/lib/backup.ts:105,handleGetMetrics,services/backup/handler.go,299,,GetMetrics,,,
certs|POST|/certs/ca,certs,POST,/certs/ca,/certs/ca,web/dashboard/src/lib/certs.ts:424,handleCreateCA,services/certs/handler.go,104,CreateCA,"GetCA, CreateCA, ListCAs, CountChildCAs, CountCertificatesByCA, ListCertificates, RevokeCertificate, DeleteCertificate, DeleteCA, CreateProfile, GetProfile, ListProfiles, CreateCertificate, GetCertificate, ListRevokedByCA","s.keycore.EnsureKey, s.exposure.Retire",,"crypto/rand.Int, crypto/x509.CreateCertificate, crypto/x509.MarshalPKIXPublicKey, crypto/x509.CreateRevocationList, encoding/json.Marshal, encoding/json.MarshalIndent, encoding/pem.EncodeToMemory, errors.New, fmt.Errorf, fmt.Sprintf, math/big.NewInt, strings.TrimSpace, strings.EqualFold, strings.Contains, strings.ToLower, strings.TrimPrefix"
certs|GET|/certs/ca,certs,GET,/certs/ca,/certs/ca,web/dashboard/src/lib/certs.ts:419,handleListCAs,services/certs/handler.go,119,ListCAs,ListCAs,,,"errors.New, strings.TrimSpace"
certs|DELETE|/certs/ca/{param},certs,DELETE,/certs/ca/{id},/certs/ca/{param},web/dashboard/src/lib/certs.ts:440,handleDeleteCA,services/certs/handler.go,133,DeleteCA,"GetCA, CountChildCAs, CountCertificatesByCA, ListCertificates, RevokeCertificate, DeleteCertificate, DeleteCA",s.exposure.Retire,,"errors.Is, strconv.ParseBool, strings.TrimSpace, errors.New, fmt.Errorf, strings.EqualFold, strings.Contains, strings.ToLower"
certs|POST|/certs,certs,POST,/certs,/certs,web/dashboard/src/lib/certs.ts:472,handleIssueCert,services/certs/handler.go,151,IssueCertificate,"GetProfile, GetCA, CreateCertificate, GetCertificate",,,"crypto/rand.Int, crypto/x509.CreateCertificate, encoding/pem.EncodeToMemory, errors.New, math/big.NewInt, strings.TrimSpace, time.Now, time.Duration, time.Parse"
certs|POST|/certs/sign-csr,certs,POST,/certs/sign-csr,/certs/sign-csr,web/dashboard/src/lib/certs.ts:489,handleSignCSR,services/certs/handler.go,170,IssueCertificate,"GetProfile, GetCA, CreateCertificate, GetCertificate",,,"strings.TrimSpace, crypto/rand.Int, crypto/x509.CreateCertificate, encoding/pem.EncodeToMemory, errors.New, math/big.NewInt, time.Now, time.Duration, time.Parse"
certs|GET|/certs,certs,GET,/certs,/certs,web/dashboard/src/lib/certs.ts:464,handleListCerts,services/certs/handler.go,195,ListCertificates,ListCertificates,,,"strconv.Atoi, strings.TrimSpace, errors.New"
certs|GET|/certs/{param},certs,GET,/certs/{id},/certs/{param},,handleGetCert,services/certs/handler.go,213,GetCertificate,GetCertificate,,,"errors.Is, errors.New, strings.TrimSpace"
certs|DELETE|/certs/{param},certs,DELETE,/certs/{id},/certs/{param},web/dashboard/src/lib/certs.ts:538,handleDeleteCert,services/certs/handler.go,304,DeleteCertificate,"GetCertificate, DeleteCertificate",,,"errors.Is, errors.New, strings.TrimSpace, strings.EqualFold, strings.Contains, strings.ToLower"
certs|GET|/certs/download/{param},certs,GET,/certs/download/{id},/certs/download/{param},web/dashboard/src/lib/certs.ts:567,handleDownloadCert,services/certs/handler.go,231,DownloadCertificate,GetCA,,,"errors.Is, strconv.ParseBool, strings.TrimSpace, crypto/x509.MarshalPKIXPublicKey, encoding/json.Marshal, encoding/json.MarshalIndent, encoding/pem.EncodeToMemory, errors.New, fmt.Sprintf, strings.EqualFold, software.sslmate.com/src/go-pkcs12.EncodeTrustStore"
certs|POST|/certs/{param}/renew,certs,POST,/certs/{id}/renew,/certs/{param}/renew,web/dashboard/src/lib/certs.ts:505,handleRenewCert,services/certs/handler.go,261,RenewCertificate,GetCertificate,,,"errors.New, strings.TrimSpace, strings.ToLower"
certs|POST|/certs/{param}/revoke,certs,POST,/certs/{id}/revoke,/certs/{param}/revoke,web/dashboard/src/lib/certs.ts:524,handleRevokeCert,services/certs/handler.go,283,RevokeCertificate,"GetCertificate, RevokeCertificate",,,"errors.New, strings.TrimSpace, strings.EqualFold"
certs|POST|/certs/profiles,certs,POST,/certs/profiles,/certs/profiles,,handleCreateProfile,services/certs/handler.go,321,CreateProfile,"CreateProfile, GetProfile",,,"errors.New, strings.TrimSpace"
certs|GET|/certs/profiles,certs,GET,/certs/profiles,/certs/profiles,web/dashboard/src/lib/certs.ts:602,handleListProfiles,services/certs/handler.go,336,ListProfiles,ListProfiles,,,"errors.New, strings.TrimSpace"
certs|GET|/certs/profiles/{param},certs,GET,/certs/profiles/{id},/certs/profiles/{param},,handleGetProfile,services/certs/handler.go,350,GetProfile,GetProfile,,,"errors.Is, errors.New, strings.TrimSpace"
certs|GET|/certs/crl,certs,GET,/certs/crl,/certs/crl,web/dashboard/src/lib/certs.ts:579,handleCRL,services/certs/handler.go,368,GenerateCRL,"GetCA, ListRevokedByCA, GetCertificate, GetCertificateBySerial, GetInventory, ListProtocolConfigs, UpsertProtocolConfig, GetProtocolConfig, GetCertExpiryAlertPolicy, UpsertCertExpiryAlertPolicy, ListTenants, ListCertificates, ListCertExpiryAlertStates, DeleteCertExpiryAlertState, UpdateCertificateStatus, UpsertCertExpiryAlertState, CreateACMEAccount, CreateACMEOrder, GetACMEOrder, UpdateACMEOrder, CreateCertificate, ListCAs, ListProfiles, GetProfileByName","s.acmeNonceMu.Lock, s.acmeNonceMu.Unlock, s.acmeRateMu.Lock, s.acmeRateMu.Unlock, s.securityProvider.WrapDEK, s.securityProvider.UnwrapDEK, s.mek.Load, s.events.Publish, s.securityProvider.Status, s.keycore.Sign","pkg/crypto.Zeroize, pkg/crypto.EncryptEnvelope, pkg/crypto.DecryptEnvelope, pkg/mek.Load","strings.TrimSpace, bytes.TrimSpace, context.Background, crypto/fips140.Enforced, crypto/rand.Int, crypto/rand.Read, crypto/sha256.Sum256, crypto/x509.CreateRevocationList, encoding/json.Unmarshal, encoding/json.Marshal, encoding/pem.EncodeToMemory, errors.New, errors.Is, fmt.Errorf, fmt.Sprintf, math/big.NewInt, net.ParseIP"
certs|GET|/certs/ocsp,certs,GET,/certs/ocsp,/certs/ocsp,web/dashboard/src/lib/certs.ts:598,handleOCSP,services/certs/handler.go,391,"CheckOCSPDER, CheckOCSP","GetCertificateBySerial, GetCA, GetInventory, ListProtocolConfigs, UpsertProtocolConfig, GetProtocolConfig, GetCertExpiryAlertPolicy, UpsertCertExpiryAlertPolicy, ListTenants, ListCertificates, ListCertExpiryAlertStates, DeleteCertExpiryAlertState, UpdateCertificateStatus, UpsertCertExpiryAlertState, CreateACMEAccount, CreateACMEOrder, GetACMEOrder, UpdateACMEOrder, GetCertificate, CreateCertificate, ListCAs, ListProfiles, GetProfileByName, UpdateCASignerEncryption","s.acmeNonceMu.Lock, s.acmeNonceMu.Unlock, s.acmeRateMu.Lock, s.acmeRateMu.Unlock, s.securityProvider.WrapDEK, s.securityProvider.UnwrapDEK, s.mek.Load, s.events.Publish, s.securityProvider.Status","pkg/crypto.Zeroize, pkg/crypto.EncryptEnvelope, pkg/crypto.DecryptEnvelope, pkg/mek.Load","io.ReadAll, strings.TrimSpace, bytes.TrimSpace, context.Background, crypto/fips140.Enforced, crypto/rand.Read, crypto/sha256.Sum256, encoding/json.Unmarshal, encoding/json.Marshal, errors.New, errors.Is, fmt.Errorf, fmt.Sprintf, net.ParseIP, os.Getenv, os.MkdirAll, path/filepath.Join, time.Now"
certs|POST|/certs/ocsp,certs,POST,/certs/ocsp,/certs/ocsp,,handleOCSP,services/certs/handler.go,391,"CheckOCSPDER, CheckOCSP","GetCertificateBySerial, GetCA, GetInventory, ListProtocolConfigs, UpsertProtocolConfig, GetProtocolConfig, GetCertExpiryAlertPolicy, UpsertCertExpiryAlertPolicy, ListTenants, ListCertificates, ListCertExpiryAlertStates, DeleteCertExpiryAlertState, UpdateCertificateStatus, UpsertCertExpiryAlertState, CreateACMEAccount, CreateACMEOrder, GetACMEOrder, UpdateACMEOrder, GetCertificate, CreateCertificate, ListCAs, ListProfiles, GetProfileByName, UpdateCASignerEncryption","s.acmeNonceMu.Lock, s.acmeNonceMu.Unlock, s.acmeRateMu.Lock, s.acmeRateMu.Unlock, s.securityProvider.WrapDEK, s.securityProvider.UnwrapDEK, s.mek.Load, s.events.Publish, s.securityProvider.Status","pkg/crypto.Zeroize, pkg/crypto.EncryptEnvelope, pkg/crypto.DecryptEnvelope, pkg/mek.Load","io.ReadAll, strings.TrimSpace, bytes.TrimSpace, context.Background, crypto/fips140.Enforced, crypto/rand.Read, crypto/sha256.Sum256, encoding/json.Unmarshal, encoding/json.Marshal, errors.New, errors.Is, fmt.Errorf, fmt.Sprintf, net.ParseIP, os.Getenv, os.MkdirAll, path/filepath.Join, time.Now"
certs|GET|/certs/inventory,certs,GET,/certs/inventory,/certs/inventory,web/dashboard/src/lib/certs.ts:607,handleInventory,services/certs/handler.go,433,Inventory,GetInventory,,,"errors.New, strings.TrimSpace"
certs|GET|/certs/security/status,certs,GET,/certs/security/status,/certs/security/status,web/dashboard/src/lib/certs.ts:612,handleSecurityStatus,services/certs/handler.go,447,SecurityStatus,,s.securityProvider.Status,,strings.TrimSpace
certs|GET|/certs/alert-policy,certs,GET,/certs/alert-policy,/certs/alert-policy,web/dashboard/src/lib/certs.ts:626,handleGetAlertPolicy,services/certs/handler.go,455,GetCertExpiryAlertPolicy,GetCertExpiryAlertPolicy,,,"errors.New, errors.Is, strings.TrimSpace"
certs|PUT|/certs/alert-policy,certs,PUT,/certs/alert-policy,/certs/alert-policy,web/dashboard/src/lib/certs.ts:634,handleUpsertAlertPolicy,services/certs/handler.go,469,"UpsertCertExpiryAlertPolicy, RunTenantExpiryAlertSweep","UpsertCertExpiryAlertPolicy, GetCertExpiryAlertPolicy, ListCertificates, ListCertExpiryAlertStates, DeleteCertExpiryAlertState, UpdateCertificateStatus, UpsertCertExpiryAlertState",,,"errors.New, strings.TrimSpace, fmt.Sprintf, strings.ToLower, strings.EqualFold, time.Now"
certs|GET|/certs/clm/policy,certs,GET,/certs/clm/policy,/certs/clm/policy,,handleGetCLMPolicy,services/certs/handler_clm.go,5,GetCLMPolicy,GetCLMPolicy,,,"errors.New, strings.TrimSpace"
certs|PUT|/certs/clm/policy,certs,PUT,/certs/clm/policy,/certs/clm/policy,web/dashboard/src/lib/certs.ts:683,handleUpsertCLMPolicy,services/certs/handler_clm.go,19,UpsertCLMPolicy,UpsertCLMPolicy,,,"errors.New, strings.TrimSpace, strings.ToLower, time.Now"
certs|GET|/certs/clm/status,certs,GET,/certs/clm/status,/certs/clm/status,web/dashboard/src/lib/certs.ts:675,handleCLMStatus,services/certs/handler_clm.go,51,GetCLMStatus,CertValidityStats,,,time.Now
certs|GET|/certs/renewal-intelligence,certs,GET,/certs/renewal-intelligence,/certs/renewal-intelligence,web/dashboard/src/lib/certs.ts:697,handleGetRenewalSummary,services/certs/handler_renewal.go,10,"GetRenewalSummary, publishAudit",ListCertRenewalInfo,,,"errors.New, strings.TrimSpace"
certs|GET|/certs/renewal-intelligence/{param},certs,GET,/certs/renewal-intelligence/{id},/certs/renewal-intelligence/{param},web/dashboard/src/lib/certs.ts:718,handleGetRenewalInfo,services/certs/handler_renewal.go,29,GetRenewalInfo,GetCertRenewalInfo,,,"errors.Is, errors.New, strings.TrimSpace"
certs|POST|/certs/renewal-intelligence/refresh,certs,POST,/certs/renewal-intelligence/refresh,/certs/renewal-intelligence/refresh,web/dashboard/src/lib/certs.ts:706,handleRefreshRenewalSummary,services/certs/handler_renewal.go,47,"RefreshTenantRenewalIntelligence, GetRenewalSummary","ListCertificates, ListCAs, ListCertRenewalInfo, DeleteCertRenewalInfo, UpsertCertRenewalInfo",,,"errors.New, fmt.Sprintf, strings.TrimSpace, strings.ToLower, time.Now"
certs|GET|/certs/star/summary,certs,GET,/certs/star/summary,/certs/star/summary,web/dashboard/src/lib/certs.ts:727,handleGetSTARSummary,services/certs/handler_star.go,10,GetACMESTARSummary,ListACMESTARSubscriptions,,,"errors.New, sort.Slice, strings.TrimSpace, strings.EqualFold, time.Now, time.Duration"
certs|GET|/certs/star/subscriptions,certs,GET,/certs/star/subscriptions,/certs/star/subscriptions,web/dashboard/src/lib/certs.ts:739,handleListSTARSubscriptions,services/certs/handler_star.go,24,,ListACMESTARSubscriptions,,,
certs|POST|/certs/star/subscriptions,certs,POST,/certs/star/subscriptions,/certs/star/subscriptions,web/dashboard/src/lib/certs.ts:751,handleCreateSTARSubscription,services/certs/handler_star.go,38,CreateACMESTARSubscription,"ListACMESTARSubscriptions, UpsertACMESTARSubscription",,,"fmt.Errorf, strings.TrimSpace, time.Now"
certs|POST|/certs/star/subscriptions/{param}/refresh,certs,POST,/certs/star/subscriptions/{id}/refresh,/certs/star/subscriptions/{param}/refresh,web/dashboard/src/lib/certs.ts:767,handleRefreshSTARSubscription,services/certs/handler_star.go,54,RefreshACMESTARSubscription,"GetACMESTARSubscription, UpsertACMESTARSubscription",,,"errors.Is, errors.New, strings.TrimSpace, time.Now"
certs|DELETE|/certs/star/subscriptions/{param},certs,DELETE,/certs/star/subscriptions/{id},/certs/star/subscriptions/{param},web/dashboard/src/lib/certs.ts:784,handleDeleteSTARSubscription,services/certs/handler_star.go,71,publishAudit,DeleteACMESTARSubscription,,,errors.Is
certs|GET|/certs/protocols,certs,GET,/certs/protocols,/certs/protocols,web/dashboard/src/lib/certs.ts:816,handleListProtocolConfigs,services/certs/handler.go,498,ListProtocolConfigs,ListProtocolConfigs,,,"errors.New, strings.TrimSpace"
certs|GET|/certs/protocols/schema,certs,GET,/certs/protocols/schema,/certs/protocols/schema,web/dashboard/src/lib/certs.ts:821,handleListProtocolSchemas,services/certs/handler.go,541,ListProtocolSchemas,,,,
certs|PUT|/certs/protocols/{param},certs,PUT,/certs/protocols/{protocol},/certs/protocols/{param},web/dashboard/src/lib/certs.ts:834,handleUpsertProtocolConfig,services/certs/handler.go,512,UpsertProtocolConfig,"UpsertProtocolConfig, GetProtocolConfig",,,"errors.New, strings.TrimSpace"
certs|POST|/certs/upload-3p,certs,POST,/certs/upload-3p,/certs/upload-3p,web/dashboard/src/lib/certs.ts:798,handleUploadThirdPartyCert,services/certs/handler.go,549,UploadThirdPartyCertificate,"GetCertificateBySerial, CreateCertificate, GetCertificate",,,"errors.New, errors.Is, strings.TrimSpace, strings.ToLower"
certs|GET|/acme/directory,certs,GET,/acme/directory,/acme/directory,,handleACMEDirectory,services/certs/handler.go,564,acmeOptions,,,,strings.TrimSpace
certs|HEAD|/acme/new-nonce,certs,HEAD,/acme/new-nonce,/acme/new-nonce,,handleACMENonce,services/certs/handler.go,596,ACMEIssueNonce,,"s.acmeNonceMu.Lock, s.acmeNonceMu.Unlock",,time.Now
certs|POST|/acme/new-nonce,certs,POST,/acme/new-nonce,/acme/new-nonce,,handleACMENonce,services/certs/handler.go,596,ACMEIssueNonce,,"s.acmeNonceMu.Lock, s.acmeNonceMu.Unlock",,time.Now
certs|POST|/acme/new-account,certs,POST,/acme/new-account,/acme/new-account,web/dashboard/src/lib/certs.ts:851,handleACMENewAccount,services/certs/handler.go,603,"ACMEConsumeNonce, ACMEIssueNonce, AcmeNewAccount",CreateACMEAccount,"s.acmeNonceMu.Lock, s.acmeNonceMu.Unlock",,"strings.TrimSpace, time.Since, time.Now, errors.New, strings.ToLower"
certs|POST|/acme/new-order,certs,POST,/acme/new-order,/acme/new-order,web/dashboard/src/lib/certs.ts:861,handleACMENewOrder,services/certs/handler.go,631,"ACMEConsumeNonce, ACMEIssueNonce, AcmeNewOrder","CreateACMEOrder, GetACMEOrder","s.acmeNonceMu.Lock, s.acmeNonceMu.Unlock",,"strings.TrimSpace, time.Since, time.Now, errors.New, fmt.Errorf, net.ParseIP, strings.HasPrefix, strings.ToLower, strings.EqualFold"
certs|GET|/acme/renewal-info/{param},certs,GET,/acme/renewal-info/{id},/acme/renewal-info/{param},,handleACMERenewalInfo,services/certs/handler_renewal.go,65,ACMERenewalInfo,,,,"encoding/json.NewEncoder, errors.Is, strconv.Itoa"
certs|GET|/acme/challenge/{param},certs,GET,/acme/challenge/{id},/acme/challenge/{param},web/dashboard/src/lib/certs.ts:969,handleACMEChallengeInfo,services/certs/handler.go,671,ACMEChallengeInfo,GetACMEOrder,,,"strings.TrimSpace, crypto/sha256.Sum256, errors.New, fmt.Sprintf, strings.Contains, strings.ToLower"
certs|POST|/acme/challenge/{param},certs,POST,/acme/challenge/{id},/acme/challenge/{param},web/dashboard/src/lib/certs.ts:881,handleACMEChallenge,services/certs/handler.go,693,AcmeRespondChallenge,"GetACMEOrder, UpdateACMEOrder",,,"errors.New, strings.TrimSpace"
certs|POST|/acme/finalize/{param},certs,POST,/acme/finalize/{id},/acme/finalize/{param},web/dashboard/src/lib/certs.ts:892,handleACMEFinalize,services/certs/handler.go,711,"ACMEConsumeNonce, ACMEIssueNonce, AcmeFinalize","GetACMEOrder, UpdateACMEOrder","s.acmeNonceMu.Lock, s.acmeNonceMu.Unlock",,"strings.TrimSpace, time.Since, time.Now, errors.New, strings.ToLower"
certs|GET|/acme/cert/{param},certs,GET,/acme/cert/{id},/acme/cert/{param},,handleACMECertDownload,services/certs/handler.go,735,DownloadCertificate,GetCA,,,"crypto/x509.MarshalPKIXPublicKey, encoding/json.Marshal, encoding/json.MarshalIndent, encoding/pem.EncodeToMemory, errors.New, fmt.Sprintf, strings.TrimSpace, strings.EqualFold, software.sslmate.com/src/go-pkcs12.EncodeTrustStore"
certs|GET|/est/.well-known/est/cacerts,certs,GET,/est/.well-known/est/cacerts,/est/.well-known/est/cacerts,,handleESTCACerts,services/certs/handler.go,754,CACertBundle,ListCAs,,,"strings.TrimSpace, strings.Join"
certs|GET|/est/.well-known/est/csrattrs,certs,GET,/est/.well-known/est/csrattrs,/est/.well-known/est/csrattrs,web/dashboard/src/lib/certs.ts:980,handleESTCSRAttrs,services/certs/handler.go,768,ESTCSRAttributes,ListProfiles,,,"errors.New, strings.TrimSpace"
certs|POST|/est/.well-known/est/simpleenroll,certs,POST,/est/.well-known/est/simpleenroll,/est/.well-known/est/simpleenroll,web/dashboard/src/lib/certs.ts:993,handleESTSimpleEnroll,services/certs/handler.go,782,ESTSimpleEnroll,,,,"io.ReadAll, strings.TrimSpace, errors.New"
certs|POST|/est/.well-known/est/simplereenroll,certs,POST,/est/.well-known/est/simplereenroll,/est/.well-known/est/simplereenroll,,handleESTSimpleReenroll,services/certs/handler.go,837,ESTSimpleReenroll,GetCertificate,,,"io.ReadAll, strings.TrimSpace, errors.New"
certs|POST|/est/.well-known/est/serverkeygen,certs,POST,/est/.well-known/est/serverkeygen,/est/.well-known/est/serverkeygen,web/dashboard/src/lib/certs.ts:908,handleESTServerKeygen,services/certs/handler.go,891,ESTServerKeygen,,,,errors.New
certs|GET|/scep/pkiclient.exe,certs,GET,/scep/pkiclient.exe,/scep/pkiclient.exe,web/dashboard/src/lib/certs.ts:1023,handleSCEPGet,services/certs/handler.go,906,"SCEPCapabilities, SCEPGetCert, CACertBundle","GetCertificate, GetCertificateBySerial, ListCAs",,,"strings.ToLower, strings.TrimSpace, strings.Join, errors.New"
certs|POST|/scep/pkiclient.exe,certs,POST,/scep/pkiclient.exe,/scep/pkiclient.exe,web/dashboard/src/lib/certs.ts:924,handleSCEPPKIOperation,services/certs/handler.go,951,"loadCASigner, SCEPPKIOperation",GetCA,,,"encoding/pem.EncodeToMemory, io.ReadAll, strings.ToLower, strings.TrimSpace, github.com/smallstep/scep.ParsePKIMessage, context.Background, errors.New"
certs|POST|/cmpv2,certs,POST,/cmpv2,/cmpv2,web/dashboard/src/lib/certs.ts:945,handleCMPv2,services/certs/handler.go,1083,CMPv2Request,GetCertificate,,,"bytes.TrimSpace, io.ReadAll, strings.TrimSpace, strings.EqualFold, encoding/json.Unmarshal, errors.New, fmt.Errorf, strings.ToLower"
certs|POST|/cmpv2/confirm,certs,POST,/cmpv2/confirm,/cmpv2/confirm,web/dashboard/src/lib/certs.ts:1039,handleCMPv2Confirm,services/certs/handler.go,1144,"CMPv2Confirm, CMPv2Error",GetCertificate,,,"errors.New, fmt.Errorf, strings.TrimSpace, strings.ToLower"
certs|GET|/certs/internal-mtls,certs,GET,/certs/internal-mtls,/certs/internal-mtls,web/dashboard/src/lib/certs.ts:1108,handleMTLSInventory,services/certs/internal_mtls_routes.go,78,,,,,
certs|PUT|/certs/internal-mtls/{param}/policy,certs,PUT,/certs/internal-mtls/{identity}/policy,/certs/internal-mtls/{param}/policy,web/dashboard/src/lib/certs.ts:1116,handleMTLSPolicy,services/certs/internal_mtls_routes.go,107,,,,,strings.TrimSpace
certs|POST|/certs/internal-mtls/{param}/rotate,certs,POST,/certs/internal-mtls/{identity}/rotate,/certs/internal-mtls/{param}/rotate,web/dashboard/src/lib/certs.ts:1123,handleMTLSRotate,services/certs/internal_mtls_routes.go,135,,,,,strings.TrimSpace
certs|POST|/certs/internal-mtls/rotate-all,certs,POST,/certs/internal-mtls/rotate-all,/certs/internal-mtls/rotate-all,web/dashboard/src/lib/certs.ts:1135,handleMTLSRotateAll,services/certs/internal_mtls_routes.go,164,,,,,strings.TrimSpace
certs|GET|/certs/edge-tls,certs,GET,/certs/edge-tls,/certs/edge-tls,web/dashboard/src/lib/certs.ts:1170,handleEdgeRead,services/certs/internal_mtls_routes.go,208,,,,,
certs|PUT|/certs/edge-tls,certs,PUT,/certs/edge-tls,/certs/edge-tls,web/dashboard/src/lib/certs.ts:1175,handleEdgePolicy,services/certs/internal_mtls_routes.go,222,,,,pkg/svctls.EnvoyCurves,strings.TrimSpace
certs|PUT|/certs/edge-tls/certificate,certs,PUT,/certs/edge-tls/certificate,/certs/edge-tls/certificate,web/dashboard/src/lib/certs.ts:1187,handleEdgeCertSource,services/certs/internal_mtls_routes.go,248,,,,,strings.TrimSpace
certs|POST|/certs/edge-tls/csr,certs,POST,/certs/edge-tls/csr,/certs/edge-tls/csr,web/dashboard/src/lib/certs.ts:1197,handleEdgeCSR,services/certs/internal_mtls_routes.go,287,,,,,strings.TrimSpace
certs|POST|/certs/edge-tls/certificate/install,certs,POST,/certs/edge-tls/certificate/install,/certs/edge-tls/certificate/install,web/dashboard/src/lib/certs.ts:1205,handleEdgeInstall,services/certs/internal_mtls_routes.go,314,,,,,
certs|GET|/certs/edge-tls/measurement,certs,GET,/certs/edge-tls/measurement,/certs/edge-tls/measurement,,handleEdgeMeasurement,services/certs/internal_mtls_routes.go,351,,,,,
certs|POST|/v1/enroll,certs,POST,/v1/enroll,/v1/enroll,,<inline func>,,,,,,,
cloud|POST|/cloud/accounts,cloud,POST,/cloud/accounts,/cloud/accounts,web/dashboard/src/lib/cloud.ts:135,handleRegisterAccount,services/cloud/handler.go,44,RegisterAccount,"CreateAccount, GetAccount",,"pkg/crypto.Zeroize, pkg/crypto.EncryptEnvelope","errors.New, strings.TrimSpace"
cloud|GET|/cloud/accounts,cloud,GET,/cloud/accounts,/cloud/accounts,,handleListAccounts,services/cloud/handler.go,59,ListAccounts,ListAccounts,,,"errors.New, strings.TrimSpace"
cloud|DELETE|/cloud/accounts/{param},cloud,DELETE,/cloud/accounts/{id},/cloud/accounts/{param},web/dashboard/src/lib/cloud.ts:152,handleDeleteAccount,services/cloud/handler.go,73,DeleteAccount,DeleteAccountCascade,s.exposure.Retire,,"strings.TrimSpace, errors.New"
cloud|POST|/cloud/region-mappings,cloud,POST,/cloud/region-mappings,/cloud/region-mappings,web/dashboard/src/lib/cloud.ts:171,handleSetRegionMapping,services/cloud/handler.go,92,SetRegionMapping,"SetRegionMapping, GetRegionMapping",,,"errors.New, strings.TrimSpace"
cloud|GET|/cloud/region-mappings,cloud,GET,/cloud/region-mappings,/cloud/region-mappings,,handleListRegionMappings,services/cloud/handler.go,107,ListRegionMappings,ListRegionMappings,,,"errors.New, strings.TrimSpace"
cloud|POST|/cloud/import,cloud,POST,/cloud/import,/cloud/import,web/dashboard/src/lib/cloud.ts:184,handleImportKey,services/cloud/handler.go,121,ImportKeyToCloud,"CreateBinding, GetBinding","s.keycore.GetKey, s.keycore.ExportKey",,"strings.TrimSpace, strings.EqualFold, encoding/json.Unmarshal, encoding/json.Marshal, errors.New"
cloud|POST|/cloud/bindings/{param}/rotate,cloud,POST,/cloud/bindings/{id}/rotate,/cloud/bindings/{param}/rotate,web/dashboard/src/lib/cloud.ts:204,handleRotateBinding,services/cloud/handler.go,143,RotateCloudKey,"GetBinding, GetAccount, UpdateBinding","s.providers.Get, s.keycore.RotateKey, s.keycore.GetKey, s.keycore.ExportKey",,"strings.TrimSpace, strings.EqualFold, errors.New"
cloud|POST|/cloud/sync,cloud,POST,/cloud/sync,/cloud/sync,web/dashboard/src/lib/cloud.ts:217,handleSync,services/cloud/handler.go,186,SyncCloudKeys,"CreateSyncJob, ListBindings, CompleteSyncJob, GetAccount, UpdateBinding, GetSyncJob",s.providers.Get,,"strings.TrimSpace, strings.EqualFold, encoding/json.Marshal, errors.New, strings.ToLower, strings.Join"
cloud|GET|/cloud/inventory,cloud,GET,/cloud/inventory,/cloud/inventory,,handleInventory,services/cloud/handler.go,208,DiscoverInventory,"UpdateAccountStatus, ListBindings",,,"errors.New, strings.TrimSpace"
cloud|GET|/cloud/bindings,cloud,GET,/cloud/bindings,/cloud/bindings,,handleListBindings,services/cloud/handler.go,227,ListBindings,ListBindings,,,"strconv.Atoi, strings.TrimSpace, errors.New"
cloud|GET|/cloud/bindings/{param},cloud,GET,/cloud/bindings/{id},/cloud/bindings/{param},,handleGetBinding,services/cloud/handler.go,243,GetBinding,GetBinding,,,"errors.New, strings.TrimSpace"
cluster-manager|GET|/healthz,cluster-manager,GET,/healthz,/healthz,,handleHealth,services/cluster-manager/handler.go,63,,,,,
cluster-manager|GET|/cluster/overview,cluster-manager,GET,/cluster/overview,/cluster/overview,web/dashboard/src/lib/cluster.ts:141,handleOverview,services/cluster-manager/handler.go,67,GetOverview,"ListProfiles, ListNodes, UpsertNode",,,strings.TrimSpace
cluster-manager|GET|/cluster/members,cluster-manager,GET,/cluster/members,/cluster/members,,handleMembers,services/cluster-manager/handler.go,81,ListMembers,ListNodes,,,"sort.Slice, strings.TrimSpace, strings.ToLower"
cluster-manager|GET|/cluster/nodes,cluster-manager,GET,/cluster/nodes,/cluster/nodes,,handleNodes,services/cluster-manager/handler.go,95,GetOverview,"ListProfiles, ListNodes, UpsertNode",,,strings.TrimSpace
cluster-manager|GET|/cluster/profiles,cluster-manager,GET,/cluster/profiles,/cluster/profiles,,handleListProfiles,services/cluster-manager/handler.go,109,ListProfiles,ListProfiles,,,strings.TrimSpace
cluster-manager|POST|/cluster/profiles,cluster-manager,POST,/cluster/profiles,/cluster/profiles,web/dashboard/src/lib/cluster.ts:155,handleUpsertProfile,services/cluster-manager/handler.go,123,UpsertProfile,"UpsertProfile, SetDefaultProfile, GetProfile",,,strings.TrimSpace
cluster-manager|DELETE|/cluster/profiles/{param},cluster-manager,DELETE,/cluster/profiles/{id},/cluster/profiles/{param},web/dashboard/src/lib/cluster.ts:170,handleDeleteProfile,services/cluster-manager/handler.go,139,DeleteProfile,"GetProfile, DeleteProfile",,,strings.TrimSpace
cluster-manager|POST|/cluster/join/request,cluster-manager,POST,/cluster/join/request,/cluster/join/request,web/dashboard/src/lib/cluster.ts:301,handleJoinRequest,services/cluster-manager/handler.go,157,CreateJoinToken,"ListProfiles, GetProfile, CreateJoinToken, PurgeExpiredJoinTokens",,,"strings.TrimSpace, time.Duration"
cluster-manager|POST|/cluster/join/complete,cluster-manager,POST,/cluster/join/complete,/cluster/join/complete,,handleJoinComplete,services/cluster-manager/handler.go,181,CompleteJoin,"GetJoinToken, GetProfile, UpsertNode, MarkJoinTokenConsumed, GetNode",,,strings.TrimSpace
cluster-manager|POST|/cluster/join/exchange,cluster-manager,POST,/cluster/join/exchange,/cluster/join/exchange,,handleJoinExchange,services/cluster-manager/handler.go,542,ExchangeJoin,SetMemberCredential,"s.replication.EnsurePublications, s.replication.EnsureReplicationRole, s.keycore.ExportMEK","pkg/clustercatalog.WithCore, pkg/clustercatalog.Components, pkg/crypto.RandomBytes, pkg/crypto.KEMSeal, pkg/crypto.Zeroize","encoding/hex.EncodeToString, encoding/json.Marshal, fmt.Errorf, strings.TrimSpace"
cluster-manager|POST|/cluster/join/connect,cluster-manager,POST,/cluster/join/connect,/cluster/join/connect,web/dashboard/src/lib/cluster.ts:314,handleJoinConnect,services/cluster-manager/handler.go,558,ConnectToCluster,SetLocalState,"s.keycore.CreateJoinKey, s.keycore.ImportMEK, s.replication.Subscribe","pkg/crypto.NewKEMRecipient, pkg/crypto.Zeroize, pkg/servicetoken.Authorize","bytes.NewReader, encoding/json.Marshal, encoding/json.Unmarshal, errors.New, fmt.Errorf, fmt.Sprintf, io.ReadAll, io.LimitReader, net/http.NewRequestWithContext, net/url.Parse, strings.TrimSpace, strings.TrimRight"
cluster-manager|POST|/cluster/nodes,cluster-manager,POST,/cluster/nodes,/cluster/nodes,web/dashboard/src/lib/cluster.ts:192,handleUpsertNode,services/cluster-manager/handler.go,214,UpsertNode,"ListProfiles, GetProfile, GetNode, UpsertNode",,,strings.TrimSpace
cluster-manager|POST|/cluster/nodes/{param}/heartbeat,cluster-manager,POST,/cluster/nodes/{id}/heartbeat,/cluster/nodes/{param}/heartbeat,,handleNodeHeartbeat,services/cluster-manager/handler.go,197,UpdateHeartbeat,"GetNode, ListProfiles, UpsertNode",,,strings.TrimSpace
cluster-manager|POST|/cluster/nodes/{param}/role,cluster-manager,POST,/cluster/nodes/{id}/role,/cluster/nodes/{param}/role,web/dashboard/src/lib/cluster.ts:219,handleNodeRoleUpdate,services/cluster-manager/handler.go,233,UpdateNodeRole,"GetNode, UpsertNode",,,strings.TrimSpace
cluster-manager|DELETE|/cluster/nodes/{param},cluster-manager,DELETE,/cluster/nodes/{id},/cluster/nodes/{param},web/dashboard/src/lib/cluster.ts:235,handleRemoveNode,services/cluster-manager/handler.go,257,RemoveNode,"GetNode, GetProfile, RevokeMemberCredential, DeleteNode",,,"strings.TrimSpace, strings.EqualFold"
cluster-manager|POST|/cluster/sync/events,cluster-manager,POST,/cluster/sync/events,/cluster/sync/events,,handlePublishSyncEvent,services/cluster-manager/handler.go,281,"ValidateSignedSyncRequest, PublishSyncEvent","ConsumeSyncNonce, GetProfile, CreateSyncEvent",s.events.Publish,pkg/clustersync.VerifySignature,"strings.TrimSpace, strconv.ParseInt, time.Duration, encoding/json.Marshal"
cluster-manager|GET|/cluster/sync/events,cluster-manager,GET,/cluster/sync/events,/cluster/sync/events,web/dashboard/src/lib/cluster.ts:264,handleListSyncEvents,services/cluster-manager/handler.go,325,ListSyncEvents,"GetNode, ListSyncEvents",,,"strconv.ParseInt, strconv.Atoi, strings.TrimSpace"
cluster-manager|POST|/cluster/sync/ack,cluster-manager,POST,/cluster/sync/ack,/cluster/sync/ack,,handleSyncAck,services/cluster-manager/handler.go,353,AckSync,"UpsertSyncCheckpoint, GetSyncCheckpoint",,,strings.TrimSpace
cluster-manager|GET|/cluster/sync/checkpoint,cluster-manager,GET,/cluster/sync/checkpoint,/cluster/sync/checkpoint,web/dashboard/src/lib/cluster.ts:274,handleSyncCheckpoint,services/cluster-manager/handler.go,369,GetSyncCheckpoint,GetSyncCheckpoint,,,strings.TrimSpace
cluster-manager|GET|/cluster/logs,cluster-manager,GET,/cluster/logs,/cluster/logs,web/dashboard/src/lib/cluster.ts:288,handleClusterLogs,services/cluster-manager/handler.go,385,ListClusterLogs,ListClusterLogs,,,"strconv.Atoi, strings.TrimSpace"
cluster-manager|GET|/cluster/replication/status,cluster-manager,GET,/cluster/replication/status,/cluster/replication/status,,handleReplicationStatus,services/cluster-manager/handler.go,535,ReplicationStatus,,"s.replication.WALLevel, s.replication.Publications, s.replication.SubscriptionStatuses",,
compliance|POST|/compliance/connections/{param}/resolve,compliance,POST,/compliance/connections/{id}/resolve,/compliance/connections/{param}/resolve,,resolveConnection,services/compliance/connections_service.go,78,,GetConnection,h.connVault.Open,,"errors.Is, fmt.Sprintf"
compliance|POST|/compliance/connections/import,compliance,POST,/compliance/connections/import,/compliance/connections/import,,importConnection,services/compliance/connections_service.go,121,,"GetConnection, CreateConnection",h.connVault.current,,"fmt.Sprintf, strings.TrimPrefix, strings.TrimSpace"
compliance|GET|/compliance/posture,compliance,GET,/compliance/posture,/compliance/posture,,handlePosture,services/compliance/handler.go,96,GetPosture,GetLatestPosture,,,"strings.EqualFold, strings.TrimSpace"
compliance|GET|/compliance/posture/history,compliance,GET,/compliance/posture/history,/compliance/posture/history,,handlePostureHistory,services/compliance/handler.go,111,GetPostureHistory,ListPostureHistory,,,strings.TrimSpace
compliance|GET|/compliance/posture/breakdown,compliance,GET,/compliance/posture/breakdown,/compliance/posture/breakdown,web/dashboard/src/lib/compliance.ts:304,handlePostureBreakdown,services/compliance/handler.go,126,GetPostureBreakdown,,,,
compliance|GET|/compliance/assessment,compliance,GET,/compliance/assessment,/compliance/assessment,web/dashboard/src/lib/compliance.ts:163,handleAssessment,services/compliance/handler.go,140,GetLatestAssessment,ListAssessmentRuns,,,"strings.TrimSpace, strings.EqualFold"
compliance|GET|/compliance/assessment/delta,compliance,GET,/compliance/assessment/delta,/compliance/assessment/delta,web/dashboard/src/lib/compliance.ts:207,handleAssessmentDelta,services/compliance/handler.go,155,GetAssessmentDelta,ListAssessmentRuns,,,"strings.TrimSpace, strings.EqualFold"
compliance|POST|/compliance/assessment/run,compliance,POST,/compliance/assessment/run,/compliance/assessment/run,web/dashboard/src/lib/compliance.ts:182,handleRunAssessment,services/compliance/handler.go,170,RunAssessment,"CreateAssessmentRun, ListAssessmentRuns",,,"strings.TrimSpace, strings.ToLower"
compliance|GET|/compliance/assessment/history,compliance,GET,/compliance/assessment/history,/compliance/assessment/history,web/dashboard/src/lib/compliance.ts:198,handleAssessmentHistory,services/compliance/handler.go,200,ListAssessmentRuns,ListAssessmentRuns,,,strings.TrimSpace
compliance|GET|/compliance/assessment/schedule,compliance,GET,/compliance/assessment/schedule,/compliance/assessment/schedule,web/dashboard/src/lib/compliance.ts:223,handleAssessmentSchedule,services/compliance/handler.go,277,GetAssessmentSchedule,GetAssessmentSchedule,,,strings.TrimSpace
compliance|PUT|/compliance/assessment/schedule,compliance,PUT,/compliance/assessment/schedule,/compliance/assessment/schedule,web/dashboard/src/lib/compliance.ts:272,handleUpsertAssessmentSchedule,services/compliance/handler.go,291,UpsertAssessmentSchedule,"GetAssessmentSchedule, UpsertAssessmentSchedule",,,"strings.TrimSpace, time.Now"
compliance|GET|/compliance/templates,compliance,GET,/compliance/templates,/compliance/templates,web/dashboard/src/lib/compliance.ts:239,handleListComplianceTemplates,services/compliance/handler.go,216,ListComplianceTemplates,ListComplianceTemplates,,,strings.TrimSpace
compliance|POST|/compliance/templates,compliance,POST,/compliance/templates,/compliance/templates,web/dashboard/src/lib/compliance.ts:247,handleUpsertComplianceTemplate,services/compliance/handler.go,244,UpsertComplianceTemplate,"UpsertComplianceTemplate, GetComplianceTemplate",,,"strings.TrimSpace, strings.ToLower"
compliance|GET|/compliance/templates/{param},compliance,GET,/compliance/templates/{id},/compliance/templates/{param},,handleGetComplianceTemplate,services/compliance/handler.go,230,GetComplianceTemplate,GetComplianceTemplate,,,strings.TrimSpace
compliance|DELETE|/compliance/templates/{param},compliance,DELETE,/compliance/templates/{id},/compliance/templates/{param},web/dashboard/src/lib/compliance.ts:263,handleDeleteComplianceTemplate,services/compliance/handler.go,264,DeleteComplianceTemplate,DeleteComplianceTemplate,,,strings.TrimSpace
compliance|GET|/compliance/frameworks,compliance,GET,/compliance/frameworks,/compliance/frameworks,web/dashboard/src/lib/compliance.ts:234,handleFrameworks,services/compliance/handler.go,319,ListFrameworks,,,,
compliance|GET|/compliance/frameworks/{param}/controls,compliance,GET,/compliance/frameworks/{id}/controls,/compliance/frameworks/{param}/controls,,handleFrameworkControls,services/compliance/handler.go,324,GetFrameworkControls,GetFrameworkAssessment,,,"errors.Is, strings.TrimSpace"
compliance|GET|/compliance/frameworks/{param}/gaps,compliance,GET,/compliance/frameworks/{id}/gaps,/compliance/frameworks/{param}/gaps,web/dashboard/src/lib/compliance.ts:352,handleFrameworkGaps,services/compliance/handler.go,344,GetFrameworkGaps,ListFrameworkGaps,,,strings.TrimSpace
compliance|GET|/compliance/keys/hygiene,compliance,GET,/compliance/keys/hygiene,/compliance/keys/hygiene,web/dashboard/src/lib/compliance.ts:329,handleKeyHygiene,services/compliance/handler.go,358,GetKeyHygieneReport,,,,
compliance|GET|/compliance/keys/orphaned,compliance,GET,/compliance/keys/orphaned,/compliance/keys/orphaned,,handleOrphaned,services/compliance/handler.go,372,GetOrphanedKeys,,,,
compliance|GET|/compliance/keys/expired,compliance,GET,/compliance/keys/expired,/compliance/keys/expired,,handleExpired,services/compliance/handler.go,386,GetExpiredKeys,,,,
compliance|GET|/compliance/audit/correlations,compliance,GET,/compliance/audit/correlations,/compliance/audit/correlations,,handleAuditCorrelations,services/compliance/handler.go,400,GetAuditCorrelations,,,,sort.Slice
compliance|GET|/compliance/audit/anomalies,compliance,GET,/compliance/audit/anomalies,/compliance/audit/anomalies,web/dashboard/src/lib/compliance.ts:380,handleAuditAnomalies,services/compliance/handler.go,415,GetAuditAnomalies,,,,"strings.ToLower, strings.Contains, time.Now"
compliance|GET|/compliance/cbom,compliance,GET,/compliance/cbom,/compliance/cbom,,handleCBOM,services/compliance/handler.go,429,GenerateCBOM,SaveCBOMSnapshot,,,strings.TrimSpace
compliance|GET|/compliance/cbom/summary,compliance,GET,/compliance/cbom/summary,/compliance/cbom/summary,,handleCBOMSummary,services/compliance/handler.go,443,CBOMSummary,,,,
compliance|GET|/compliance/cbom/export,compliance,GET,/compliance/cbom/export,/compliance/cbom/export,,handleCBOMExport,services/compliance/handler.go,457,GenerateCBOM,SaveCBOMSnapshot,,,"strings.ToLower, strings.TrimSpace"
compliance|GET|/compliance/cbom/pqc-readiness,compliance,GET,/compliance/cbom/pqc-readiness,/compliance/cbom/pqc-readiness,,handleCBOMPQCReadiness,services/compliance/handler.go,479,CBOMPQCReadiness,,,,
compliance|GET|/compliance/cbom/diff,compliance,GET,/compliance/cbom/diff,/compliance/cbom/diff,,handleCBOMDiff,services/compliance/handler.go,493,CBOMDiff,,,,strings.TrimSpace
compliance|GET|/compliance/evidence/export,compliance,GET,/compliance/evidence/export,/compliance/evidence/export,web/dashboard/src/lib/compliance.ts:410,handleEvidenceExport,services/compliance/handler_evidence.go,55,"GetPosture, GetLatestAssessment, RunAssessment, GetFrameworkControls, GetFrameworkGaps, GetKeyHygieneReport","GetLatestPosture, ListAssessmentRuns, CreateAssessmentRun, GetFrameworkAssessment, ListFrameworkGaps",,"pkg/httpsanitize.ContentDispositionFilename, pkg/httpsanitize.HeaderValue","encoding/json.NewEncoder, fmt.Sprintf, strings.ToLower, strings.TrimSpace, strings.EqualFold, time.Now, errors.Is"
compliance|GET|/compliance/risk/keys,compliance,GET,/compliance/risk/keys,/compliance/risk/keys,web/dashboard/src/lib/dri.ts:54,handleGetKeyRiskRanking,services/compliance/handler_dri.go,194,publishAudit,,,,
compliance|GET|/compliance/risk/summary,compliance,GET,/compliance/risk/summary,/compliance/risk/summary,web/dashboard/src/lib/dri.ts:62,handleGetDataRiskSummary,services/compliance/handler_dri.go,244,,,,,"strings.ToLower, strings.Contains, strings.HasPrefix, time.Now"
compliance|GET|/compliance/risk/remediation,compliance,GET,/compliance/risk/remediation,/compliance/risk/remediation,web/dashboard/src/lib/dri.ts:82,handleGetRiskRemediation,services/compliance/handler_dri.go,322,,,,,"strings.ToLower, strings.Contains, strings.HasPrefix"
compliance|GET|/compliance/playbooks/catalog,compliance,GET,/compliance/playbooks/catalog,/compliance/playbooks/catalog,,playbookCatalog,services/compliance/handler_playbooks.go,153,,,,,
compliance|GET|/compliance/playbooks/summary,compliance,GET,/compliance/playbooks/summary,/compliance/playbooks/summary,,playbookSummary,services/compliance/handler_playbooks.go,500,,GetPlaybookSummary,,,
compliance|GET|/compliance/playbooks,compliance,GET,/compliance/playbooks,/compliance/playbooks,,listPlaybooks,services/compliance/handler_playbooks.go,162,,ListPlaybooks,,,
compliance|POST|/compliance/playbooks,compliance,POST,/compliance/playbooks,/compliance/playbooks,,createPlaybook,services/compliance/handler_playbooks.go,182,,CreatePlaybook,h.triggers.Invalidate,,
compliance|GET|/compliance/playbooks/{param},compliance,GET,/compliance/playbooks/{id},/compliance/playbooks/{param},,getPlaybook,services/compliance/handler_playbooks.go,174,,,,,
compliance|PUT|/compliance/playbooks/{param},compliance,PUT,/compliance/playbooks/{id},/compliance/playbooks/{param},,updatePlaybook,services/compliance/handler_playbooks.go,201,,"UpdatePlaybook, ResetThresholdHits, GetConnection, DeletePlaybook, ListPlaybookRuns, GetPlaybookRun, GetPlaybookSummary, GetPlaybook","h.triggers.Invalidate, h.executor.Start, h.executor.Execute, h.executor.DryRun, h.executor.Cancel",pkg/route.Allowed,"context.WithTimeout, context.Background, errors.Is, strconv.Quote, strconv.Itoa, strconv.Atoi, strings.TrimSpace, strings.Join"
compliance|DELETE|/compliance/playbooks/{param},compliance,DELETE,/compliance/playbooks/{id},/compliance/playbooks/{param},,deletePlaybook,services/compliance/handler_playbooks.go,273,,"DeletePlaybook, ResetThresholdHits",h.triggers.Invalidate,,errors.Is
compliance|POST|/compliance/playbooks/{param}/run,compliance,POST,/compliance/playbooks/{id}/run,/compliance/playbooks/{param}/run,,runPlaybook,services/compliance/handler_playbooks.go,332,,,,,
compliance|POST|/compliance/playbooks/{param}/dry-run,compliance,POST,/compliance/playbooks/{id}/dry-run,/compliance/playbooks/{param}/dry-run,,dryRunPlaybook,services/compliance/handler_playbooks.go,366,,,h.executor.DryRun,pkg/route.Allowed,
compliance|GET|/compliance/playbooks/{param}/runs,compliance,GET,/compliance/playbooks/{id}/runs,/compliance/playbooks/{param}/runs,,listPlaybookRuns,services/compliance/handler_playbooks.go,390,,ListPlaybookRuns,,,strconv.Atoi
compliance|GET|/compliance/playbook-runs,compliance,GET,/compliance/playbook-runs,/compliance/playbook-runs,,searchRuns,services/compliance/handler_playbooks.go,402,,ListPlaybookRuns,,,strconv.Atoi
compliance|GET|/compliance/playbook-runs/{param},compliance,GET,/compliance/playbook-runs/{run_id},/compliance/playbook-runs/{param},,getRun,services/compliance/handler_playbooks.go,427,,,,,
compliance|POST|/compliance/playbook-runs/{param}/cancel,compliance,POST,/compliance/playbook-runs/{run_id}/cancel,/compliance/playbook-runs/{param}/cancel,,cancelRun,services/compliance/handler_playbooks.go,435,,,h.executor.Cancel,,strings.Join
compliance|POST|/compliance/playbook-runs/{param}/retry,compliance,POST,/compliance/playbook-runs/{run_id}/retry,/compliance/playbook-runs/{param}/retry,,retryRun,services/compliance/handler_playbooks.go,464,,,,,
compliance|GET|/compliance/playbooks/connections,compliance,GET,/compliance/playbooks/connections,/compliance/playbooks/connections,"web/dashboard/src/lib/discovery.ts:379, web/dashboard/src/lib/governance.ts:218",listConnections,services/compliance/playbook_connections.go,293,,ListConnections,,,
compliance|POST|/compliance/playbooks/connections,compliance,POST,/compliance/playbooks/connections,/compliance/playbooks/connections,,createConnection,services/compliance/playbook_connections.go,302,,CreateConnection,,,strings.TrimSpace
compliance|PUT|/compliance/playbooks/connections/{param},compliance,PUT,/compliance/playbooks/connections/{id},/compliance/playbooks/connections/{param},,updateConnection,services/compliance/playbook_connections.go,323,,"GetConnection, UpdateConnection","h.connVault.Open, h.connVault.current",,"errors.Is, strings.TrimSpace"
compliance|DELETE|/compliance/playbooks/connections/{param},compliance,DELETE,/compliance/playbooks/connections/{id},/compliance/playbooks/connections/{param},,deleteConnection,services/compliance/playbook_connections.go,392,,"GetConnection, ListPlaybooks, DeleteConnection, ListAllPlaybooks, CreateConnection, UpdatePlaybook","h.usage.Users, h.connVault.current, h.executor.testConnection",pkg/tenantcheck.InternalServiceTenant,"errors.Is, fmt.Sprintf, fmt.Errorf, strings.Join, time.NewTicker, time.After"
compliance|POST|/compliance/playbooks/connections/{param}/test,compliance,POST,/compliance/playbooks/connections/{id}/test,/compliance/playbooks/connections/{param}/test,,testConnection,services/compliance/playbook_connections.go,461,,"GetConnection, ListAllPlaybooks, CreateConnection, UpdatePlaybook",h.executor.testConnection,pkg/tenantcheck.InternalServiceTenant,"errors.Is, fmt.Sprintf, fmt.Errorf, time.NewTicker, time.After"
confidential|GET|/confidential/policy,confidential,GET,/confidential/policy,/confidential/policy,web/dashboard/src/lib/confidential.ts:137,getPolicy,services/confidential/handler.go,59,GetAttestationPolicy,GetAttestationPolicy,,,strings.TrimSpace
confidential|PUT|/confidential/policy,confidential,PUT,/confidential/policy,/confidential/policy,web/dashboard/src/lib/confidential.ts:149,setPolicy,services/confidential/handler.go,68,UpdateAttestationPolicy,UpsertAttestationPolicy,,,
confidential|GET|/confidential/summary,confidential,GET,/confidential/summary,/confidential/summary,web/dashboard/src/lib/confidential.ts:165,getSummary,services/confidential/handler.go,92,GetAttestationSummary,ListReleaseRecords,,,"strings.TrimSpace, strings.ToLower"
confidential|POST|/confidential/evaluate,confidential,POST,/confidential/evaluate,/confidential/evaluate,web/dashboard/src/lib/confidential.ts:177,evaluate,services/confidential/handler.go,101,EvaluateAttestedRelease,InsertReleaseRecord,,,
confidential|GET|/confidential/releases,confidential,GET,/confidential/releases,/confidential/releases,web/dashboard/src/lib/confidential.ts:196,listReleases,services/confidential/handler.go,137,ListReleaseHistory,ListReleaseRecords,,,"strconv.Atoi, strings.TrimSpace"
confidential|GET|/confidential/releases/{param},confidential,GET,/confidential/releases/{id},/confidential/releases/{param},web/dashboard/src/lib/confidential.ts:208,getRelease,services/confidential/handler.go,151,GetReleaseRecord,GetReleaseRecord,,,strings.TrimSpace
confidential|POST|/confidential/release,confidential,POST,/confidential/release,/confidential/release,,releaseKey,services/confidential/handler_release.go,19,ReleaseKey,InsertReleaseRecord,s.releaser.AttestedRelease,,"errors.As, strings.Join, strings.TrimSpace"
dataprotect|POST|/tokenize,dataprotect,POST,/tokenize,/tokenize,web/dashboard/src/lib/dataprotect.ts:468,handleTokenize,services/dataprotect/handler.go,120,"Tokenize, writeAudit",WriteAuditEntry,,,"context.Background, fmt.Sprintf"
dataprotect|GET|/kdf/keys,dataprotect,GET,/kdf/keys,/kdf/keys,web/dashboard/src/lib/dataprotect.ts:902,handleListKeyKDF,services/dataprotect/handler.go,514,ListKeyKDF,"ListKeyKDF, CountLegacyTokensForKey",,,
dataprotect|POST|/kdf/keys/{param}/start-migration,dataprotect,POST,/kdf/keys/{key_id}/start-migration,/kdf/keys/{param}/start-migration,,handleKDFTransition,services/dataprotect/handler.go,528,"StartKDFMigration, CompleteKDFMigration, AbortKDFMigration","TransitionKeyKDF, GetKeyKDF, CountLegacyTokensForKey",,,"strings.HasSuffix, errors.Is, fmt.Sprintf"
dataprotect|POST|/kdf/keys/{param}/reprotect-vault,dataprotect,POST,/kdf/keys/{key_id}/reprotect-vault,/kdf/keys/{param}/reprotect-vault,,handleKDFReprotectVault,services/dataprotect/handler.go,563,ReprotectVaultTokens,,,,
dataprotect|POST|/kdf/keys/{param}/complete,dataprotect,POST,/kdf/keys/{key_id}/complete,/kdf/keys/{param}/complete,,handleKDFTransition,services/dataprotect/handler.go,528,"StartKDFMigration, CompleteKDFMigration, AbortKDFMigration","TransitionKeyKDF, GetKeyKDF, CountLegacyTokensForKey",,,"strings.HasSuffix, errors.Is, fmt.Sprintf"
dataprotect|POST|/kdf/keys/{param}/abort,dataprotect,POST,/kdf/keys/{key_id}/abort,/kdf/keys/{param}/abort,,handleKDFTransition,services/dataprotect/handler.go,528,"StartKDFMigration, CompleteKDFMigration, AbortKDFMigration","TransitionKeyKDF, GetKeyKDF, CountLegacyTokensForKey",,,"strings.HasSuffix, errors.Is, fmt.Sprintf"
dataprotect|POST|/detokenize,dataprotect,POST,/detokenize,/detokenize,web/dashboard/src/lib/dataprotect.ts:489,handleDetokenize,services/dataprotect/handler.go,137,"Detokenize, writeAudit",WriteAuditEntry,,,"context.Background, fmt.Sprintf"
dataprotect|POST|/tokenize/batch,dataprotect,POST,/tokenize/batch,/tokenize/batch,,handleTokenize,services/dataprotect/handler.go,120,"Tokenize, writeAudit",WriteAuditEntry,,,"context.Background, fmt.Sprintf"
dataprotect|POST|/detokenize/batch,dataprotect,POST,/detokenize/batch,/detokenize/batch,,handleDetokenize,services/dataprotect/handler.go,137,"Detokenize, writeAudit",WriteAuditEntry,,,"context.Background, fmt.Sprintf"
dataprotect|GET|/token-vaults,dataprotect,GET,/token-vaults,/token-vaults,web/dashboard/src/lib/dataprotect.ts:425,handleListTokenVaults,services/dataprotect/handler.go,154,ListTokenVaults,ListTokenVaults,,,strings.TrimSpace
dataprotect|POST|/token-vaults,dataprotect,POST,/token-vaults,/token-vaults,web/dashboard/src/lib/dataprotect.ts:430,handleCreateTokenVault,services/dataprotect/handler.go,168,"CreateTokenVault, writeAudit","CreateTokenVault, GetTokenVault, WriteAuditEntry",s.keycore.GetKey,,"context.Background, fmt.Sprintf, strings.TrimSpace, strings.ToLower"
dataprotect|GET|/token-vaults/external-schema,dataprotect,GET,/token-vaults/external-schema,/token-vaults/external-schema,web/dashboard/src/lib/dataprotect.ts:459,handleGetTokenVaultExternalSchema,services/dataprotect/handler.go,199,GetExternalTokenVaultSetup,,,,strings.TrimSpace
dataprotect|GET|/token-vaults/{param},dataprotect,GET,/token-vaults/{id},/token-vaults/{param},,handleGetTokenVault,services/dataprotect/handler.go,185,GetTokenVault,,,,
dataprotect|DELETE|/token-vaults/{param},dataprotect,DELETE,/token-vaults/{id},/token-vaults/{param},web/dashboard/src/lib/dataprotect.ts:450,handleDeleteTokenVault,services/dataprotect/handler.go,214,"DeleteTokenVault, writeAudit","DeleteTokenVault, WriteAuditEntry",,,"context.Background, fmt.Sprintf, strings.EqualFold, strings.TrimSpace"
dataprotect|POST|/fpe/encrypt,dataprotect,POST,/fpe/encrypt,/fpe/encrypt,web/dashboard/src/lib/dataprotect.ts:505,handleFPEEncrypt,services/dataprotect/handler.go,231,"FPEEncrypt, writeAudit",WriteAuditEntry,,,"context.Background, fmt.Sprintf"
dataprotect|POST|/fpe/decrypt,dataprotect,POST,/fpe/decrypt,/fpe/decrypt,web/dashboard/src/lib/dataprotect.ts:516,handleFPEDecrypt,services/dataprotect/handler.go,248,"FPEDecrypt, writeAudit",WriteAuditEntry,,,"context.Background, fmt.Sprintf"
dataprotect|POST|/mask,dataprotect,POST,/mask,/mask,,handleMask,services/dataprotect/handler.go,265,,,,,
dataprotect|POST|/mask/preview,dataprotect,POST,/mask/preview,/mask/preview,,handleMaskPreview,services/dataprotect/handler.go,269,,,,,
dataprotect|GET|/masking-policies,dataprotect,GET,/masking-policies,/masking-policies,,handleListMaskingPolicies,services/dataprotect/handler.go,291,ListMaskingPolicies,ListMaskingPolicies,,,strings.TrimSpace
dataprotect|POST|/masking-policies,dataprotect,POST,/masking-policies,/masking-policies,web/dashboard/src/lib/dataprotect.ts:528,handleCreateMaskingPolicy,services/dataprotect/handler.go,305,CreateMaskingPolicy,"CreateMaskingPolicy, GetMaskingPolicy",s.keycore.GetKey,,strings.TrimSpace
dataprotect|PUT|/masking-policies/{param},dataprotect,PUT,/masking-policies/{id},/masking-policies/{param},,handleUpdateMaskingPolicy,services/dataprotect/handler.go,321,UpdateMaskingPolicy,UpdateMaskingPolicy,,,strings.TrimSpace
dataprotect|DELETE|/masking-policies/{param},dataprotect,DELETE,/masking-policies/{id},/masking-policies/{param},,handleDeleteMaskingPolicy,services/dataprotect/handler.go,339,DeleteMaskingPolicy,DeleteMaskingPolicy,,,strings.TrimSpace
dataprotect|POST|/redact,dataprotect,POST,/redact,/redact,,handleRedact,services/dataprotect/handler.go,352,,,,,
dataprotect|POST|/redact/detect,dataprotect,POST,/redact/detect,/redact/detect,,handleRedactDetect,services/dataprotect/handler.go,356,,,,,
dataprotect|GET|/redaction-policies,dataprotect,GET,/redaction-policies,/redaction-policies,,handleListRedactionPolicies,services/dataprotect/handler.go,382,ListRedactionPolicies,ListRedactionPolicies,,,strings.TrimSpace
dataprotect|POST|/redaction-policies,dataprotect,POST,/redaction-policies,/redaction-policies,web/dashboard/src/lib/dataprotect.ts:556,handleCreateRedactionPolicy,services/dataprotect/handler.go,396,CreateRedactionPolicy,"CreateRedactionPolicy, GetRedactionPolicy",,,strings.TrimSpace
dataprotect|POST|/app/encrypt-fields,dataprotect,POST,/app/encrypt-fields,/app/encrypt-fields,web/dashboard/src/lib/dataprotect.ts:583,handleAppEncryptFields,services/dataprotect/handler.go,412,"EncryptFields, writeAudit",WriteAuditEntry,,,"context.Background, fmt.Sprintf"
dataprotect|POST|/app/decrypt-fields,dataprotect,POST,/app/decrypt-fields,/app/decrypt-fields,web/dashboard/src/lib/dataprotect.ts:594,handleAppDecryptFields,services/dataprotect/handler.go,429,"DecryptFields, writeAudit",WriteAuditEntry,,,"context.Background, fmt.Sprintf"
dataprotect|POST|/app/envelope-encrypt,dataprotect,POST,/app/envelope-encrypt,/app/envelope-encrypt,web/dashboard/src/lib/dataprotect.ts:605,handleAppEnvelopeEncrypt,services/dataprotect/handler.go,446,"EnvelopeEncrypt, writeAudit",WriteAuditEntry,,,"context.Background, fmt.Sprintf"
dataprotect|POST|/app/envelope-decrypt,dataprotect,POST,/app/envelope-decrypt,/app/envelope-decrypt,web/dashboard/src/lib/dataprotect.ts:616,handleAppEnvelopeDecrypt,services/dataprotect/handler.go,463,"EnvelopeDecrypt, writeAudit",WriteAuditEntry,,,context.Background
dataprotect|POST|/app/searchable-encrypt,dataprotect,POST,/app/searchable-encrypt,/app/searchable-encrypt,web/dashboard/src/lib/dataprotect.ts:627,handleAppSearchableEncrypt,services/dataprotect/handler.go,480,"SearchableEncrypt, writeAudit",WriteAuditEntry,,,context.Background
dataprotect|POST|/app/searchable-decrypt,dataprotect,POST,/app/searchable-decrypt,/app/searchable-decrypt,web/dashboard/src/lib/dataprotect.ts:638,handleAppSearchableDecrypt,services/dataprotect/handler.go,497,"SearchableDecrypt, writeAudit",WriteAuditEntry,,,context.Background
dataprotect|GET|/policy,dataprotect,GET,/policy,/policy,web/dashboard/src/lib/dataprotect.ts:649,handleGetDataProtectionPolicy,services/dataprotect/handler.go,587,GetDataProtectionPolicy,GetDataProtectionPolicy,,,"errors.Is, strings.TrimSpace"
dataprotect|PUT|/policy,dataprotect,PUT,/policy,/policy,web/dashboard/src/lib/dataprotect.ts:661,handleSetDataProtectionPolicy,services/dataprotect/handler.go,601,"UpdateDataProtectionPolicy, writeAudit","UpsertDataProtectionPolicy, WriteAuditEntry",,,"context.Background, fmt.Sprintf"
dataprotect|GET|/field-protection/profiles,dataprotect,GET,/field-protection/profiles,/field-protection/profiles,,handleListFieldProtectionProfiles,services/dataprotect/handler.go,626,ListFieldProtectionProfiles,ListFieldProtectionProfiles,,,"strings.TrimSpace, strings.ToLower"
dataprotect|POST|/field-protection/profiles,dataprotect,POST,/field-protection/profiles,/field-protection/profiles,,handleCreateFieldProtectionProfile,services/dataprotect/handler.go,648,UpsertFieldProtectionProfile,UpsertFieldProtectionProfile,,,
dataprotect|PUT|/field-protection/profiles/{param},dataprotect,PUT,/field-protection/profiles/{id},/field-protection/profiles/{param},,handleUpdateFieldProtectionProfile,services/dataprotect/handler.go,672,UpsertFieldProtectionProfile,UpsertFieldProtectionProfile,,,"strings.TrimSpace, strings.EqualFold"
dataprotect|DELETE|/field-protection/profiles/{param},dataprotect,DELETE,/field-protection/profiles/{id},/field-protection/profiles/{param},,handleDeleteFieldProtectionProfile,services/dataprotect/handler.go,706,DeleteFieldProtectionProfile,DeleteFieldProtectionProfile,,,"strings.TrimSpace, errors.Is"
dataprotect|GET|/field-protection/resolve,dataprotect,GET,/field-protection/resolve,/field-protection/resolve,,handleResolveFieldProtectionPolicy,services/dataprotect/handler.go,724,ResolveFieldProtectionPolicyBundle,"GetFieldEncryptionWrapper, ResolveFieldProtectionProfiles",,,"strconv.Itoa, strings.TrimSpace, errors.Is, strings.ToLower, strings.EqualFold"
dataprotect|GET|/field-encryption/wrappers,dataprotect,GET,/field-encryption/wrappers,/field-encryption/wrappers,web/dashboard/src/lib/dataprotect.ts:679,handleListFieldEncryptionWrappers,services/dataprotect/handler.go,762,ListFieldEncryptionWrappers,ListFieldEncryptionWrappers,,,strings.TrimSpace
dataprotect|POST|/field-encryption/register/init,dataprotect,POST,/field-encryption/register/init,/field-encryption/register/init,web/dashboard/src/lib/dataprotect.ts:687,handleInitFieldEncryptionWrapperRegistration,services/dataprotect/handler.go,776,InitFieldEncryptionWrapperRegistration,,,,
dataprotect|POST|/field-encryption/register/complete,dataprotect,POST,/field-encryption/register/complete,/field-encryption/register/complete,web/dashboard/src/lib/dataprotect.ts:701,handleCompleteFieldEncryptionWrapperRegistration,services/dataprotect/handler.go,792,CompleteFieldEncryptionWrapperRegistration,"GetFieldEncryptionWrapperChallenge, GetFieldEncryptionWrapper, UpsertFieldEncryptionWrapper, MarkFieldEncryptionWrapperChallengeUsed",,pkg/crypto.Ed25519VerifyRaw,"errors.Is, strings.TrimSpace, strings.ToLower, strings.EqualFold"
dataprotect|GET|/field-encryption/sdk/download,dataprotect,GET,/field-encryption/sdk/download,/field-encryption/sdk/download,web/dashboard/src/lib/dataprotect.ts:817,handleDownloadFieldEncryptionWrapperSDK,services/dataprotect/handler.go,814,BuildFieldEncryptionWrapperSDKArtifact,,,,"strings.TrimSpace, crypto/sha256.Sum256, encoding/hex.EncodeToString"
dataprotect|POST|/field-encryption/leases,dataprotect,POST,/field-encryption/leases,/field-encryption/leases,web/dashboard/src/lib/dataprotect.ts:729,handleIssueFieldEncryptionLease,services/dataprotect/handler.go,832,IssueFieldEncryptionLease,"GetFieldEncryptionWrapper, ListFieldEncryptionLeases, CreateFieldEncryptionLease",s.keycore.GetKey,,"errors.Is, strings.TrimSpace, strings.ToLower, time.Duration"
dataprotect|GET|/field-encryption/leases,dataprotect,GET,/field-encryption/leases,/field-encryption/leases,web/dashboard/src/lib/dataprotect.ts:758,handleListFieldEncryptionLeases,services/dataprotect/handler.go,850,ListFieldEncryptionLeases,ListFieldEncryptionLeases,,,strings.TrimSpace
dataprotect|POST|/field-encryption/receipts,dataprotect,POST,/field-encryption/receipts,/field-encryption/receipts,web/dashboard/src/lib/dataprotect.ts:775,handleSubmitFieldEncryptionReceipt,services/dataprotect/handler.go,870,SubmitFieldEncryptionUsageReceipt,"GetFieldEncryptionWrapper, GetFieldEncryptionUsageReceiptByNonce, RevokeFieldEncryptionLease, GetFieldEncryptionLease, ConsumeFieldEncryptionLeaseOps, CreateFieldEncryptionUsageReceipt",,,"errors.Is, strings.TrimSpace, strings.ToLower"
dataprotect|POST|/field-encryption/leases/{param}/renew,dataprotect,POST,/field-encryption/leases/{id}/renew,/field-encryption/leases/{param}/renew,,handleRenewFieldEncryptionLease,services/dataprotect/handler.go,888,RenewFieldEncryptionLease,"GetFieldEncryptionLease, RevokeFieldEncryptionLease",,,"strings.TrimSpace, errors.Is, strings.ToLower"
dataprotect|POST|/field-encryption/leases/{param}/revoke,dataprotect,POST,/field-encryption/leases/{id}/revoke,/field-encryption/leases/{param}/revoke,web/dashboard/src/lib/dataprotect.ts:799,handleRevokeFieldEncryptionLease,services/dataprotect/handler.go,919,RevokeFieldEncryptionLease,RevokeFieldEncryptionLease,,,"strings.TrimSpace, errors.Is"
dataprotect|GET|/audit-log,dataprotect,GET,/audit-log,/audit-log,web/dashboard/src/lib/dataprotect.ts:868,handleListAuditLog,services/dataprotect/handler.go,1090,ListAuditLog,ListAuditLog,,,"encoding/json.NewEncoder, strconv.Atoi, strings.TrimSpace"
dataprotect|GET|/stats,dataprotect,GET,/stats,/stats,web/dashboard/src/lib/dataprotect.ts:852,handleGetStats,services/dataprotect/handler.go,1121,GetStats,GetStats,,,"encoding/json.NewEncoder, strings.TrimSpace"
discovery|POST|/discovery/scan,discovery,POST,/discovery/scan,/discovery/scan,web/dashboard/src/lib/discovery.ts:69,startScan,services/discovery/handler.go,68,StartScan,CreateScan,"s.mu.Lock, s.mu.Unlock, s.scans.Add, s.scans.Done",,"errors.Is, context.WithTimeout, context.WithoutCancel, strings.TrimSpace, strings.Join"
discovery|GET|/discovery/scans,discovery,GET,/discovery/scans,/discovery/scans,web/dashboard/src/lib/discovery.ts:89,listScans,services/discovery/handler.go,90,ListScans,ListScans,,,strings.TrimSpace
discovery|GET|/discovery/scans/{param},discovery,GET,/discovery/scans/{id},/discovery/scans/{param},web/dashboard/src/lib/discovery.ts:101,getScan,services/discovery/handler.go,99,GetScan,GetScan,,,strings.TrimSpace
discovery|GET|/discovery/assets,discovery,GET,/discovery/assets,/discovery/assets,web/dashboard/src/lib/discovery.ts:141,listAssets,services/discovery/handler.go,111,FindAssets,,,,"strings.ToLower, strings.TrimSpace, strings.Split"
discovery|GET|/discovery/crypto/assets,discovery,GET,/discovery/crypto/assets,/discovery/crypto/assets,,listAssets,services/discovery/handler.go,111,FindAssets,,,,"strings.ToLower, strings.TrimSpace, strings.Split"
discovery|GET|/discovery/assets/{param},discovery,GET,/discovery/assets/{id},/discovery/assets/{param},,getAsset,services/discovery/handler.go,133,GetAsset,GetAsset,,,strings.TrimSpace
discovery|PUT|/discovery/assets/{param}/classify,discovery,PUT,/discovery/assets/{id}/classify,/discovery/assets/{param}/classify,web/dashboard/src/lib/discovery.ts:183,reviewAsset,services/discovery/handler.go,146,ClassifyAsset,UpsertAsset,,,"errors.Is, strings.TrimSpace, strings.ToLower"
discovery|GET|/discovery/summary,discovery,GET,/discovery/summary,/discovery/summary,web/dashboard/src/lib/discovery.ts:164,summary,services/discovery/handler.go,164,Summary,,,,strings.TrimSpace
discovery|GET|/discovery/targets,discovery,GET,/discovery/targets,/discovery/targets,web/dashboard/src/lib/discovery.ts:196,listTargets,services/discovery/handler.go,173,ListTargets,ListTargets,,,
discovery|POST|/discovery/targets,discovery,POST,/discovery/targets,/discovery/targets,web/dashboard/src/lib/discovery.ts:210,addTarget,services/discovery/handler.go,186,AddTarget,"ListTargets, CreateTarget",,,"errors.Is, fmt.Errorf, strings.ToLower, strings.TrimSpace"
discovery|DELETE|/discovery/targets/{param},discovery,DELETE,/discovery/targets/{id},/discovery/targets/{param},web/dashboard/src/lib/discovery.ts:220,removeTarget,services/discovery/handler.go,220,RemoveTarget,"ListTargets, DeleteTarget",,,
discovery|GET|/discovery/sources,discovery,GET,/discovery/sources,/discovery/sources,web/dashboard/src/lib/discovery.ts:229,sources,services/discovery/handler.go,231,Sources,"ListTargets, ListRepositories, ListScans","s.cloud.ListAccounts, s.certs.ListCertificates",,"context.WithTimeout, net/netip.ParsePrefix, os.Getenv, os.Stat, sort.Strings, strings.ToLower, strings.EqualFold, strings.TrimSpace"
discovery|POST|/discovery/upload,discovery,POST,/discovery/upload,/discovery/upload,web/dashboard/src/lib/discovery.ts:256,upload,services/discovery/handler.go,247,ScanUpload,"CreateScan, UpdateScan",,,"bytes.NewReader, fmt.Sprintf, io.ReadAll, io.LimitReader, io.NopCloser"
discovery|DELETE|/discovery/assets/{param},discovery,DELETE,/discovery/assets/{id},/discovery/assets/{param},web/dashboard/src/lib/discovery.ts:266,removeAsset,services/discovery/handler.go,287,RemoveAsset,DeleteAsset,,,
discovery|GET|/discovery/repositories,discovery,GET,/discovery/repositories,/discovery/repositories,web/dashboard/src/lib/discovery.ts:289,listRepositories,services/discovery/handler.go,298,ListRepositories,ListRepositories,,,
discovery|POST|/discovery/repositories,discovery,POST,/discovery/repositories,/discovery/repositories,web/dashboard/src/lib/discovery.ts:301,addRepository,services/discovery/handler.go,311,"AddRepository, RemoveRepository, TestRepository, GetSchedule, SaveSchedule","ListRepositories, CreateRepository, DeleteRepository, GetSchedule, PutSchedule","h.router.Public, h.router.Routed",pkg/tenantcheck.IsServicePrincipal,"errors.Is, errors.As, net/url.Parse, strings.TrimSpace, strings.HasPrefix, fmt.Errorf, strings.ToLower, time.Duration"
discovery|DELETE|/discovery/repositories/{param},discovery,DELETE,/discovery/repositories/{id},/discovery/repositories/{param},web/dashboard/src/lib/discovery.ts:311,removeRepository,services/discovery/handler.go,353,RemoveRepository,DeleteRepository,,,
discovery|POST|/discovery/repositories/{param}/test,discovery,POST,/discovery/repositories/{id}/test,/discovery/repositories/{param}/test,web/dashboard/src/lib/discovery.ts:322,testRepository,services/discovery/handler.go,366,TestRepository,,,,errors.Is
discovery|GET|/discovery/schedule,discovery,GET,/discovery/schedule,/discovery/schedule,web/dashboard/src/lib/discovery.ts:347,getSchedule,services/discovery/handler.go,381,GetSchedule,GetSchedule,,,errors.Is
discovery|PUT|/discovery/schedule,discovery,PUT,/discovery/schedule,/discovery/schedule,web/dashboard/src/lib/discovery.ts:362,putSchedule,services/discovery/handler.go,393,SaveSchedule,"GetSchedule, PutSchedule",,pkg/tenantcheck.IsServicePrincipal,"errors.Is, strings.TrimSpace, fmt.Errorf, strings.ToLower, time.Duration"
ekm|POST|/ekm/agents/register,ekm,POST,/ekm/agents/register,/ekm/agents/register,web/dashboard/src/lib/ekm.ts:317,handleRegisterAgent,services/ekm/handler.go,157,RegisterAgent,"GetAgent, UpsertAgent",,,"errors.Is, strings.TrimSpace, time.Now"
ekm|GET|/ekm/agents,ekm,GET,/ekm/agents,/ekm/agents,web/dashboard/src/lib/ekm.ts:285,handleListAgents,services/ekm/handler.go,182,ListAgents,ListAgents,,,strings.TrimSpace
ekm|GET|/ekm/agents/{param}/status,ekm,GET,/ekm/agents/{id}/status,/ekm/agents/{param}/status,web/dashboard/src/lib/ekm.ts:290,handleAgentStatus,services/ekm/handler.go,197,GetAgentStatus,"GetAgent, ListDatabases, GetTDEKey",,,"strings.TrimSpace, time.Since"
ekm|GET|/ekm/agents/{param}/health,ekm,GET,/ekm/agents/{id}/health,/ekm/agents/{param}/health,web/dashboard/src/lib/ekm.ts:299,handleAgentHealth,services/ekm/handler.go,212,GetAgentHealth,GetAgent,,,"fmt.Sprintf, strings.TrimSpace, time.Since"
ekm|GET|/ekm/agents/{param}/logs,ekm,GET,/ekm/agents/{id}/logs,/ekm/agents/{param}/logs,web/dashboard/src/lib/ekm.ts:308,handleAgentLogs,services/ekm/handler.go,227,ListAgentLogs,"GetAgent, ListKeyAccessByAgent",,,"strconv.Atoi, strings.TrimSpace"
ekm|GET|/ekm/agents/{param}/deploy,ekm,GET,/ekm/agents/{id}/deploy,/ekm/agents/{param}/deploy,web/dashboard/src/lib/ekm.ts:375,handleAgentDeployPackage,services/ekm/handler.go,288,BuildAgentDeployPackage,GetAgent,,,"strings.TrimSpace, fmt.Sprintf, strings.ReplaceAll, time.Now"
ekm|POST|/ekm/agents/{param}/rotate,ekm,POST,/ekm/agents/{id}/rotate,/ekm/agents/{param}/rotate,web/dashboard/src/lib/ekm.ts:336,handleRotateAgent,services/ekm/handler.go,248,RotateAgentAssignedKey,"GetAgent, ListDatabases, BumpAgentConfigVersion",,,strings.TrimSpace
ekm|DELETE|/ekm/agents/{param},ekm,DELETE,/ekm/agents/{id},/ekm/agents/{param},web/dashboard/src/lib/ekm.ts:355,handleDeleteAgent,services/ekm/handler.go,268,DeleteAgent,"GetAgent, ListDatabases, GetTDEKey, PurgeAgent",s.keycore.DestroyKeyImmediately,,"errors.Is, strings.TrimSpace, strings.ToLower, strings.Contains"
ekm|POST|/ekm/agents/{param}/heartbeat,ekm,POST,/ekm/agents/{id}/heartbeat,/ekm/agents/{param}/heartbeat,,handleAgentHeartbeat,services/ekm/handler.go,304,AgentHeartbeat,"UpdateAgentHeartbeat, GetAgent, UpsertAgent",,,"strings.TrimSpace, time.Now"
ekm|GET|/ekm/sdk/overview,ekm,GET,/ekm/sdk/overview,/ekm/sdk/overview,web/dashboard/src/lib/ekm.ts:624,handleSDKOverview,services/ekm/handler.go,325,GetSDKOverview,,,,"strings.TrimSpace, time.Now"
ekm|GET|/ekm/sdk/download,ekm,GET,/ekm/sdk/download,/ekm/sdk/download,web/dashboard/src/lib/ekm.ts:638,handleSDKDownload,services/ekm/handler.go,343,BuildSDKArtifact,,,,"strings.TrimSpace, crypto/sha256.Sum256, encoding/hex.EncodeToString"
ekm|POST|/ekm/bitlocker/clients/register,ekm,POST,/ekm/bitlocker/clients/register,/ekm/bitlocker/clients/register,web/dashboard/src/lib/ekm.ts:427,handleRegisterBitLockerClient,services/ekm/handler.go,363,RegisterBitLockerClient,"ListBitLockerClients, UpsertBitLockerClient, GetBitLockerClient",,,"strings.TrimSpace, strings.ToLower, strings.EqualFold, time.Now"
ekm|GET|/ekm/bitlocker/clients,ekm,GET,/ekm/bitlocker/clients,/ekm/bitlocker/clients,web/dashboard/src/lib/ekm.ts:388,handleListBitLockerClients,services/ekm/handler.go,384,ListBitLockerClients,ListBitLockerClients,,,"strconv.Atoi, strings.TrimSpace"
ekm|GET|/ekm/bitlocker/clients/{param},ekm,GET,/ekm/bitlocker/clients/{id},/ekm/bitlocker/clients/{param},web/dashboard/src/lib/ekm.ts:401,handleGetBitLockerClient,services/ekm/handler.go,405,GetBitLockerClient,GetBitLockerClient,,,strings.TrimSpace
ekm|GET|/ekm/bitlocker/clients/{param}/delete-preview,ekm,GET,/ekm/bitlocker/clients/{id}/delete-preview,/ekm/bitlocker/clients/{param}/delete-preview,web/dashboard/src/lib/ekm.ts:414,handleBitLockerDeletePreview,services/ekm/handler.go,420,GetBitLockerDeletePreview,"GetBitLockerClient, CountBitLockerRecoveryKeys, GetLatestBitLockerRecoveryKey",,,"errors.Is, strings.TrimSpace"
ekm|DELETE|/ekm/bitlocker/clients/{param},ekm,DELETE,/ekm/bitlocker/clients/{id},/ekm/bitlocker/clients/{param},web/dashboard/src/lib/ekm.ts:454,handleDeleteBitLockerClient,services/ekm/handler.go,435,DeleteBitLockerClient,"GetBitLockerClient, ListBitLockerRecoveryKeys, PurgeBitLockerClient",s.exposure.Retire,,"errors.Is, strings.TrimSpace"
ekm|POST|/ekm/bitlocker/clients/{param}/heartbeat,ekm,POST,/ekm/bitlocker/clients/{id}/heartbeat,/ekm/bitlocker/clients/{param}/heartbeat,,handleBitLockerHeartbeat,services/ekm/handler.go,456,BitLockerHeartbeat,"UpdateBitLockerHeartbeat, GetBitLockerClient, UpsertBitLockerClient",,,"strings.TrimSpace, time.Now"
ekm|POST|/ekm/bitlocker/clients/{param}/operations,ekm,POST,/ekm/bitlocker/clients/{id}/operations,/ekm/bitlocker/clients/{param}/operations,web/dashboard/src/lib/ekm.ts:501,handleQueueBitLockerOperation,services/ekm/handler.go,477,QueueBitLockerOperation,"GetBitLockerClient, CreateBitLockerJob, GetBitLockerJob",,,"errors.Is, strings.TrimSpace, time.Now"
ekm|GET|/ekm/bitlocker/clients/{param}/jobs,ekm,GET,/ekm/bitlocker/clients/{id}/jobs,/ekm/bitlocker/clients/{param}/jobs,web/dashboard/src/lib/ekm.ts:525,handleListBitLockerJobs,services/ekm/handler.go,498,ListBitLockerJobs,ListBitLockerJobs,,,"strconv.Atoi, strings.TrimSpace"
ekm|POST|/ekm/bitlocker/clients/{param}/jobs/next,ekm,POST,/ekm/bitlocker/clients/{id}/jobs/next,/ekm/bitlocker/clients/{param}/jobs/next,,handlePollBitLockerJob,services/ekm/handler.go,519,PollBitLockerJob,"GetBitLockerClient, DispatchNextBitLockerJob",,,"errors.Is, strings.TrimSpace, time.Now"
ekm|POST|/ekm/bitlocker/clients/{param}/jobs/{param}/result,ekm,POST,/ekm/bitlocker/clients/{id}/jobs/{job_id}/result,/ekm/bitlocker/clients/{param}/jobs/{param}/result,,handleBitLockerJobResult,services/ekm/handler.go,534,SubmitBitLockerJobResult,"GetBitLockerJob, SaveBitLockerRecoveryKey, CompleteBitLockerJob, UpdateBitLockerHeartbeat",,"pkg/crypto.EncryptEnvelope, pkg/crypto.Zeroize","errors.Is, strings.TrimSpace, time.Now"
ekm|GET|/ekm/bitlocker/recovery,ekm,GET,/ekm/bitlocker/recovery,/ekm/bitlocker/recovery,web/dashboard/src/lib/ekm.ts:539,handleListBitLockerRecovery,services/ekm/handler.go,555,ListBitLockerRecoveryKeys,ListBitLockerRecoveryKeys,,,"strconv.Atoi, strings.TrimSpace"
ekm|POST|/ekm/bitlocker/network/scan,ekm,POST,/ekm/bitlocker/network/scan,/ekm/bitlocker/network/scan,web/dashboard/src/lib/ekm.ts:475,handleBitLockerNetworkScan,services/ekm/handler.go,577,ScanBitLockerWindowsEndpoints,,,,"sort.Slice, strings.TrimSpace, time.Now, time.Duration, time.Since"
ekm|GET|/ekm/bitlocker/clients/{param}/deploy,ekm,GET,/ekm/bitlocker/clients/{id}/deploy,/ekm/bitlocker/clients/{param}/deploy,web/dashboard/src/lib/ekm.ts:553,handleBitLockerDeployPackage,services/ekm/handler.go,598,BuildBitLockerDeployPackage,GetBitLockerClient,,,"strings.TrimSpace, encoding/json.MarshalIndent, time.Now"
ekm|POST|/ekm/tde/keys,ekm,POST,/ekm/tde/keys,/ekm/tde/keys,,handleCreateTDEKey,services/ekm/handler.go,614,CreateTDEKey,,,,strings.TrimSpace
ekm|POST|/ekm/tde/keys/{param}/wrap,ekm,POST,/ekm/tde/keys/{id}/wrap,/ekm/tde/keys/{param}/wrap,,handleWrapDEK,services/ekm/handler.go,635,WrapDEK,"GetTDEKey, RecordKeyAccess, TouchTDEKeyAccess",s.keycore.Wrap,pkg/crypto.Zeroize,"strings.EqualFold, strings.TrimSpace, time.Now"
ekm|POST|/ekm/tde/keys/{param}/unwrap,ekm,POST,/ekm/tde/keys/{id}/unwrap,/ekm/tde/keys/{param}/unwrap,,handleUnwrapDEK,services/ekm/handler.go,660,UnwrapDEK,"GetTDEKey, RecordKeyAccess, TouchTDEKeyAccess",s.keycore.Unwrap,pkg/crypto.Zeroize,"strings.EqualFold, strings.TrimSpace, time.Now"
ekm|POST|/ekm/tde/keys/{param}/rotate,ekm,POST,/ekm/tde/keys/{id}/rotate,/ekm/tde/keys/{param}/rotate,,handleRotateTDEKey,services/ekm/handler.go,685,RotateTDEKey,"GetTDEKey, UpdateTDEKeyRotation, UpdateTDEKeyMetadata, ListDatabasesByKey, BumpAgentConfigVersion","s.keycore.RotateKey, s.keycore.PublicKey",,"strings.EqualFold, strings.TrimSpace, time.Now"
ekm|GET|/ekm/tde/keys/{param}/public,ekm,GET,/ekm/tde/keys/{id}/public,/ekm/tde/keys/{param}/public,,handleGetPublicKey,services/ekm/handler.go,710,GetTDEPublicKey,"GetTDEKey, UpdateTDEKeyMetadata, TouchTDEKeyAccess, RecordKeyAccess",s.keycore.PublicKey,,"errors.As, strings.TrimSpace, time.Now"
ekm|POST|/ekm/tde/keys/{param}/revoke,ekm,POST,/ekm/tde/keys/{id}/revoke,/ekm/tde/keys/{param}/revoke,web/dashboard/src/lib/ekm.ts:930,handleRevokeTDEKey,services/ekm/handler.go,780,RevokeTDEKey,"GetTDEKey, UpdateTDEKeyStatus, ListDatabasesByKey, UpdateDatabaseStatus, BumpAgentConfigVersion",s.keycore.DestroyKeyImmediately,,"errors.Is, strings.TrimSpace, strings.ToLower, strings.Contains"
ekm|POST|/ekm/databases,ekm,POST,/ekm/databases,/ekm/databases,web/dashboard/src/lib/ekm.ts:606,handleRegisterDatabase,services/ekm/handler.go,725,RegisterDatabase,"GetAgent, GetTDEKey, UpsertDatabase, BumpAgentConfigVersion, GetDatabase",,,"errors.Is, strings.TrimSpace, time.Now"
ekm|GET|/ekm/databases,ekm,GET,/ekm/databases,/ekm/databases,,handleListDatabases,services/ekm/handler.go,750,ListDatabases,ListDatabases,,,strings.TrimSpace
ekm|GET|/ekm/databases/{param},ekm,GET,/ekm/databases/{id},/ekm/databases/{param},,handleGetDatabase,services/ekm/handler.go,765,GetDatabase,GetDatabase,,,strings.TrimSpace
ekm|POST|/ekm/databases/{param}/revoke-tde,ekm,POST,/ekm/databases/{id}/revoke-tde,/ekm/databases/{param}/revoke-tde,web/dashboard/src/lib/ekm.ts:944,handleRevokeDatabaseTDE,services/ekm/handler.go,801,RevokeDatabaseTDE,"GetDatabase, UpdateDatabaseStatus",,,"errors.Is, strings.TrimSpace"
ekm|POST|/ekm/agents/{param}/validate-deploy,ekm,POST,/ekm/agents/{id}/validate-deploy,/ekm/agents/{param}/validate-deploy,,handleValidateDeployment,services/ekm/handler.go,822,ValidateDeployment,"GetAgent, UpdateAgentHeartbeat",,,"errors.Is, strings.TrimSpace, strings.ToLower, time.Now"
ekm|POST|/ekm/azure/configs,ekm,POST,/ekm/azure/configs,/ekm/azure/configs,web/dashboard/src/lib/ekm.ts:712,handleCreateAzureConfig,services/ekm/handler_azure.go,16,,CreateAzureEKMConfig,,,"fmt.Sprintf, strings.TrimSpace"
ekm|GET|/ekm/azure/configs,ekm,GET,/ekm/azure/configs,/ekm/azure/configs,web/dashboard/src/lib/ekm.ts:689,handleListAzureConfigs,services/ekm/handler_azure.go,74,,ListAzureEKMConfigs,,,
ekm|GET|/ekm/azure/configs/{param},ekm,GET,/ekm/azure/configs/{id},/ekm/azure/configs/{param},web/dashboard/src/lib/ekm.ts:694,handleGetAzureConfig,services/ekm/handler_azure.go,93,,GetAzureEKMConfig,,,
ekm|PUT|/ekm/azure/configs/{param},ekm,PUT,/ekm/azure/configs/{id},/ekm/azure/configs/{param},web/dashboard/src/lib/ekm.ts:731,handleUpdateAzureConfig,services/ekm/handler_azure.go,109,,"GetAzureEKMConfig, UpdateAzureEKMConfig",,,strings.TrimSpace
ekm|DELETE|/ekm/azure/configs/{param},ekm,DELETE,/ekm/azure/configs/{id},/ekm/azure/configs/{param},web/dashboard/src/lib/ekm.ts:741,handleDeleteAzureConfig,services/ekm/handler_azure.go,152,,DeleteAzureEKMConfig,,,
ekm|POST|/ekm/azure/configs/{param}/test,ekm,POST,/ekm/azure/configs/{id}/test,/ekm/azure/configs/{param}/test,web/dashboard/src/lib/ekm.ts:747,handleTestAzureConnection,services/ekm/handler_azure.go,169,,GetAzureEKMConfig,,,
ekm|POST|/ekm/azure/configs/{param}/sync,ekm,POST,/ekm/azure/configs/{id}/sync,/ekm/azure/configs/{param}/sync,web/dashboard/src/lib/ekm.ts:754,handleSyncAzureKeys,services/ekm/handler_azure.go,214,,"GetAzureEKMConfig, ListAzureKeyMappings, UpdateAzureKeyMappingSync, UpdateAzureEKMConfig",,,"strings.Split, time.Now"
ekm|POST|/ekm/azure/mappings,ekm,POST,/ekm/azure/mappings,/ekm/azure/mappings,web/dashboard/src/lib/ekm.ts:772,handleCreateAzureMapping,services/ekm/handler_azure.go,282,,"GetAzureEKMConfig, CreateAzureKeyMapping",,,strings.TrimSpace
ekm|GET|/ekm/azure/mappings,ekm,GET,/ekm/azure/mappings,/ekm/azure/mappings,web/dashboard/src/lib/ekm.ts:762,handleListAzureMappings,services/ekm/handler_azure.go,339,,ListAzureKeyMappings,,,strings.TrimSpace
ekm|DELETE|/ekm/azure/mappings/{param},ekm,DELETE,/ekm/azure/mappings/{id},/ekm/azure/mappings/{param},web/dashboard/src/lib/ekm.ts:780,handleDeleteAzureMapping,services/ekm/handler_azure.go,355,,DeleteAzureKeyMapping,,,
ekm|POST|/ekm/azure/mappings/{param}/import,ekm,POST,/ekm/azure/mappings/{id}/import,/ekm/azure/mappings/{param}/import,web/dashboard/src/lib/ekm.ts:786,handleImportKeyToAzure,services/ekm/handler_azure.go,372,,"ListAzureKeyMappings, GetAzureEKMConfig, UpdateAzureKeyMappingSync",,,strings.Split
ekm|POST|/ekm/azure/mappings/{param}/rotate,ekm,POST,/ekm/azure/mappings/{id}/rotate,/ekm/azure/mappings/{param}/rotate,web/dashboard/src/lib/ekm.ts:793,handleRotateAzureKey,services/ekm/handler_azure.go,439,,UpdateAzureKeyMappingSync,,,
ekm|POST|/ekm/azure/mappings/{param}/wrap,ekm,POST,/ekm/azure/mappings/{id}/wrap,/ekm/azure/mappings/{param}/wrap,web/dashboard/src/lib/ekm.ts:800,handleAzureWrapKey,services/ekm/handler_azure.go,481,,,,,
ekm|POST|/ekm/azure/mappings/{param}/unwrap,ekm,POST,/ekm/azure/mappings/{id}/unwrap,/ekm/azure/mappings/{param}/unwrap,web/dashboard/src/lib/ekm.ts:810,handleAzureUnwrapKey,services/ekm/handler_azure.go,533,,,,,
ekm|POST|/ekm/google-cse/configs,ekm,POST,/ekm/google-cse/configs,/ekm/google-cse/configs,web/dashboard/src/lib/ekm.ts:866,handleCreateGoogleCSEConfig,services/ekm/handler_google_cse.go,58,,CreateGoogleCSEConfig,,,strings.TrimSpace
ekm|GET|/ekm/google-cse/configs,ekm,GET,/ekm/google-cse/configs,/ekm/google-cse/configs,web/dashboard/src/lib/ekm.ts:852,handleListGoogleCSEConfigs,services/ekm/handler_google_cse.go,111,,ListGoogleCSEConfigs,,,
ekm|GET|/ekm/google-cse/configs/{param},ekm,GET,/ekm/google-cse/configs/{id},/ekm/google-cse/configs/{param},,handleGetGoogleCSEConfig,services/ekm/handler_google_cse.go,129,,GetGoogleCSEConfig,,,
ekm|PUT|/ekm/google-cse/configs/{param},ekm,PUT,/ekm/google-cse/configs/{id},/ekm/google-cse/configs/{param},web/dashboard/src/lib/ekm.ts:881,handleUpdateGoogleCSEConfig,services/ekm/handler_google_cse.go,145,,"GetGoogleCSEConfig, UpdateGoogleCSEConfig",,,strings.TrimSpace
ekm|DELETE|/ekm/google-cse/configs/{param},ekm,DELETE,/ekm/google-cse/configs/{id},/ekm/google-cse/configs/{param},web/dashboard/src/lib/ekm.ts:891,handleDeleteGoogleCSEConfig,services/ekm/handler_google_cse.go,188,,DeleteGoogleCSEConfig,,,
ekm|POST|/ekm/google-cse/keys,ekm,POST,/ekm/google-cse/keys,/ekm/google-cse/keys,web/dashboard/src/lib/ekm.ts:911,handleCreateGoogleCSEKey,services/ekm/handler_google_cse.go,205,,"GetGoogleCSEConfig, CreateGoogleCSEKey, UpdateGoogleCSEConfig, ListGoogleCSEKeys, DeleteGoogleCSEKey, IncrementGoogleCSEKeyUsage, ListGoogleCSEConfigs, GetGoogleCSEKeyByURI",,,"encoding/json.NewEncoder, fmt.Sprintf, fmt.Errorf, log.Printf, strings.TrimSpace, strings.ToLower, strings.TrimRight, strings.EqualFold"
ekm|GET|/ekm/google-cse/keys,ekm,GET,/ekm/google-cse/keys,/ekm/google-cse/keys,,handleListGoogleCSEKeys,services/ekm/handler_google_cse.go,278,,ListGoogleCSEKeys,,,strings.TrimSpace
ekm|DELETE|/ekm/google-cse/keys/{param},ekm,DELETE,/ekm/google-cse/keys/{id},/ekm/google-cse/keys/{param},web/dashboard/src/lib/ekm.ts:921,handleDeleteGoogleCSEKey,services/ekm/handler_google_cse.go,294,,DeleteGoogleCSEKey,,,
ekm|GET|/ekm/kacls/status,ekm,GET,/ekm/kacls/status,/ekm/kacls/status,,handleKACLSStatus,services/ekm/handler_google_cse.go,314,,,,,
ekm|POST|/ekm/kacls/wrap,ekm,POST,/ekm/kacls/wrap,/ekm/kacls/wrap,,handleKACLSWrap,services/ekm/handler_google_cse.go,323,,IncrementGoogleCSEKeyUsage,,,"encoding/json.NewEncoder, log.Printf, strings.TrimSpace"
ekm|POST|/ekm/kacls/unwrap,ekm,POST,/ekm/kacls/unwrap,/ekm/kacls/unwrap,,handleKACLSUnwrap,services/ekm/handler_google_cse.go,384,,IncrementGoogleCSEKeyUsage,,,"encoding/json.NewEncoder, log.Printf, strings.TrimSpace"
ekm|POST|/ekm/kacls/privilegedunwrap,ekm,POST,/ekm/kacls/privilegedunwrap,/ekm/kacls/privilegedunwrap,,handleKACLSPrivilegedUnwrap,services/ekm/handler_google_cse.go,443,,IncrementGoogleCSEKeyUsage,,,"encoding/json.NewEncoder, log.Printf, strings.TrimSpace"
governance|GET|/governance/settings,governance,GET,/governance/settings,/governance/settings,web/dashboard/src/lib/governance.ts:126,handleGetSettings,services/governance/handler.go,97,GetSettings,GetSettings,,,
governance|PUT|/governance/settings,governance,PUT,/governance/settings,/governance/settings,web/dashboard/src/lib/governance.ts:180,handleUpdateSettings,services/governance/handler.go,112,UpdateSettings,"GetSettings, UpsertSettings",s.conns.Resolve,,"errors.New, fmt.Errorf, strings.TrimSpace"
governance|POST|/governance/settings/smtp/test,governance,POST,/governance/settings/smtp/test,/governance/settings/smtp/test,web/dashboard/src/lib/governance.ts:191,handleTestSMTP,services/governance/handler.go,133,TestSMTP,,,,"errors.New, strings.TrimSpace"
governance|POST|/governance/settings/webhook/test,governance,POST,/governance/settings/webhook/test,/governance/settings/webhook/test,web/dashboard/src/lib/governance.ts:203,handleTestWebhook,services/governance/handler.go,155,"publishAudit, TestWebhook, GetSystemState, CreateBackup, RestoreBackup, VerifyBackup, ListBackups, GetBackup, DeleteBackup, GetBackupArtifactDownload, GetBackupKeyDownload, UpdateSystemState, FIPSModeStatus, FIPSModeImpact, SetFIPSMode, ApplyPostureControls, SystemIntegrity, TestSNMP, CreatePolicy, UpdatePolicy, DeletePolicy, ListPolicies, ListApprovalRequests, GetApprovalRequest","GetSystemState, UpsertSystemState, GetPlatformFIPSMode, ListPlatformFIPSObserved, SetPlatformFIPSMode, CreatePolicy, GetPolicy, UpdatePolicy, DeletePolicy, ListPolicies, ListApprovalRequests, GetApprovalRequest, ListApprovalVotes",s.snmp.ProbeTarget,"pkg/auth.ClaimsFromContext, pkg/tenantcheck.IsServicePrincipal, pkg/tenantcheck.Enforce, pkg/fips.ValidMode, pkg/fips.TransitionImpact, pkg/fips.ModeRank, pkg/fips.RestartDelay","encoding/json.NewDecoder, encoding/json.NewEncoder, errors.Is, io.LimitReader, strconv.Atoi, strings.ToLower, strings.TrimSpace, strings.Contains, strings.EqualFold, errors.New, fmt.Sprintf, time.Now, time.Since, crypto/fips140.Enforced, fmt.Errorf, crypto/fips140.Enabled"
governance|GET|/governance/backups,governance,GET,/governance/backups,/governance/backups,web/dashboard/src/lib/governance.ts:270,handleListBackups,services/governance/handler.go,292,ListBackups,,,,"strings.ToLower, strings.TrimSpace, errors.New"
governance|POST|/governance/backups,governance,POST,/governance/backups,/governance/backups,web/dashboard/src/lib/governance.ts:232,handleCreateBackup,services/governance/handler.go,205,"CreateBackup, RestoreBackup, VerifyBackup, ListBackups, GetBackup, DeleteBackup, GetBackupArtifactDownload, GetBackupKeyDownload, UpdateSystemState, FIPSModeStatus, FIPSModeImpact, SetFIPSMode, ApplyPostureControls, SystemIntegrity, TestSNMP, CreatePolicy, UpdatePolicy, DeletePolicy, ListPolicies, ListApprovalRequests, GetApprovalRequest, CreateApprovalRequest, CancelApprovalRequest, ListPendingByApprover","UpsertSystemState, GetPlatformFIPSMode, ListPlatformFIPSObserved, SetPlatformFIPSMode, CreatePolicy, GetPolicy, UpdatePolicy, DeletePolicy, ListPolicies, ListApprovalRequests, GetApprovalRequest, ListApprovalVotes, FindPolicyForAction, RoleHolderEmails, CreateApprovalRequest, CancelApprovalRequest, ListPendingByApprover",s.snmp.ProbeTarget,"pkg/auth.ClaimsFromContext, pkg/fips.ValidMode, pkg/fips.TransitionImpact, pkg/fips.ModeRank, pkg/fips.RestartDelay","errors.Is, strings.ToLower, strings.TrimSpace, time.Now, time.Since, errors.New, crypto/fips140.Enforced, fmt.Errorf, fmt.Sprintf, crypto/fips140.Enabled, time.Duration"
governance|POST|/governance/backups/restore,governance,POST,/governance/backups/restore,/governance/backups/restore,web/dashboard/src/lib/governance.ts:342,handleRestoreBackup,services/governance/handler.go,237,RestoreBackup,,,,strings.TrimSpace
governance|POST|/governance/backups/verify,governance,POST,/governance/backups/verify,/governance/backups/verify,web/dashboard/src/lib/governance.ts:324,handleVerifyBackup,services/governance/handler.go,263,VerifyBackup,,,,"strings.TrimSpace, time.Now, time.Since"
governance|DELETE|/governance/backups/{param},governance,DELETE,/governance/backups/{id},/governance/backups/{param},web/dashboard/src/lib/governance.ts:367,handleDeleteBackup,services/governance/handler.go,333,DeleteBackup,,,,"errors.Is, strings.TrimSpace, errors.New"
governance|GET|/governance/backups/{param},governance,GET,/governance/backups/{id},/governance/backups/{param},,handleGetBackup,services/governance/handler.go,312,GetBackup,,,,"errors.Is, errors.New, strings.TrimSpace"
governance|GET|/governance/backups/{param}/artifact,governance,GET,/governance/backups/{id}/artifact,/governance/backups/{param}/artifact,web/dashboard/src/lib/governance.ts:278,handleDownloadBackupArtifact,services/governance/handler.go,358,GetBackupArtifactDownload,,,,errors.Is
governance|GET|/governance/backups/{param}/key,governance,GET,/governance/backups/{id}/key,/governance/backups/{param}/key,web/dashboard/src/lib/governance.ts:290,handleDownloadBackupKey,services/governance/handler.go,379,GetBackupKeyDownload,,,pkg/auth.ClaimsFromContext,"errors.Is, errors.New, strings.TrimSpace"
governance|GET|/governance/system/state,governance,GET,/governance/system/state,/governance/system/state,web/dashboard/src/lib/governance.ts:135,handleGetSystemState,services/governance/handler.go,191,GetSystemState,GetSystemState,,,
governance|PUT|/governance/system/state,governance,PUT,/governance/system/state,/governance/system/state,web/dashboard/src/lib/governance.ts:151,handleUpdateSystemState,services/governance/handler.go,407,UpdateSystemState,UpsertSystemState,,,"crypto/fips140.Enforced, errors.New, strings.TrimSpace"
governance|GET|/governance/system/fips-mode,governance,GET,/governance/system/fips-mode,/governance/system/fips-mode,web/dashboard/src/lib/governance.ts:537,handleGetFIPSMode,services/governance/handler.go,427,FIPSModeStatus,"GetPlatformFIPSMode, ListPlatformFIPSObserved",,,
governance|GET|/governance/system/fips-mode/impact,governance,GET,/governance/system/fips-mode/impact,/governance/system/fips-mode/impact,web/dashboard/src/lib/governance.ts:542,handleFIPSModeImpact,services/governance/handler.go,440,FIPSModeImpact,,,"pkg/fips.ValidMode, pkg/fips.TransitionImpact, pkg/fips.ModeRank, pkg/fips.RestartDelay","fmt.Errorf, strings.ToLower, strings.TrimSpace"
governance|PUT|/governance/system/fips-mode,governance,PUT,/governance/system/fips-mode,/governance/system/fips-mode,web/dashboard/src/lib/governance.ts:551,handleSetFIPSMode,services/governance/handler.go,453,SetFIPSMode,SetPlatformFIPSMode,,pkg/auth.ClaimsFromContext,"fmt.Sprintf, strings.ToLower, strings.TrimSpace"
governance|PUT|/governance/system/posture-controls,governance,PUT,/governance/system/posture-controls,/governance/system/posture-controls,,handleUpdatePostureControls,services/governance/handler.go,488,ApplyPostureControls,,,,"errors.New, strings.TrimSpace"
governance|POST|/governance/system/snmp/test,governance,POST,/governance/system/snmp/test,/governance/system/snmp/test,web/dashboard/src/lib/governance.ts:167,handleTestSystemSNMP,services/governance/handler.go,522,TestSNMP,,,,"errors.New, strings.TrimSpace"
governance|GET|/governance/system/integrity,governance,GET,/governance/system/integrity,/governance/system/integrity,,handleSystemIntegrity,services/governance/handler.go,508,SystemIntegrity,,s.snmp.ProbeTarget,,"crypto/fips140.Enforced, crypto/fips140.Enabled, strings.TrimSpace, time.Now"
governance|GET|/governance/policies,governance,GET,/governance/policies,/governance/policies,web/dashboard/src/lib/governance.ts:389,handleListPolicies,services/governance/handler.go,614,ListPolicies,ListPolicies,,,
governance|POST|/governance/policies,governance,POST,/governance/policies,/governance/policies,web/dashboard/src/lib/governance.ts:401,handleCreatePolicy,services/governance/handler.go,546,CreatePolicy,"CreatePolicy, GetPolicy",,,strings.TrimSpace
governance|PUT|/governance/policies/{param},governance,PUT,/governance/policies/{id},/governance/policies/{param},web/dashboard/src/lib/governance.ts:416,handleUpdatePolicy,services/governance/handler.go,565,UpdatePolicy,"UpdatePolicy, GetPolicy",,,"errors.Is, strings.TrimSpace, errors.New"
governance|DELETE|/governance/policies/{param},governance,DELETE,/governance/policies/{id},/governance/policies/{param},,handleDeletePolicy,services/governance/handler.go,593,DeletePolicy,DeletePolicy,,,errors.Is
governance|GET|/governance/requests,governance,GET,/governance/requests,/governance/requests,web/dashboard/src/lib/governance.ts:447,handleListRequests,services/governance/handler.go,628,ListApprovalRequests,ListApprovalRequests,,,
governance|POST|/governance/requests,governance,POST,/governance/requests,/governance/requests,,handleCreateRequest,services/governance/handler.go,660,CreateApprovalRequest,"FindPolicyForAction, RoleHolderEmails, CreateApprovalRequest, GetApprovalRequest",,,"strings.TrimSpace, errors.Is, errors.New, strings.ToLower, time.Now, time.Duration"
governance|GET|/governance/requests/{param},governance,GET,/governance/requests/{id},/governance/requests/{param},web/dashboard/src/lib/governance.ts:460,handleGetRequest,services/governance/handler.go,642,GetApprovalRequest,"GetApprovalRequest, ListApprovalVotes",,,errors.Is
governance|POST|/governance/requests/{param}/cancel,governance,POST,/governance/requests/{id}/cancel,/governance/requests/{param}/cancel,,handleCancelRequest,services/governance/handler.go,681,CancelApprovalRequest,CancelApprovalRequest,,,"errors.Is, strings.TrimSpace"
governance|GET|/governance/requests/pending,governance,GET,/governance/requests/pending,/governance/requests/pending,,handlePendingRequests,services/governance/handler.go,712,"ListPendingByApprover, CountPendingByApprover","ListPendingByApprover, CountPendingByApprover",,,
governance|GET|/governance/requests/pending/count,governance,GET,/governance/requests/pending/count,/governance/requests/pending/count,,handlePendingCount,services/governance/handler.go,732,"CountPendingByApprover, ApprovalPageHTML, Vote, CreateKeyApproval, GetKeyApprovalStatus","CountPendingByApprover, GetApprovalRequest, ConsumeToken, GetPolicy, RequestApprovers, ApplyVote",s.callback.Execute,"pkg/auth.ClaimsFromContext, pkg/tenantcheck.IsServicePrincipal, pkg/tenantcheck.Enforce","errors.Is, strings.TrimSpace, strings.Contains, strings.ToLower, strings.EqualFold, errors.New"
governance|GET|/governance/approve/{param},governance,GET,/governance/approve/{id},/governance/approve/{param},,handleApprovalPage,services/governance/handler.go,752,ApprovalPageHTML,"GetApprovalRequest, ConsumeToken",,,"strings.TrimSpace, errors.New"
governance|POST|/governance/approve/{param},governance,POST,/governance/approve/{id},/governance/approve/{param},web/dashboard/src/lib/governance.ts:480,handleApprovalVote,services/governance/handler.go,769,Vote,"GetPolicy, ConsumeToken, RequestApprovers, ApplyVote",s.callback.Execute,,"strings.TrimSpace, strings.Contains, strings.ToLower, errors.New, strings.EqualFold"
governance|POST|/governance/key-approval,governance,POST,/governance/key-approval,/governance/key-approval,,handleCreateKeyApproval,services/governance/handler.go,826,CreateKeyApproval,,,pkg/tenantcheck.IsServicePrincipal,"strings.TrimSpace, strings.ToLower"
governance|GET|/governance/key-approval/{param}/status,governance,GET,/governance/key-approval/{id}/status,/governance/key-approval/{param}/status,,handleGetKeyApprovalStatus,services/governance/handler.go,850,GetKeyApprovalStatus,GetApprovalRequest,,,"errors.Is, strings.TrimSpace"
governance|POST|/governance/notify/email,governance,POST,/governance/notify/email,/governance/notify/email,,notifyEmail,services/governance/notify.go,67,GetSettings,"RoleHolderEmails, IsActiveUserEmail, GetSettings",,pkg/tenantcheck.IsServicePrincipal,"strings.TrimSpace, strings.ReplaceAll, strings.ToLower, strings.CutPrefix, strings.Join"
hyok|GET|/api/v1/keys/{param},hyok,GET,/api/v1/keys/{id},/api/v1/keys/{param},,handleMicrosoftDKEGetKey,services/hyok/handler.go,60,GetMicrosoftDKEKey,"CreateRequestLog, CompleteRequestLog",s.keycore.GetKey,"pkg/crypto.ParseRSAPublicKeyAny, pkg/crypto.RSAPublicKeyJWK","strconv.Itoa, strings.TrimSpace, strings.TrimRight, time.Now"
hyok|POST|/api/v1/keys/{param}/{param}/decrypt,hyok,POST,/api/v1/keys/{id}/{version}/decrypt,/api/v1/keys/{param}/{param}/decrypt,,handleMicrosoftDKEDecrypt,services/hyok/handler.go,74,ProcessMicrosoftDKEDecrypt,,s.keycore.GetKey,,"strconv.Itoa, strings.TrimSpace, strings.TrimRight"
hyok|POST|/hyok/dke/v1/keys/{param}/decrypt,hyok,POST,/hyok/dke/v1/keys/{id}/decrypt,/hyok/dke/v1/keys/{param}/decrypt,,handleDKEDecrypt,services/hyok/handler.go,93,,,,,
hyok|GET|/hyok/dke/v1/keys/{param}/publickey,hyok,GET,/hyok/dke/v1/keys/{id}/publickey,/hyok/dke/v1/keys/{param}/publickey,web/dashboard/src/lib/hyok.ts:205,handleDKEPublicKey,services/hyok/handler.go,168,GetDKEPublicKey,"CreateRequestLog, CompleteRequestLog",s.keycore.GetKey,,"fmt.Errorf, strings.TrimSpace, strings.Contains"
hyok|POST|/hyok/salesforce/v1/keys/{param}/wrap,hyok,POST,/hyok/salesforce/v1/keys/{id}/wrap,/hyok/salesforce/v1/keys/{param}/wrap,,handleSalesforceWrap,services/hyok/handler.go,97,,,,,
hyok|POST|/hyok/salesforce/v1/keys/{param}/unwrap,hyok,POST,/hyok/salesforce/v1/keys/{id}/unwrap,/hyok/salesforce/v1/keys/{param}/unwrap,,handleSalesforceUnwrap,services/hyok/handler.go,101,,,,,
hyok|POST|/hyok/google/v1/keys/{param}/wrap,hyok,POST,/hyok/google/v1/keys/{id}/wrap,/hyok/google/v1/keys/{param}/wrap,,handleGoogleWrap,services/hyok/handler.go,105,,,,,
hyok|POST|/hyok/google/v1/keys/{param}/unwrap,hyok,POST,/hyok/google/v1/keys/{id}/unwrap,/hyok/google/v1/keys/{param}/unwrap,,handleGoogleUnwrap,services/hyok/handler.go,109,,,,,
hyok|POST|/hyok/generic/v1/keys/{param}/encrypt,hyok,POST,/hyok/generic/v1/keys/{id}/encrypt,/hyok/generic/v1/keys/{param}/encrypt,,handleGenericEncrypt,services/hyok/handler.go,113,,,,,
hyok|POST|/hyok/generic/v1/keys/{param}/decrypt,hyok,POST,/hyok/generic/v1/keys/{id}/decrypt,/hyok/generic/v1/keys/{param}/decrypt,,handleGenericDecrypt,services/hyok/handler.go,117,,,,,
hyok|POST|/hyok/generic/v1/keys/{param}/wrap,hyok,POST,/hyok/generic/v1/keys/{id}/wrap,/hyok/generic/v1/keys/{param}/wrap,,handleGenericWrap,services/hyok/handler.go,121,,,,,
hyok|POST|/hyok/generic/v1/keys/{param}/unwrap,hyok,POST,/hyok/generic/v1/keys/{id}/unwrap,/hyok/generic/v1/keys/{param}/unwrap,,handleGenericUnwrap,services/hyok/handler.go,125,,,,,
hyok|POST|/hyok/servicenow/v1/keys/{param}/wrap,hyok,POST,/hyok/servicenow/v1/keys/{id}/wrap,/hyok/servicenow/v1/keys/{param}/wrap,,handleServiceNowWrap,services/hyok/handler.go,129,,,,,
hyok|POST|/hyok/servicenow/v1/keys/{param}/unwrap,hyok,POST,/hyok/servicenow/v1/keys/{id}/unwrap,/hyok/servicenow/v1/keys/{param}/unwrap,,handleServiceNowUnwrap,services/hyok/handler.go,133,,,,,
hyok|POST|/hyok/alibaba/v1/keys/{param}/encrypt,hyok,POST,/hyok/alibaba/v1/keys/{id}/encrypt,/hyok/alibaba/v1/keys/{param}/encrypt,,handleAlibabaEncrypt,services/hyok/handler.go,137,,,,,
hyok|POST|/hyok/alibaba/v1/keys/{param}/decrypt,hyok,POST,/hyok/alibaba/v1/keys/{id}/decrypt,/hyok/alibaba/v1/keys/{param}/decrypt,,handleAlibabaDecrypt,services/hyok/handler.go,141,,,,,
hyok|GET|/hyok/v1/endpoints,hyok,GET,/hyok/v1/endpoints,/hyok/v1/endpoints,web/dashboard/src/lib/hyok.ts:112,handleListEndpoints,services/hyok/handler.go,182,ListEndpoints,ListEndpoints,,,strings.TrimSpace
hyok|PUT|/hyok/v1/endpoints/{param},hyok,PUT,/hyok/v1/endpoints/{protocol},/hyok/v1/endpoints/{param},web/dashboard/src/lib/hyok.ts:127,handleConfigureEndpoint,services/hyok/handler.go,196,ConfigureEndpoint,"UpsertEndpoint, GetEndpoint, ListEndpoints, DeleteEndpoint, ListRequestLogs, CreateRequestLog, CompleteRequestLog, ApprovalRedeemed","s.keyAccess.Evaluate, s.governance.CreateKeyApproval, s.governance.GetApprovalStatus, s.keycore.GetKey, s.policy.Evaluate, s.keycore.Encrypt, s.keycore.Decrypt, s.keycore.Wrap, s.keycore.Unwrap, s.events.Publish","pkg/crypto.ParseRSAPublicKeyAny, pkg/crypto.RSAPublicKeyJWK","strings.TrimSpace, encoding/json.Marshal, encoding/json.Unmarshal, errors.New, errors.Is, fmt.Errorf, net.SplitHostPort, strconv.Itoa, strings.ToLower, strings.Contains, strings.EqualFold, strings.TrimRight, strings.ToUpper, strings.HasPrefix, strings.Split, time.Now"
hyok|DELETE|/hyok/v1/endpoints/{param},hyok,DELETE,/hyok/v1/endpoints/{protocol},/hyok/v1/endpoints/{param},web/dashboard/src/lib/hyok.ts:142,handleDeleteEndpoint,services/hyok/handler.go,240,DeleteEndpoint,DeleteEndpoint,,,strings.TrimSpace
hyok|GET|/hyok/v1/requests,hyok,GET,/hyok/v1/requests,/hyok/v1/requests,web/dashboard/src/lib/hyok.ts:162,handleListRequests,services/hyok/handler.go,253,ListRequests,ListRequestLogs,,,"strconv.Atoi, strings.TrimSpace"
hyok|GET|/hyok/v1/health,hyok,GET,/hyok/v1/health,/hyok/v1/health,web/dashboard/src/lib/hyok.ts:167,handleHealth,services/hyok/handler.go,269,Health,,,,strings.TrimSpace
keyaccess|GET|/key-access/settings,keyaccess,GET,/key-access/settings,/key-access/settings,web/dashboard/src/lib/keyaccess.ts:77,getSettings,services/keyaccess/handler.go,63,GetSettings,,,,
keyaccess|PUT|/key-access/settings,keyaccess,PUT,/key-access/settings,/key-access/settings,web/dashboard/src/lib/keyaccess.ts:82,putSettings,services/keyaccess/handler.go,72,UpdateSettings,UpsertSettings,,,
keyaccess|GET|/key-access/summary,keyaccess,GET,/key-access/summary,/key-access/summary,web/dashboard/src/lib/keyaccess.ts:90,getSummary,services/keyaccess/handler.go,93,GetSummary,"ListRules, ListDecisions",,,"sort.Slice, strings.ToLower, strings.TrimSpace, strings.Contains"
keyaccess|GET|/key-access/codes,keyaccess,GET,/key-access/codes,/key-access/codes,web/dashboard/src/lib/keyaccess.ts:95,listRules,services/keyaccess/handler.go,102,ListRules,ListRules,,,
keyaccess|POST|/key-access/codes,keyaccess,POST,/key-access/codes,/key-access/codes,,upsertRule,services/keyaccess/handler.go,112,UpsertRule,UpsertRule,,,
keyaccess|PUT|/key-access/codes/{param},keyaccess,PUT,/key-access/codes/{id},/key-access/codes/{param},,upsertRule,services/keyaccess/handler.go,112,UpsertRule,UpsertRule,,,
keyaccess|DELETE|/key-access/codes/{param},keyaccess,DELETE,/key-access/codes/{id},/key-access/codes/{param},web/dashboard/src/lib/keyaccess.ts:110,deleteRule,services/keyaccess/handler.go,136,DeleteRule,DeleteRule,,,
keyaccess|GET|/key-access/decisions,keyaccess,GET,/key-access/decisions,/key-access/decisions,web/dashboard/src/lib/keyaccess.ts:123,listDecisions,services/keyaccess/handler.go,144,ListDecisions,ListDecisions,,,"strconv.Atoi, strings.TrimSpace, strings.ToLower"
keyaccess|POST|/key-access/evaluate,keyaccess,POST,/key-access/evaluate,/key-access/evaluate,,evaluate,services/keyaccess/handler.go,163,Evaluate,"ListRules, CreateDecision",s.governance.CreateApprovalRequest,pkg/tenantcheck.IsServicePrincipal,"strings.ToLower, strings.TrimSpace, strings.ToUpper"
keycore|POST|/keys/{param}/attested-release,keycore,POST,/keys/{id}/attested-release,/keys/{param}/attested-release,,attestedRelease,services/keycore/attested_release.go,142,AttestedRelease,,,"pkg/crypto.RecipientKeyBinding, pkg/tenantcheck.IsServicePrincipal, pkg/crypto.ParseRecipientPublicKey, pkg/crypto.Zeroize, pkg/crypto.SealToRecipient","errors.Is, strings.TrimSpace, encoding/hex.EncodeToString, errors.New, strings.ToUpper"
keycore|POST|/keys/{param}/generate-data-key,keycore,POST,/keys/{id}/generate-data-key,/keys/{param}/generate-data-key,web/dashboard/src/lib/keycore.ts:834,generateDataKey,services/keycore/data_key.go,29,Encrypt,,"s.hsm.Encrypt, s.meter.IncrementOps","pkg/crypto.RandomBytes, pkg/crypto.Zeroize, pkg/hsm.Encrypt","encoding/hex.EncodeToString, errors.New, errors.Is, strings.TrimSpace, strings.ToUpper, time.Now"
keycore|GET|/keys/due-for-lifecycle,keycore,GET,/keys/due-for-lifecycle,/keys/due-for-lifecycle,,handleDueForLifecycle,services/keycore/handler_lifecycle.go,19,dueForLifecycle,ListCryptoperiodOverrides,,,"strconv.Atoi, strings.TrimSpace, time.Now"
keycore|GET|/keys,keycore,GET,/keys,/keys,"web/dashboard/src/lib/keyVerification.ts:15, web/dashboard/src/lib/keycore.ts:506",handleListKeys,services/keycore/handler.go,508,"keyViewFor, ListKeysCursor, ListKeys","ListAccessGroupIDsForUser, ListGrantedKeyIDs, ListKeysCursor, ListKeysScoped, ListKeys","s.cache.Delete, s.exists.AddString, s.cache.Set","pkg/tenantcheck.Enforce, pkg/auth.ClaimsFromContext, pkg/route.Allowed","strconv.Atoi, strings.TrimSpace, strings.ToLower, time.Parse, time.Now"
keycore|GET|/keys/{param},keycore,GET,/keys/{id},/keys/{param},,handleGetKey,services/keycore/handler.go,565,GetKey,GetKey,"s.exists.TestString, s.cache.Get, s.cache.Delete, s.exists.AddString, s.cache.Set",,errors.Is
keycore|POST|/keys/{param}/export,keycore,POST,/keys/{id}/export,/keys/{param}/export,web/dashboard/src/lib/keycore.ts:1061,handleExportKey,services/keycore/handler.go,851,"ExportPublicComponentPlaintext, ExportCurrentVersionWrapped","RecordRotationMetric, RotateVersion, PurgeDueDestroyed, ActivateDueKeys, ListKeys, ListKeysScoped, ListKeysCursor, GetKey, UpdateKeyMetadata, SetKeyActivation, SetKeyStatus, ScheduleDestroy, MarkKeyDestroyed, SetUsageLimit, SetExportAllowed, EnsureDefaultTags, ListTagCatalog, UpsertTag, DeleteTag, ResetUsage, SetApproval, GetUsage, GetApproval, ListVersions","s.cache.Delete, s.exists.AddString, s.cache.Set, s.exists.TestString, s.cache.Get, s.cluster.Publish, s.approval.ensureApproval, s.hsm.Encrypt, s.meter.IncrementOps, s.hsm.Decrypt, s.hsm.Sign, s.hsm.Verify, s.hsm.Random, s.policy.Evaluate, s.posture.Controls","pkg/crypto.Zeroize, pkg/crypto.ConstantTimeEqual, pkg/crypto.DecryptEnvelope, pkg/crypto.GenerateIV, pkg/crypto.SealDetached, pkg/crypto.SealGCMWithNonce, pkg/crypto.OpenDetached, pkg/cryptocatalog.Lookup, pkg/hsm.Encrypt, pkg/hsm.Decrypt, pkg/hsm.Sign, pkg/hsm.Verify, pkg/hsm.Random","errors.Is, errors.As, strings.ToLower, strings.TrimSpace, bytes.Repeat, context.Background, crypto.Hash, crypto/aes.NewCipher, crypto/cipher.NewCBCEncrypter, crypto/cipher.NewCTR, crypto/cipher.NewCBCDecrypter, crypto/des.NewTripleDESCipher, crypto/ecdh.X25519, crypto/ecdsa.SignASN1, crypto/ecdsa.VerifyASN1, crypto/ecdsa.GenerateKey, crypto/ed25519.Sign, crypto/ed25519.Verify, crypto/ed25519.GenerateKey, crypto/elliptic.P521, encoding/hex.EncodeToString, errors.New, strings.Contains, strings.ToUpper"
keycore|GET|/keys/{param}/versions,keycore,GET,/keys/{id}/versions,/keys/{param}/versions,web/dashboard/src/lib/keycore.ts:767,handleListVersions,services/keycore/handler.go,930,ListVersions,ListVersions,,,"encoding/hex.EncodeToString, strings.ToUpper"
keycore|GET|/keys/{param}/versions/{param},keycore,GET,/keys/{id}/versions/{ver},/keys/{param}/versions/{param},,handleGetVersion,services/keycore/handler.go,948,GetVersion,GetVersion,,,"encoding/hex.EncodeToString, strconv.Atoi, strings.ToUpper"
keycore|GET|/keys/{param}/kcv,keycore,GET,/keys/{id}/kcv,/keys/{param}/kcv,,handleGetKCV,services/keycore/handler.go,1004,GetKey,GetKey,"s.exists.TestString, s.cache.Get, s.cache.Delete, s.exists.AddString, s.cache.Set",,"encoding/hex.EncodeToString, strings.ToUpper, errors.Is"
keycore|GET|/keys/{param}/usage,keycore,GET,/keys/{id}/usage,/keys/{param}/usage,,handleGetUsage,services/keycore/handler.go,1018,GetUsage,GetUsage,,,
keycore|GET|/keys/{param}/approval,keycore,GET,/keys/{id}/approval,/keys/{param}/approval,,handleGetApproval,services/keycore/handler.go,1193,GetApproval,GetApproval,,,
keycore|GET|/keys/{param}/iv-log,keycore,GET,/keys/{id}/iv-log,/keys/{param}/iv-log,,handleGetIVLog,services/keycore/handler.go,1309,,GetIVLog,,,strconv.Atoi
keycore|GET|/keys/{param}/iv-log/{param},keycore,GET,/keys/{id}/iv-log/{ref},/keys/{param}/iv-log/{param},,handleGetIVByRef,services/keycore/handler.go,1335,,GetIVByReference,,,
keycore|GET|/tags,keycore,GET,/tags,/tags,web/dashboard/src/lib/keycore.ts:1322,handleListTags,services/keycore/handler.go,1228,ListTagCatalog,"EnsureDefaultTags, ListTagCatalog",,,"errors.New, strings.TrimSpace, strings.ToLower"
keycore|POST|/keys/{param}/encrypt,keycore,POST,/keys/{id}/encrypt,/keys/{param}/encrypt,web/dashboard/src/lib/keycore.ts:797,handleEncrypt,services/keycore/handler.go,1393,,,,,
keycore|POST|/keys/{param}/decrypt,keycore,POST,/keys/{id}/decrypt,/keys/{param}/decrypt,web/dashboard/src/lib/keycore.ts:861,handleDecrypt,services/keycore/handler.go,1432,,,,,
keycore|POST|/keys/{param}/sign,keycore,POST,/keys/{id}/sign,/keys/{param}/sign,web/dashboard/src/lib/keycore.ts:885,handleSign,services/keycore/handler.go,1471,,,,,
keycore|POST|/keys/{param}/verify,keycore,POST,/keys/{id}/verify,/keys/{param}/verify,web/dashboard/src/lib/keycore.ts:903,handleVerify,services/keycore/handler.go,1475,Verify,,"s.hsm.Verify, s.meter.IncrementOps","pkg/crypto.Zeroize, pkg/hsm.Verify","errors.As, errors.New, errors.Is, strings.TrimSpace, time.Now"
keycore|POST|/keys/{param}/wrap,keycore,POST,/keys/{id}/wrap,/keys/{param}/wrap,,handleWrap,services/keycore/handler.go,1507,,,,,
keycore|POST|/keys/{param}/unwrap,keycore,POST,/keys/{id}/unwrap,/keys/{param}/unwrap,,handleUnwrap,services/keycore/handler.go,1511,,,,,
keycore|POST|/keys/{param}/mac,keycore,POST,/keys/{id}/mac,/keys/{param}/mac,,handleMAC,services/keycore/handler.go,1515,,,,,
keycore|POST|/keys/{param}/derive,keycore,POST,/keys/{id}/derive,/keys/{param}/derive,web/dashboard/src/lib/keycore.ts:978,handleDerive,services/keycore/handler.go,1519,Derive,,,pkg/crypto.Zeroize,"errors.Is, errors.As, errors.New, fmt.Sprintf, io.ReadFull, strings.TrimSpace, time.Now, golang.org/x/crypto/hkdf.New"
keycore|POST|/keys/{param}/service-derive,keycore,POST,/keys/{id}/service-derive,/keys/{param}/service-derive,,handleServiceDerive,services/keycore/handler.go,1562,ServiceDerive,,,,strings.TrimSpace
keycore|POST|/cluster/mek/join-key,keycore,POST,/cluster/mek/join-key,/cluster/mek/join-key,,handleClusterJoinKey,services/keycore/handler.go,2333,CreateClusterJoinKey,,,pkg/crypto.NewKEMRecipient,time.Now
keycore|POST|/cluster/mek/export,keycore,POST,/cluster/mek/export,/cluster/mek/export,,handleClusterMEKExport,services/keycore/handler.go,2343,ExportClusterMEK,,,pkg/crypto.KEMSeal,"errors.New, strings.TrimSpace"
keycore|POST|/cluster/mek/import,keycore,POST,/cluster/mek/import,/cluster/mek/import,,handleClusterMEKImport,services/keycore/handler.go,2362,ImportClusterMEK,CountKeys,,pkg/crypto.Zeroize,"errors.New, os.MkdirAll, os.WriteFile, os.Rename, path/filepath.Dir, strings.TrimSpace, time.Now, time.Sleep"
keycore|POST|/keys/{param}/kem/encapsulate,keycore,POST,/keys/{id}/kem/encapsulate,/keys/{param}/kem/encapsulate,web/dashboard/src/lib/keycore.ts:1006,handleKEMEncapsulate,services/keycore/handler.go,1592,KEMEncapsulate,,,pkg/crypto.Zeroize,"errors.Is, errors.As, errors.New, strings.TrimSpace, time.Now"
keycore|POST|/keys/{param}/kem/decapsulate,keycore,POST,/keys/{id}/kem/decapsulate,/keys/{param}/kem/decapsulate,web/dashboard/src/lib/keycore.ts:1035,handleKEMDecapsulate,services/keycore/handler.go,1632,KEMDecapsulate,,,pkg/crypto.Zeroize,"errors.Is, errors.As, errors.New, strings.TrimSpace, time.Now"
keycore|POST|/crypto/hash,keycore,POST,/crypto/hash,/crypto/hash,web/dashboard/src/lib/keycore.ts:928,handleHash,services/keycore/handler.go,1671,Hash,,,,"errors.As, errors.New, strings.TrimSpace"
keycore|POST|/crypto/random,keycore,POST,/crypto/random,/crypto/random,web/dashboard/src/lib/keycore.ts:949,handleRandom,services/keycore/handler.go,1699,Random,,s.hsm.Random,"pkg/crypto.Zeroize, pkg/hsm.Random","errors.As, errors.Is, crypto/rand.Read, errors.New, fmt.Errorf"
keycore|GET|/keys/{param}/rotation-metrics,keycore,GET,/keys/{id}/rotation-metrics,/keys/{param}/rotation-metrics,,handleListKeyRotationMetrics,services/keycore/handler_enterprise_audit.go,53,,ListRotationMetrics,,,strings.TrimSpace
keycore|GET|/keys/{param}/health,keycore,GET,/keys/{id}/health,/keys/{param}/health,,handleGetKeyHealth,services/keycore/handler_enterprise_audit.go,96,CalculateKeyHealth,"GetKeyHealthScore, GetInventoryItem, UpsertKeyHealthScore",,,"errors.Is, time.Now"
keycore|GET|/analytics/algorithms,keycore,GET,/analytics/algorithms,/analytics/algorithms,,handleGetAlgorithmBenchmarks,services/keycore/handler_enterprise_audit.go,439,,GetAlgorithmBenchmarks,,,
keycore|GET|/attestation/public-key,keycore,GET,/attestation/public-key,/attestation/public-key,,handleAttestationPublicKey,services/keycore/handler_attestation.go,19,attestationPublicKeyPEM,,,pkg/crypto.MarshalPublicKeyPEM,"crypto/sha256.Sum256, encoding/hex.EncodeToString"
keycore|GET|/fips/rng-health,keycore,GET,/fips/rng-health,/fips/rng-health,,handleRNGHealth,services/keycore/handler_fips_selftest.go,45,,,,,time.Now
keycore|GET|/keys/due-for-lifecycle,keycore,GET,/keys/due-for-lifecycle,/keys/due-for-lifecycle,,handleDueForLifecycle,services/keycore/handler_lifecycle.go,19,dueForLifecycle,ListCryptoperiodOverrides,,,"strconv.Atoi, strings.TrimSpace, time.Now"
keycore|GET|/keys/{param}/access-policy,keycore,GET,/keys/{id}/access-policy,/keys/{param}/access-policy,web/dashboard/src/lib/keycore.ts:1189,getKeyAccessPolicy,services/keycore/handler_access.go,64,GetKeyAccessPolicy,ListKeyAccessGrants,,,
keycore|PUT|/keys/{param}/access-policy,keycore,PUT,/keys/{id}/access-policy,/keys/{param}/access-policy,web/dashboard/src/lib/keycore.ts:1202,putKeyAccessPolicy,services/keycore/handler_access.go,76,ReplaceKeyAccessPolicy,"GetKeyAccessSettings, ReplaceKeyAccessGrants",,,"errors.As, errors.New, fmt.Errorf, strings.TrimSpace, strings.Join, strings.ToLower, time.Now, time.Duration"
keycore|GET|/access/groups,keycore,GET,/access/groups,/access/groups,web/dashboard/src/lib/keycore.ts:1271,listAccessGroups,services/keycore/handler_access.go,101,ListAccessGroups,ListAccessGroups,,,"errors.New, strings.TrimSpace"
keycore|POST|/access/groups,keycore,POST,/access/groups,/access/groups,web/dashboard/src/lib/keycore.ts:1282,createAccessGroup,services/keycore/handler_access.go,123,CreateAccessGroup,CreateAccessGroup,,,"errors.New, strings.TrimSpace"
keycore|DELETE|/access/groups/{param},keycore,DELETE,/access/groups/{id},/access/groups/{param},web/dashboard/src/lib/keycore.ts:1297,deleteAccessGroup,services/keycore/handler_access.go,141,DeleteAccessGroup,DeleteAccessGroup,,,"errors.New, strings.TrimSpace"
keycore|PUT|/access/groups/{param}/members,keycore,PUT,/access/groups/{id}/members,/access/groups/{param}/members,web/dashboard/src/lib/keycore.ts:1309,setAccessGroupMembers,services/keycore/handler_access.go,149,SetAccessGroupMembers,ReplaceAccessGroupMembers,,,"errors.New, strings.TrimSpace"
keycore|GET|/access/users/{param}/groups,keycore,GET,/access/users/{user_id}/groups,/access/users/{param}/groups,,listUserAccessGroups,services/keycore/handler_access.go,113,,ListAccessGroupIDsForUser,,,strings.TrimSpace
keycore|GET|/access/settings,keycore,GET,/access/settings,/access/settings,web/dashboard/src/lib/keycore.ts:1213,getAccessSettings,services/keycore/handler_access.go,171,GetKeyAccessSettings,GetKeyAccessSettings,,,"errors.New, strings.TrimSpace"
keycore|PUT|/access/settings,keycore,PUT,/access/settings,/access/settings,web/dashboard/src/lib/keycore.ts:1224,putAccessSettings,services/keycore/handler_access.go,180,"GetKeyAccessSettings, UpdateKeyAccessSettings","GetKeyAccessSettings, UpsertKeyAccessSettings",,,"errors.New, strings.TrimSpace"
keycore|GET|/access/interface-policies,keycore,GET,/access/interface-policies,/access/interface-policies,web/dashboard/src/lib/keycore.ts:1240,listInterfacePolicies,services/keycore/handler_access.go,240,ListKeyInterfaceSubjectPolicies,ListKeyInterfaceSubjectPolicies,,,"strings.TrimSpace, errors.New"
keycore|POST|/access/interface-policies,keycore,POST,/access/interface-policies,/access/interface-policies,web/dashboard/src/lib/keycore.ts:1251,upsertInterfacePolicy,services/keycore/handler_access.go,249,UpsertKeyInterfaceSubjectPolicy,UpsertKeyInterfaceSubjectPolicy,,,
keycore|DELETE|/access/interface-policies/{param},keycore,DELETE,/access/interface-policies/{id},/access/interface-policies/{param},web/dashboard/src/lib/keycore.ts:1263,deleteInterfacePolicy,services/keycore/handler_access.go,269,DeleteKeyInterfaceSubjectPolicy,DeleteKeyInterfaceSubjectPolicy,,,"errors.New, strings.TrimSpace"
keycore|GET|/agility/posture,keycore,GET,/agility/posture,/agility/posture,web/dashboard/src/lib/cryptoAgility.ts:103,getAgilityPosture,services/keycore/handler_agility.go,48,,,,,
keycore|GET|/agility/algorithms,keycore,GET,/agility/algorithms,/agility/algorithms,,getAlgorithmInventory,services/keycore/handler_agility.go,60,,,,,
keycore|GET|/agility/keys-by-algorithm,keycore,GET,/agility/keys-by-algorithm,/agility/keys-by-algorithm,,getKeysByAlgorithm,services/keycore/handler_agility.go,68,,ListKeysByAlgorithm,,,strings.TrimSpace
keycore|GET|/agility/policy/rules,keycore,GET,/agility/policy/rules,/agility/policy/rules,web/dashboard/src/lib/cryptoAgility.ts:108,listAgilityRules,services/keycore/handler_agility.go,175,,ListAgilityRules,,,
keycore|POST|/agility/policy/rules,keycore,POST,/agility/policy/rules,/agility/policy/rules,web/dashboard/src/lib/cryptoAgility.ts:113,createAgilityRule,services/keycore/handler_agility.go,185,invalidateAgilityRules,CreateAgilityRule,,,
keycore|PUT|/agility/policy/rules/{param},keycore,PUT,/agility/policy/rules/{id},/agility/policy/rules/{param},web/dashboard/src/lib/cryptoAgility.ts:118,updateAgilityRule,services/keycore/handler_agility.go,206,invalidateAgilityRules,UpdateAgilityRule,,,
keycore|DELETE|/agility/policy/rules/{param},keycore,DELETE,/agility/policy/rules/{id},/agility/policy/rules/{param},web/dashboard/src/lib/cryptoAgility.ts:123,deleteAgilityRule,services/keycore/handler_agility.go,231,invalidateAgilityRules,DeleteAgilityRule,,,
keycore|GET|/agility/drills,keycore,GET,/agility/drills,/agility/drills,web/dashboard/src/lib/cryptoAgility.ts:272,listAgilityDrills,services/keycore/handler_agility_drill.go,22,,ListAgilityDrills,,,
keycore|POST|/agility/drills,keycore,POST,/agility/drills,/agility/drills,web/dashboard/src/lib/cryptoAgility.ts:277,runAgilityDrill,services/keycore/handler_agility_drill.go,38,"enforceFIPSKeyAlgorithm, agilityRules","CreateAgilityDrill, ListAgilityRules",,,"errors.Is, errors.As, strings.TrimSpace, strings.EqualFold, time.Now, crypto/fips140.Enforced, fmt.Errorf, time.Since"
keycore|GET|/canary/keys,keycore,GET,/canary/keys,/canary/keys,web/dashboard/src/lib/keycore.ts:1380,listCanaryKeys,services/keycore/handler_canary.go,54,,ListCanaryKeys,,,
keycore|POST|/canary/keys,keycore,POST,/canary/keys,/canary/keys,web/dashboard/src/lib/keycore.ts:1385,createCanaryKey,services/keycore/handler_canary.go,63,,"CreateCanaryKey, GetCanaryKey",,,strings.TrimSpace
keycore|GET|/canary/keys/{param}/trips,keycore,GET,/canary/keys/{id}/trips,/canary/keys/{param}/trips,web/dashboard/src/lib/keycore.ts:1397,listCanaryTrips,services/keycore/handler_canary.go,91,,"GetCanaryKey, ListCanaryTrips",,,strconv.Atoi
keycore|DELETE|/canary/keys/{param},keycore,DELETE,/canary/keys/{id},/canary/keys/{param},web/dashboard/src/lib/keycore.ts:1393,deactivateCanaryKey,services/keycore/handler_canary.go,106,,DeactivateCanaryKey,,,
keycore|GET|/agility/caraf/assessment,keycore,GET,/agility/caraf/assessment,/agility/caraf/assessment,web/dashboard/src/lib/cryptoAgility.ts:209,getCarafAssessment,services/keycore/handler_caraf.go,33,,"ListCarafAssets, ListCarafThreats, GetKey, GetAlgorithmDistribution, ListKeyConsumers",,,"fmt.Sprintf, strings.Join, time.Now"
keycore|GET|/agility/caraf/threats,keycore,GET,/agility/caraf/threats,/agility/caraf/threats,web/dashboard/src/lib/cryptoAgility.ts:214,listCarafThreats,services/keycore/handler_caraf.go,130,,ListCarafThreats,,,
keycore|POST|/agility/caraf/threats,keycore,POST,/agility/caraf/threats,/agility/caraf/threats,,createCarafThreat,services/keycore/handler_caraf.go,139,,CreateCarafThreat,,,
keycore|PUT|/agility/caraf/threats/{param},keycore,PUT,/agility/caraf/threats/{id},/agility/caraf/threats/{param},,updateCarafThreat,services/keycore/handler_caraf.go,159,,UpdateCarafThreat,,,
keycore|DELETE|/agility/caraf/threats/{param},keycore,DELETE,/agility/caraf/threats/{id},/agility/caraf/threats/{param},web/dashboard/src/lib/cryptoAgility.ts:225,deleteCarafThreat,services/keycore/handler_caraf.go,178,,DeleteCarafThreat,,,
keycore|GET|/agility/caraf/assets,keycore,GET,/agility/caraf/assets,/agility/caraf/assets,,listCarafAssets,services/keycore/handler_caraf.go,268,,ListCarafAssets,,,
keycore|POST|/agility/caraf/assets,keycore,POST,/agility/caraf/assets,/agility/caraf/assets,,createCarafAsset,services/keycore/handler_caraf.go,277,,CreateCarafAsset,,,
keycore|PUT|/agility/caraf/assets/{param},keycore,PUT,/agility/caraf/assets/{id},/agility/caraf/assets/{param},,updateCarafAsset,services/keycore/handler_caraf.go,297,,UpdateCarafAsset,,,
keycore|DELETE|/agility/caraf/assets/{param},keycore,DELETE,/agility/caraf/assets/{id},/agility/caraf/assets/{param},web/dashboard/src/lib/cryptoAgility.ts:235,deleteCarafAsset,services/keycore/handler_caraf.go,316,,DeleteCarafAsset,,,
keycore|PUT|/agility/caraf/assets/{param}/decision,keycore,PUT,/agility/caraf/assets/{id}/decision,/agility/caraf/assets/{param}/decision,web/dashboard/src/lib/cryptoAgility.ts:239,setCarafDecision,services/keycore/handler_caraf.go,386,,SetCarafDecision,,,time.Now
keycore|POST|/keys,keycore,POST,/keys,/keys,web/dashboard/src/lib/keycore.ts:546,handleCreateKey,services/keycore/handler.go,275,CreateKey,,,pkg/crypto.Zeroize,"encoding/hex.EncodeToString, errors.As, errors.Is, strings.ToUpper, strings.TrimSpace"
keycore|POST|/keys/import,keycore,POST,/keys/import,/keys/import,web/dashboard/src/lib/keycore.ts:701,handleImportKey,services/keycore/handler.go,316,ImportKey,,,pkg/crypto.Zeroize,"encoding/hex.EncodeToString, errors.As, strings.ToUpper, errors.New, strings.TrimSpace"
keycore|POST|/keys/form,keycore,POST,/keys/form,/keys/form,web/dashboard/src/lib/keycore.ts:670,handleFormKey,services/keycore/handler.go,350,FormKey,,,pkg/crypto.Zeroize,"encoding/hex.EncodeToString, errors.As, strings.ToUpper, errors.New, fmt.Errorf, fmt.Sprintf, strings.TrimSpace"
keycore|POST|/keys/bulk-import,keycore,POST,/keys/bulk-import,/keys/bulk-import,,handleBulkImport,services/keycore/handler.go,385,ImportKey,,,pkg/crypto.Zeroize,"errors.New, strings.TrimSpace"
keycore|POST|/keys/bulk-rotate,keycore,POST,/keys/bulk-rotate,/keys/bulk-rotate,,handleBulkRotate,services/keycore/handler.go,412,RotateKey,,,,
keycore|POST|/keys/bulk-delete,keycore,POST,/keys/bulk-delete,/keys/bulk-delete,,handleBulkDelete,services/keycore/handler.go,447,ScheduleKeyDestroy,ScheduleDestroy,s.cache.Delete,,"errors.New, fmt.Sprintf, strings.TrimSpace, time.Now, time.Duration"
keycore|PUT|/keys/{param},keycore,PUT,/keys/{id},/keys/{param},,handleUpdateKey,services/keycore/handler.go,585,UpdateKey,UpdateKeyMetadata,s.cache.Delete,,
keycore|POST|/keys/{param}/rotate,keycore,POST,/keys/{id}/rotate,/keys/{param}/rotate,web/dashboard/src/lib/keycore.ts:739,handleRotateKey,services/keycore/handler.go,603,RotateKeyTo,"RecordRotationMetric, RotateVersion",s.cache.Delete,"pkg/crypto.Zeroize, pkg/crypto.ConstantTimeEqual","encoding/hex.EncodeToString, errors.Is, errors.As, strings.ToUpper, errors.New, fmt.Errorf, strings.TrimSpace, strings.EqualFold, time.Now"
keycore|POST|/keys/{param}/activate,keycore,POST,/keys/{id}/activate,/keys/{param}/activate,"web/dashboard/src/lib/keycore.ts:1108, web/dashboard/src/lib/keycore.ts:1120",handleActivateKey,services/keycore/handler.go,646,ConfigureKeyActivation,SetKeyActivation,s.cache.Delete,,"errors.Is, errors.As, strings.TrimSpace, errors.New"
keycore|POST|/keys/{param}/deactivate,keycore,POST,/keys/{id}/deactivate,/keys/{param}/deactivate,web/dashboard/src/lib/keycore.ts:1134,handleDeactivateKey,services/keycore/handler.go,688,,,,,
keycore|POST|/keys/{param}/disable,keycore,POST,/keys/{id}/disable,/keys/{param}/disable,web/dashboard/src/lib/keycore.ts:1142,handleDisableKey,services/keycore/handler.go,691,,,,,
keycore|POST|/keys/{param}/destroy,keycore,POST,/keys/{id}/destroy,/keys/{param}/destroy,web/dashboard/src/lib/keycore.ts:1097,handleDestroyKey,services/keycore/handler.go,694,"GetKey, ScheduleKeyDestroy, DestroyKeyImmediately","GetKey, ScheduleDestroy, MarkKeyDestroyed","s.exists.TestString, s.cache.Get, s.cache.Delete, s.exists.AddString, s.cache.Set",,"errors.Is, errors.As, strings.ToLower, strings.TrimSpace, errors.New, fmt.Sprintf, time.Now, time.Duration"
keycore|PUT|/keys/{param}/export-policy,keycore,PUT,/keys/{id}/export-policy,/keys/{param}/export-policy,web/dashboard/src/lib/keycore.ts:1173,handleSetExportPolicy,services/keycore/handler.go,1111,SetExportAllowed,SetExportAllowed,s.cache.Delete,,"errors.As, errors.Is, errors.New"
keycore|POST|/keys/{param}/versions/{param}/activate,keycore,POST,/keys/{id}/versions/{ver}/activate,/keys/{param}/versions/{param}/activate,,handleActivateVersion,services/keycore/handler.go,963,,,,,
keycore|POST|/keys/{param}/versions/{param}/deactivate,keycore,POST,/keys/{id}/versions/{ver}/deactivate,/keys/{param}/versions/{param}/deactivate,,handleDeactivateVersion,services/keycore/handler.go,966,,,,,
keycore|DELETE|/keys/{param}/versions/{param},keycore,DELETE,/keys/{id}/versions/{ver},/keys/{param}/versions/{param},,handleDeleteVersion,services/keycore/handler.go,985,publishAudit,DeleteVersion,s.cluster.Publish,,"errors.Is, strconv.Atoi, strings.TrimSpace"
keycore|PUT|/keys/{param}/usage/limit,keycore,PUT,/keys/{id}/usage/limit,/keys/{param}/usage/limit,web/dashboard/src/lib/keycore.ts:1155,handleSetUsageLimit,services/keycore/handler.go,1039,SetUsageLimit,SetUsageLimit,s.cache.Delete,,
keycore|POST|/keys/{param}/usage/reset,keycore,POST,/keys/{id}/usage/reset,/keys/{param}/usage/reset,,handleResetUsage,services/keycore/handler.go,1149,ResetUsage,ResetUsage,s.cache.Delete,,
keycore|PUT|/keys/{param}/approval,keycore,PUT,/keys/{id}/approval,/keys/{param}/approval,,handleSetApproval,services/keycore/handler.go,1162,SetApproval,SetApproval,s.cache.Delete,,errors.As
keycore|PUT|/keys/{param}/iv-mode,keycore,PUT,/keys/{id}/iv-mode,/keys/{param}/iv-mode,,handleSetIVMode,services/keycore/handler.go,1207,publishAudit,UpdateIVMode,s.cluster.Publish,,strings.TrimSpace
keycore|POST|/tags,keycore,POST,/tags,/tags,web/dashboard/src/lib/keycore.ts:1334,handleUpsertTag,services/keycore/handler.go,1253,UpsertTag,"EnsureDefaultTags, ListTagCatalog, UpsertTag",,,"errors.New, fmt.Errorf, strings.TrimSpace, strings.ToLower, strings.EqualFold"
keycore|DELETE|/tags/{param},keycore,DELETE,/tags/{name},/tags/{param},web/dashboard/src/lib/keycore.ts:1349,handleDeleteTag,services/keycore/handler.go,1289,DeleteTag,DeleteTag,,,"errors.Is, errors.New, fmt.Errorf, strings.TrimSpace, strings.ToLower"
keycore|GET|/ceremony/guardians,keycore,GET,/ceremony/guardians,/ceremony/guardians,web/dashboard/src/lib/ceremony.ts:48,handleListGuardians,services/keycore/handler_ceremony.go,11,,ListCeremonyGuardians,,,
keycore|POST|/ceremony/guardians,keycore,POST,/ceremony/guardians,/ceremony/guardians,web/dashboard/src/lib/ceremony.ts:53,handleCreateGuardian,services/keycore/handler_ceremony.go,26,,CreateCeremonyGuardian,,,strings.TrimSpace
keycore|DELETE|/ceremony/guardians/{param},keycore,DELETE,/ceremony/guardians/{id},/ceremony/guardians/{param},web/dashboard/src/lib/ceremony.ts:57,handleDeleteGuardian,services/keycore/handler_ceremony.go,66,,DeleteCeremonyGuardian,,,errors.Is
keycore|GET|/ceremony,keycore,GET,/ceremony,/ceremony,web/dashboard/src/lib/ceremony.ts:61,handleListCeremonies,services/keycore/handler_ceremony.go,84,,ListCeremonies,,,
keycore|GET|/ceremony/{param},keycore,GET,/ceremony/{id},/ceremony/{param},web/dashboard/src/lib/ceremony.ts:66,handleGetCeremony,services/keycore/handler_ceremony.go,99,,GetCeremony,,,errors.Is
keycore|POST|/ceremony,keycore,POST,/ceremony,/ceremony,web/dashboard/src/lib/ceremony.ts:70,handleCreateCeremony,services/keycore/handler_ceremony.go,133,,"ListCeremonyGuardians, CreateCeremony",,,strings.TrimSpace
keycore|POST|/ceremony/{param}/shares,keycore,POST,/ceremony/{id}/shares,/ceremony/{param}/shares,web/dashboard/src/lib/ceremony.ts:74,handleSubmitShare,services/keycore/handler_ceremony.go,208,,"SubmitCeremonyShare, GetCeremony",,,"errors.Is, strings.TrimSpace"
keycore|POST|/ceremony/{param}/complete,keycore,POST,/ceremony/{id}/complete,/ceremony/{param}/complete,web/dashboard/src/lib/ceremony.ts:81,handleCompleteCeremony,services/keycore/handler_ceremony.go,257,,"GetCeremony, UpdateCeremonyStatus",,,"errors.Is, time.Now"
keycore|POST|/ceremony/{param}/abort,keycore,POST,/ceremony/{id}/abort,/ceremony/{param}/abort,web/dashboard/src/lib/ceremony.ts:85,handleAbortCeremony,services/keycore/handler_ceremony.go,297,,UpdateCeremonyStatus,,,"errors.Is, time.Now"
keycore|POST|/keys/{param}/usage/meter,keycore,POST,/keys/{id}/usage/meter,/keys/{param}/usage/meter,,handleMeterUsage,services/keycore/handler.go,1060,MeterUsage,GetUsage,s.cache.Delete,,"errors.Is, errors.As, strings.ToLower, strings.TrimSpace, strings.Contains, errors.New"
keycore|POST|/keys/{param}/rotation-metrics,keycore,POST,/keys/{id}/rotation-metrics,/keys/{param}/rotation-metrics,,handleRecordKeyRotationMetric,services/keycore/handler_enterprise_audit.go,67,,RecordRotationMetric,,,"strings.TrimSpace, time.Now"
keycore|POST|/keys/{param}/health/recalculate,keycore,POST,/keys/{id}/health/recalculate,/keys/{param}/health/recalculate,,handleRecalculateKeyHealth,services/keycore/handler_enterprise_audit.go,117,CalculateKeyHealth,"GetInventoryItem, UpsertKeyHealthScore",,,"errors.Is, time.Now"
keycore|POST|/inventory/sync,keycore,POST,/inventory/sync,/inventory/sync,,handleSyncInventory,services/keycore/handler_enterprise_audit.go,154,SyncKeyInventory,"ListKeys, GetInventoryItem, UpsertInventoryItem, GetInventorySummary",,,time.Now
keycore|POST|/inventory/dependencies,keycore,POST,/inventory/dependencies,/inventory/dependencies,,handleUpsertKeyDependencyRecord,services/keycore/handler_enterprise_audit.go,226,,UpsertKeyDependencyRecord,,,strings.TrimSpace
keycore|POST|/compromise/events,keycore,POST,/compromise/events,/compromise/events,,handleReportCompromiseEvent,services/keycore/handler_enterprise_audit.go,264,ReportCompromiseEvent,"SetKeyStatus, RecordCompromiseEvent",s.cache.Delete,,"errors.Is, strings.TrimSpace, time.Now"
keycore|POST|/compromise/events/{param}/status,keycore,POST,/compromise/events/{id}/status,/compromise/events/{param}/status,,handleUpdateCompromiseEventStatus,services/keycore/handler_enterprise_audit.go,319,,UpdateCompromiseEventStatus,,,errors.Is
keycore|POST|/compromise/advisories/ingest,keycore,POST,/compromise/advisories/ingest,/compromise/advisories/ingest,,handleIngestCompromiseAdvisories,services/keycore/handler_enterprise_audit.go,347,IngestCompromiseAdvisories,ListKeys,,,"fmt.Errorf, strings.ToUpper, strings.TrimSpace"
keycore|POST|/analytics/metrics,keycore,POST,/analytics/metrics,/analytics/metrics,,handleRecordKeyAnalyticsMetric,services/keycore/handler_enterprise_audit.go,369,,RecordKeyAnalyticsMetric,,,strings.TrimSpace
keycore|GET|/enterprise/controls,keycore,GET,/enterprise/controls,/enterprise/controls,,handleListEnterpriseControls,services/keycore/handler_enterprise_controls.go,13,,ListEnterpriseControlRecords,,,strings.TrimSpace
keycore|GET|/enterprise/controls/{param}/{param},keycore,GET,/enterprise/controls/{category}/{id},/enterprise/controls/{param}/{param},,handleGetEnterpriseControl,services/keycore/handler_enterprise_controls.go,36,,GetEnterpriseControlRecord,,pkg/features.MarkPreview,
keycore|POST|/enterprise/controls,keycore,POST,/enterprise/controls,/enterprise/controls,,handleUpsertEnterpriseControl,services/keycore/handler_enterprise_controls.go,54,,,,,
keycore|POST|/enterprise/anomaly/scan,keycore,POST,/enterprise/anomaly/scan,/enterprise/anomaly/scan,,handleRunEnterpriseAnomalyScan,services/keycore/handler_enterprise_controls.go,95,RunEnterpriseAnomalyDetection,"GetKeyHealthSummary, GetCompromiseSummary, GetInventorySummary, ListKeyHotspots, GetAlgorithmBenchmarks, UpsertEnterpriseControlRecord",,,time.Now
keycore|POST|/enterprise/dspm/findings,keycore,POST,/enterprise/dspm/findings,/enterprise/dspm/findings,,handleUpsertKeyDSPMFinding,services/keycore/handler_enterprise_controls.go,123,UpsertDSPMFinding,UpsertDSPMFinding,,,"errors.New, strings.TrimSpace, strings.ReplaceAll"
keycore|POST|/enterprise/kdf/derive,keycore,POST,/enterprise/kdf/derive,/enterprise/kdf/derive,,handleEnterpriseKDFDerive,services/keycore/handler_enterprise_controls.go,157,DeriveEnterpriseKDF,UpsertEnterpriseControlRecord,,"pkg/crypto.Zeroize, pkg/crypto.HKDFSHA256, pkg/crypto.PBKDF2SHA256, pkg/crypto.Scrypt, pkg/crypto.Argon2id","crypto/sha256.Sum256, encoding/hex.EncodeToString, errors.New, errors.Is, fmt.Sprintf, strings.TrimSpace"
keycore|POST|/enterprise/verification/fingerprint,keycore,POST,/enterprise/verification/fingerprint,/enterprise/verification/fingerprint,,handleVerifyKeyFingerprint,services/keycore/handler_enterprise_controls.go,205,VerifyKeyMaterialFingerprint,"GetKeyHealthSummary, GetCompromiseSummary, ListEnterpriseControlRecords, ListDSPMFindings, GetKeyUsageMetricSummary, ListKeyHotspots",,pkg/features.ControlCategoryStatus,"bytes.ToLower, bytes.TrimSpace, crypto/hmac.Equal, crypto/hmac.New, crypto/sha256.New, crypto/sha256.Sum256, encoding/hex.EncodeToString, fmt.Sscanf, sort.Strings, strings.ToUpper, strings.TrimSpace, strings.HasPrefix, strings.ToLower, strings.ReplaceAll, strings.Contains, time.Now"
keycore|POST|/enterprise/advanced-encryption/search-token,keycore,POST,/enterprise/advanced-encryption/search-token,/enterprise/advanced-encryption/search-token,,handleCreateSearchableToken,services/keycore/handler_enterprise_controls.go,227,"UpsertEnterpriseControl, publishAudit",UpsertEnterpriseControlRecord,s.cluster.Publish,"pkg/crypto.Zeroize, pkg/features.ControlCategoryStatus","strings.TrimSpace, errors.New, strings.ReplaceAll"
keycore|POST|/enterprise/advanced-encryption/modes,keycore,POST,/enterprise/advanced-encryption/modes,/enterprise/advanced-encryption/modes,,handleUpsertEnterpriseControlCategory,services/keycore/handler_enterprise_controls.go,58,,,,,
keycore|POST|/enterprise/orchestration/workflows,keycore,POST,/enterprise/orchestration/workflows,/enterprise/orchestration/workflows,,handleUpsertEnterpriseControlCategory,services/keycore/handler_enterprise_controls.go,58,,,,,
keycore|POST|/enterprise/federation/providers,keycore,POST,/enterprise/federation/providers,/enterprise/federation/providers,,handleUpsertEnterpriseControlCategory,services/keycore/handler_enterprise_controls.go,58,,,,,
keycore|POST|/enterprise/federation/mappings,keycore,POST,/enterprise/federation/mappings,/enterprise/federation/mappings,,handleUpsertEnterpriseControlCategory,services/keycore/handler_enterprise_controls.go,58,,,,,
keycore|POST|/enterprise/federation/failovers,keycore,POST,/enterprise/federation/failovers,/enterprise/federation/failovers,,handleUpsertEnterpriseControlCategory,services/keycore/handler_enterprise_controls.go,58,,,,,
keycore|POST|/enterprise/binding/policies,keycore,POST,/enterprise/binding/policies,/enterprise/binding/policies,,handleUpsertEnterpriseControlCategory,services/keycore/handler_enterprise_controls.go,58,,,,,
keycore|POST|/enterprise/edge/agents,keycore,POST,/enterprise/edge/agents,/enterprise/edge/agents,,handleUpsertEnterpriseControlCategory,services/keycore/handler_enterprise_controls.go,58,,,,,
keycore|POST|/enterprise/edge/leases,keycore,POST,/enterprise/edge/leases,/enterprise/edge/leases,,handleUpsertEnterpriseControlCategory,services/keycore/handler_enterprise_controls.go,58,,,,,
keycore|POST|/enterprise/edge/receipts,keycore,POST,/enterprise/edge/receipts,/enterprise/edge/receipts,,handleUpsertEnterpriseControlCategory,services/keycore/handler_enterprise_controls.go,58,,,,,
keycore|POST|/enterprise/sharing/grants,keycore,POST,/enterprise/sharing/grants,/enterprise/sharing/grants,,handleUpsertEnterpriseControlCategory,services/keycore/handler_enterprise_controls.go,58,,,,,
keycore|POST|/enterprise/metadata/profiles,keycore,POST,/enterprise/metadata/profiles,/enterprise/metadata/profiles,,handleUpsertEnterpriseControlCategory,services/keycore/handler_enterprise_controls.go,58,,,,,
keycore|POST|/enterprise/threat/signals,keycore,POST,/enterprise/threat/signals,/enterprise/threat/signals,,handleUpsertEnterpriseControlCategory,services/keycore/handler_enterprise_controls.go,58,,,,,
keycore|POST|/enterprise/orchestration/runs,keycore,POST,/enterprise/orchestration/runs,/enterprise/orchestration/runs,,handleTriggerOrchestrationRun,services/keycore/handler_enterprise_controls.go,280,"RotateKey, UpsertEnterpriseControl",UpsertEnterpriseControlRecord,,pkg/features.ControlCategoryStatus,"strings.TrimSpace, time.Now, errors.New, strings.ReplaceAll"
keycore|GET|/scheduling/jobs,keycore,GET,/scheduling/jobs,/scheduling/jobs,web/dashboard/src/lib/keyScheduling.ts:6,handleListSchedulingJobs,services/keycore/handler_advanced.go,15,,ListSchedulingJobs,,,
keycore|POST|/scheduling/jobs,keycore,POST,/scheduling/jobs,/scheduling/jobs,web/dashboard/src/lib/keyScheduling.ts:14,handleCreateSchedulingJob,services/keycore/handler_advanced.go,32,,CreateSchedulingJob,,,strings.TrimSpace
keycore|PATCH|/scheduling/jobs/{param},keycore,PATCH,/scheduling/jobs/{id},/scheduling/jobs/{param},web/dashboard/src/lib/keyScheduling.ts:26,handleUpdateSchedulingJob,services/keycore/handler_advanced.go,82,,"ListSchedulingJobs, UpdateSchedulingJob",,,time.Parse
keycore|DELETE|/scheduling/jobs/{param},keycore,DELETE,/scheduling/jobs/{id},/scheduling/jobs/{param},web/dashboard/src/lib/keyScheduling.ts:36,handleDeleteSchedulingJob,services/keycore/handler_advanced.go,142,,DeleteSchedulingJob,,,
keycore|POST|/keys/{param}/attest,keycore,POST,/keys/{id}/attest,/keys/{param}/attest,web/dashboard/src/lib/keycore.ts:758,handleAttestKey,services/keycore/handler_attestation.go,5,AttestKey,,,pkg/crypto.Sign,"encoding/hex.EncodeToString, encoding/json.Marshal, time.Now"
keycore|POST|/keys/{param}/verify-material,keycore,POST,/keys/{id}/verify-material,/keys/{param}/verify-material,"web/dashboard/src/lib/keyVerification.ts:6, web/dashboard/src/lib/keycore.ts:748",handleVerifyKeyMaterial,services/keycore/handler_advanced.go,158,VerifyKeyIntegrity,GetVersion,,"pkg/crypto.Zeroize, pkg/crypto.ConstantTimeEqual",time.Now
keycore|POST|/keys/{param}/destruction-check,keycore,POST,/keys/{id}/destruction-check,/keys/{param}/destruction-check,,handleDestructionCheck,services/keycore/destruction_check.go,88,CheckKeyDestruction,"GetKey, ListVersions",s.hsm.Objects,"pkg/hsm.Objects, pkg/hsm.TenantPrefix","errors.Is, strings.HasPrefix, time.Now"
keycore|POST|/fips/self-test,keycore,POST,/fips/self-test,/fips/self-test,,handleFIPSSelfTest,services/keycore/handler_fips_selftest.go,19,,,,,time.Now
keycore|GET|/rotation/policies,keycore,GET,/rotation/policies,/rotation/policies,web/dashboard/src/lib/rotationScheduler.ts:63,listRotationPolicies,services/keycore/handler_rotation.go,30,,ListRotationPolicies,,,
keycore|POST|/rotation/policies,keycore,POST,/rotation/policies,/rotation/policies,web/dashboard/src/lib/rotationScheduler.ts:68,createRotationPolicy,services/keycore/handler_rotation.go,39,,CreateRotationPolicy,,,"strings.TrimSpace, time.Now"
keycore|PATCH|/rotation/policies/{param},keycore,PATCH,/rotation/policies/{id},/rotation/policies/{param},web/dashboard/src/lib/rotationScheduler.ts:73,updateRotationPolicy,services/keycore/handler_rotation.go,91,,UpdateRotationPolicy,,,"strings.TrimSpace, time.Now"
keycore|DELETE|/rotation/policies/{param},keycore,DELETE,/rotation/policies/{id},/rotation/policies/{param},web/dashboard/src/lib/rotationScheduler.ts:78,deleteRotationPolicy,services/keycore/handler_rotation.go,151,,DeleteRotationPolicy,,,errors.Is
keycore|POST|/rotation/policies/{param}/trigger,keycore,POST,/rotation/policies/{id}/trigger,/rotation/policies/{param}/trigger,web/dashboard/src/lib/rotationScheduler.ts:82,triggerRotationPolicy,services/keycore/handler_rotation.go,166,RunRotationPolicy,"RecordRotationPolicyOutcome, CreateRotationRun",,,"errors.Is, time.Now"
keycore|GET|/rotation/runs,keycore,GET,/rotation/runs,/rotation/runs,web/dashboard/src/lib/rotationAnalytics.ts:15,listRotationRuns,services/keycore/handler_rotation.go,186,,ListRotationRuns,,,strings.TrimSpace
keycore|GET|/rotation/cryptoperiods,keycore,GET,/rotation/cryptoperiods,/rotation/cryptoperiods,web/dashboard/src/lib/rotationScheduler.ts:107,listCryptoperiods,services/keycore/handler_cryptoperiod.go,31,,ListCryptoperiodOverrides,,,
keycore|PUT|/rotation/cryptoperiods/{param},keycore,PUT,/rotation/cryptoperiods/{category},/rotation/cryptoperiods/{param},web/dashboard/src/lib/rotationScheduler.ts:112,setCryptoperiod,services/keycore/handler_cryptoperiod.go,61,,SetCryptoperiodOverride,,,
keycore|DELETE|/rotation/cryptoperiods/{param},keycore,DELETE,/rotation/cryptoperiods/{category},/rotation/cryptoperiods/{param},web/dashboard/src/lib/rotationScheduler.ts:116,resetCryptoperiod,services/keycore/handler_cryptoperiod.go,87,,DeleteCryptoperiodOverride,,,
keycore|GET|/rotation/upcoming,keycore,GET,/rotation/upcoming,/rotation/upcoming,web/dashboard/src/lib/rotationScheduler.ts:93,listUpcomingRotations,services/keycore/handler_rotation.go,195,,ListUpcomingRotations,,,
keycore|GET|/hsm/settings,keycore,GET,/hsm/settings,/hsm/settings,web/dashboard/src/lib/keycore.ts:655,getHSM,services/keycore/hsm.go,565,HSMStatus,GetHSMSettings,s.hsm.Status,pkg/hsm.Status,
keycore|PUT|/hsm/settings,keycore,PUT,/hsm/settings,/hsm/settings,web/dashboard/src/lib/keycore.ts:662,putHSM,services/keycore/hsm.go,574,UpdateHSMSettings,"GetHSMSettings, UpsertHSMSettings","s.hsm.Status, s.hsm.EnsureTenantKey","pkg/hsm.Status, pkg/hsm.EnsureTenantKey",errors.As
keycore|GET|/hsm/objects,keycore,GET,/hsm/objects,/hsm/objects,web/dashboard/src/lib/keycore.ts:636,listHSMObjects,services/keycore/hsm.go,600,ListHSMObjects,,s.hsm.Objects,"pkg/hsm.Objects, pkg/hsm.TenantPrefix, pkg/hsm.TenantKeyLabel","errors.As, fmt.Sscanf, strings.TrimPrefix, strings.HasPrefix, strings.Split"
keycore|GET|/keys/{param}/hsm,keycore,GET,/keys/{id}/hsm,/keys/{param}/hsm,web/dashboard/src/lib/keycore.ts:642,inspectHSMKey,services/keycore/hsm.go,615,InspectHSMKey,ListVersions,s.hsm.Inspect,pkg/hsm.Inspect,"errors.As, errors.Is"
keycore|GET|/keys/{param}/consumers,keycore,GET,/keys/{id}/consumers,/keys/{param}/consumers,web/dashboard/src/lib/keyConsumers.ts:35,getKeyConsumers,services/keycore/key_consumers.go,157,KeyConsumers,"GetKey, ListVersions, ListKeyConsumers",,,"errors.Is, strings.TrimSpace, sort.Strings, time.Now"
keycore|GET|/inventory/keys,keycore,GET,/inventory/keys,/inventory/keys,web/dashboard/src/lib/keyInventory.ts:6,handleListInventory,services/keycore/handler_enterprise_audit.go,168,DetectDuplicateKeys,"ListInventoryItems, GetInventorySummary, ListKeys",,,"strings.TrimSpace, encoding/hex.EncodeToString, sort.Strings, sort.Slice, strings.ToUpper, strings.SplitN"
keycore|GET|/inventory/orphans,keycore,GET,/inventory/orphans,/inventory/orphans,,handleListOrphanedInventory,services/keycore/handler_enterprise_audit.go,184,,ListOrphanedInventoryItems,,,
keycore|GET|/inventory/duplicates,keycore,GET,/inventory/duplicates,/inventory/duplicates,,handleListDuplicateKeys,services/keycore/handler_enterprise_audit.go,198,DetectDuplicateKeys,ListKeys,,,"encoding/hex.EncodeToString, sort.Strings, sort.Slice, strings.ToUpper, strings.TrimSpace, strings.SplitN"
keycore|GET|/inventory/dependencies,keycore,GET,/inventory/dependencies,/inventory/dependencies,web/dashboard/src/lib/keyInventory.ts:12,handleListKeyDependencies,services/keycore/handler_enterprise_audit.go,212,,ListKeyDependencies,,,strings.TrimSpace
keycore|GET|/rotation/analytics,keycore,GET,/rotation/analytics,/rotation/analytics,web/dashboard/src/lib/rotationAnalytics.ts:6,handleGetRotationAnalytics,services/keycore/handler_enterprise_audit.go,25,,GetRotationAnalyticsSummary,,,
keycore|GET|/rotation/analytics/overdue,keycore,GET,/rotation/analytics/overdue,/rotation/analytics/overdue,web/dashboard/src/lib/rotationAnalytics.ts:21,handleListOverdueRotationMetrics,services/keycore/handler_enterprise_audit.go,39,,ListOverdueRotationMetrics,,,
keycore|GET|/enterprise/summary,keycore,GET,/enterprise/summary,/enterprise/summary,web/dashboard/src/lib/rotationAnalytics.ts:27,handleGetEnterpriseAuditSummary,services/keycore/handler_enterprise_audit.go,11,GetEnterpriseAuditSummary,"GetRotationAnalyticsSummary, GetKeyHealthSummary, GetInventorySummary, GetCompromiseSummary, ListKeyHotspots, GetAlgorithmBenchmarks, ListDSPMFindings, ListEnterpriseControlRecords",,,time.Now
keycore|GET|/health/summary,keycore,GET,/health/summary,/health/summary,web/dashboard/src/lib/keyHealth.ts:21,handleGetHealthSummary,services/keycore/handler_enterprise_audit.go,135,,"GetKeyHealthSummary, ListKeyHealthScores",,,
keycore|GET|/compromise/events,keycore,GET,/compromise/events,/compromise/events,,handleListCompromiseEvents,services/keycore/handler_enterprise_audit.go,249,,"ListCompromiseEvents, GetCompromiseSummary",,,strings.TrimSpace
keycore|GET|/analytics/usage,keycore,GET,/analytics/usage,/analytics/usage,,handleGetKeyUsageMetrics,services/keycore/handler_enterprise_audit.go,392,,GetKeyUsageMetricSummary,,,strings.TrimSpace
keycore|GET|/analytics/hotspots,keycore,GET,/analytics/hotspots,/analytics/hotspots,,handleListKeyHotspots,services/keycore/handler_enterprise_audit.go,406,,ListKeyHotspots,,,
keycore|GET|/analytics/trends,keycore,GET,/analytics/trends,/analytics/trends,,handleGetKeyTrend,services/keycore/handler_enterprise_audit.go,420,,GetKeyTrend,,,strings.TrimSpace
keycore|GET|/enterprise/dspm/findings,keycore,GET,/enterprise/dspm/findings,/enterprise/dspm/findings,,handleListKeyDSPMFindings,services/keycore/handler_enterprise_controls.go,109,,ListDSPMFindings,,,
keycore|GET|/enterprise/dspm/events,keycore,GET,/enterprise/dspm/events,/enterprise/dspm/events,,handleExportKeyDSPMEvents,services/keycore/handler_enterprise_controls.go,143,ExportDSPMPostureEvents,ListDSPMFindings,,,
keycore|GET|/enterprise/compliance/dashboard,keycore,GET,/enterprise/compliance/dashboard,/enterprise/compliance/dashboard,,handleEnterpriseComplianceDashboard,services/keycore/handler_enterprise_controls.go,177,BuildEnterpriseComplianceDashboard,"GetKeyHealthSummary, GetCompromiseSummary, ListEnterpriseControlRecords, ListDSPMFindings",,,time.Now
keycore|GET|/enterprise/cost/optimization,keycore,GET,/enterprise/cost/optimization,/enterprise/cost/optimization,,handleEnterpriseCostOptimization,services/keycore/handler_enterprise_controls.go,191,BuildEnterpriseCostOptimization,"GetKeyUsageMetricSummary, ListKeyHotspots",,,"strings.HasPrefix, time.Now"
keycore|GET|/keys/{param}/public-key,keycore,GET,/keys/{id}/public-key,/keys/{param}/public-key,web/dashboard/src/lib/keycore.ts:1086,getPublicKey,services/keycore/public_key.go,44,CurrentPublicKey,"GetKey, GetVersion",,pkg/crypto.Zeroize,"encoding/pem.EncodeToMemory, errors.Is, strings.TrimSpace, crypto/x509.ParsePKCS1PublicKey, crypto/x509.MarshalPKIXPublicKey, crypto/x509.ParsePKIXPublicKey"
keycore|POST|/keys/{param}/rewrap,keycore,POST,/keys/{id}/rewrap,/keys/{param}/rewrap,,rewrap,services/keycore/rewrap.go,82,Rewrap,,,pkg/crypto.Zeroize,"errors.Is, errors.As, strings.TrimSpace"
keycore|POST|/system-keys/ensure,keycore,POST,/system-keys/ensure,/system-keys/ensure,,ensureSystemKey,services/keycore/system_keys.go,155,EnsureSystemKey,"GetSystemKey, InsertSystemKey",,"pkg/tenantcheck.IsServicePrincipal, pkg/tenantcheck.InternalServiceTenant","errors.Is, errors.New, strings.TrimSpace, strings.HasPrefix, strings.ToLower"
kmip|GET|/kmip/capabilities,kmip,GET,/kmip/capabilities,/kmip/capabilities,web/dashboard/src/lib/kmip.ts:183,handleCapabilities,services/kmip/http_api.go,40,,,,,"fmt.Sprintf, strings.TrimSpace, github.com/ovh/kmip-go/ttlv.EnumStr"
kmip|GET|/kmip/profiles,kmip,GET,/kmip/profiles,/kmip/profiles,web/dashboard/src/lib/kmip.ts:177,handleListClientProfiles,services/kmip/http_api.go,203,,ListClientProfiles,,,
kmip|POST|/kmip/profiles,kmip,POST,/kmip/profiles,/kmip/profiles,web/dashboard/src/lib/kmip.ts:194,handleCreateClientProfile,services/kmip/http_api.go,217,,,,,
kmip|DELETE|/kmip/profiles/{param},kmip,DELETE,/kmip/profiles/{id},/kmip/profiles/{param},web/dashboard/src/lib/kmip.ts:206,handleDeleteClientProfile,services/kmip/http_api.go,232,,"GetClientProfile, CountClientsByProfile, DeleteClientProfile",,,"errors.Is, strings.TrimSpace"
kmip|GET|/kmip/clients,kmip,GET,/kmip/clients,/kmip/clients,web/dashboard/src/lib/kmip.ts:212,handleListClients,services/kmip/http_api.go,277,,ListClients,,,
kmip|GET|/kmip/clients/{param},kmip,GET,/kmip/clients/{id},/kmip/clients/{param},,handleGetClient,services/kmip/http_api.go,291,,GetClientByID,,,"errors.Is, strings.TrimSpace"
kmip|POST|/kmip/clients,kmip,POST,/kmip/clients,/kmip/clients,web/dashboard/src/lib/kmip.ts:217,handleCreateClient,services/kmip/http_api.go,309,,,,,
kmip|DELETE|/kmip/clients/{param},kmip,DELETE,/kmip/clients/{id},/kmip/clients/{param},web/dashboard/src/lib/kmip.ts:233,handleDeleteClient,services/kmip/http_api.go,329,,"GetClientByID, DeleteClient",,,"errors.Is, strings.TrimSpace"
kmip|GET|/kmip/interop/targets,kmip,GET,/kmip/interop/targets,/kmip/interop/targets,web/dashboard/src/lib/kmip.ts:239,handleListInteropTargets,services/kmip/http_api.go,367,,ListInteropTargets,,,
kmip|POST|/kmip/interop/targets,kmip,POST,/kmip/interop/targets,/kmip/interop/targets,web/dashboard/src/lib/kmip.ts:244,handleCreateInteropTarget,services/kmip/http_api.go,385,,,,,
kmip|DELETE|/kmip/interop/targets/{param},kmip,DELETE,/kmip/interop/targets/{id},/kmip/interop/targets/{param},web/dashboard/src/lib/kmip.ts:256,handleDeleteInteropTarget,services/kmip/http_api.go,403,,"GetInteropTarget, DeleteInteropTarget",,,"errors.Is, strings.TrimSpace"
kmip|POST|/kmip/interop/targets/{param}/validate,kmip,POST,/kmip/interop/targets/{id}/validate,/kmip/interop/targets/{param}/validate,web/dashboard/src/lib/kmip.ts:263,handleValidateInteropTarget,services/kmip/http_api.go,440,,"GetInteropTarget, UpdateInteropTargetValidation",,,"errors.Is, strings.TrimSpace"
policy|POST|/policies,policy,POST,/policies,/policies,,handleCreatePolicy,services/policy/handler.go,45,CreatePolicy,"CreatePolicy, GetPolicy",,pkg/tenantcheck.Enforce,"strings.TrimSpace, encoding/json.Marshal"
policy|GET|/policies,policy,GET,/policies,/policies,,handleListPolicies,services/policy/handler.go,73,ListPolicies,ListPolicies,,,strings.TrimSpace
policy|GET|/policies/{param},policy,GET,/policies/{id},/policies/{param},,handleGetPolicy,services/policy/handler.go,90,GetPolicy,GetPolicy,,,errors.Is
policy|PUT|/policies/{param},policy,PUT,/policies/{id},/policies/{param},,handleUpdatePolicy,services/policy/handler.go,108,UpdatePolicy,"GetPolicy, UpdatePolicy",,,"errors.Is, encoding/json.Marshal, errors.New"
policy|DELETE|/policies/{param},policy,DELETE,/policies/{id},/policies/{param},,handleDeletePolicy,services/policy/handler.go,132,DeletePolicy,"GetPolicy, DeletePolicy",,,errors.Is
policy|GET|/policies/{param}/versions,policy,GET,/policies/{id}/versions,/policies/{param}/versions,,handleListVersions,services/policy/handler.go,159,ListPolicyVersions,ListPolicyVersions,,,
policy|GET|/policies/{param}/versions/{param},policy,GET,/policies/{id}/versions/{version},/policies/{param}/versions/{param},,handleGetVersion,services/policy/handler.go,173,GetPolicyVersion,GetPolicyVersion,,,errors.Is
policy|POST|/policy/evaluate,policy,POST,/policy/evaluate,/policy/evaluate,,handleEvaluate,services/policy/handler.go,196,Evaluate,"InsertEvaluation, ListActiveForEval","s.posture.Controls, s.quota.AdviseDecision","pkg/tenantcheck.Enforce, pkg/cbom.ClassifyTier","strings.TrimSpace, errors.New, time.Now"
policy|POST|/policies/lint,policy,POST,/policies/lint,/policies/lint,,handleLintPolicy,services/policy/handler_lint.go,15,,,,pkg/tenantcheck.Enforce,strings.TrimSpace
policy|POST|/policies/dry-run,policy,POST,/policies/dry-run,/policies/dry-run,,handleDryRunPolicy,services/policy/handler_lint.go,57,,,,pkg/tenantcheck.Enforce,strings.TrimSpace
policy|GET|/policy/quota/{param},policy,GET,/policy/quota/{tenant_id},/policy/quota/{param},,handleGetQuota,services/policy/handler_quota.go,15,,,,"pkg/quota.Usage, pkg/tenantcheck.Enforce",strings.TrimSpace
policy|PUT|/policy/quota/{param},policy,PUT,/policy/quota/{tenant_id},/policy/quota/{param},,handleSetQuota,services/policy/handler_quota.go,51,,,,"pkg/quota.SetBudget, pkg/tenantcheck.Enforce","strings.TrimSpace, time.Duration"
posture|GET|/posture/health,posture,GET,/posture/health,/posture/health,,handleHealth,services/posture/handler.go,105,,,,,
posture|POST|/posture/events,posture,POST,/posture/events,/posture/events,,handleIngestEvent,services/posture/handler.go,109,,,,,
posture|POST|/posture/events/batch,posture,POST,/posture/events/batch,/posture/events/batch,,handleIngestEventsBatch,services/posture/handler.go,118,"IngestEvents, SyncFromAudit, RunScanTenant, ListFindings, UpdateFindingStatus, LatestRisk, BaselineStatus, RiskTrend, RiskHistory, ListActions, ExecuteAction, Dashboard","IngestEvents, GetSyncState, SetSyncState, UpdateEngineState, ListFindings, ListRiskSnapshots, UpdateFindingStatus, GetLatestRiskSnapshot, GetSignalSummary, ListActions, GetAction, UpdateActionExecution","s.audit.ListEventsRange, s.mu.Lock, s.mu.Unlock","pkg/timebucket.Buckets, pkg/timebucket.Index","errors.Is, errors.As, strconv.Atoi, strings.TrimSpace, strings.EqualFold, time.Now, strings.ToLower"
posture|POST|/posture/ingest/audit,posture,POST,/posture/ingest/audit,/posture/ingest/audit,,handleIngestFromAudit,services/posture/handler.go,149,SyncFromAudit,"GetSyncState, SetSyncState, UpdateEngineState",s.audit.ListEventsRange,,strings.TrimSpace
posture|POST|/posture/scan,posture,POST,/posture/scan,/posture/scan,web/dashboard/src/lib/posture.ts:201,handleRunScan,services/posture/handler.go,160,RunScanTenant,UpdateEngineState,"s.mu.Lock, s.mu.Unlock",,strings.TrimSpace
posture|GET|/posture/findings,posture,GET,/posture/findings,/posture/findings,web/dashboard/src/lib/posture.ts:246,handleListFindings,services/posture/handler.go,172,ListFindings,"ListFindings, ListRiskSnapshots",,,strings.TrimSpace
posture|PUT|/posture/findings/{param}/status,posture,PUT,/posture/findings/{id}/status,/posture/findings/{param}/status,web/dashboard/src/lib/posture.ts:255,handleUpdateFindingStatus,services/posture/handler.go,192,UpdateFindingStatus,UpdateFindingStatus,,,strings.TrimSpace
posture|GET|/posture/risk,posture,GET,/posture/risk,/posture/risk,web/dashboard/src/lib/posture.ts:211,handleLatestRisk,services/posture/handler.go,207,LatestRisk,GetLatestRiskSnapshot,,,errors.Is
posture|GET|/posture/baseline,posture,GET,/posture/baseline,/posture/baseline,web/dashboard/src/lib/posture.ts:91,handleBaseline,services/posture/handler.go,221,BaselineStatus,GetSignalSummary,,,
posture|GET|/posture/risk/history,posture,GET,/posture/risk/history,/posture/risk/history,"web/dashboard/src/lib/posture.ts:221, web/dashboard/src/lib/posture.ts:226",handleRiskHistory,services/posture/handler.go,232,"RiskTrend, RiskHistory",ListRiskSnapshots,,"pkg/timebucket.Buckets, pkg/timebucket.Index",time.Now
posture|GET|/posture/actions,posture,GET,/posture/actions,/posture/actions,web/dashboard/src/lib/posture.ts:271,handleListActions,services/posture/handler.go,261,ListActions,"ListActions, ListFindings, ListRiskSnapshots",,,strings.TrimSpace
posture|POST|/posture/actions/{param}/execute,posture,POST,/posture/actions/{id}/execute,/posture/actions/{param}/execute,web/dashboard/src/lib/posture.ts:282,handleExecuteAction,services/posture/handler.go,281,ExecuteAction,"GetAction, UpdateActionExecution",,,"errors.As, strings.TrimSpace"
posture|GET|/posture/dashboard,posture,GET,/posture/dashboard,/posture/dashboard,web/dashboard/src/lib/posture.ts:197,handleDashboard,services/posture/handler.go,307,Dashboard,"GetLatestRiskSnapshot, ListRiskSnapshots, ListFindings, ListActions",,,"strings.ToLower, strings.TrimSpace"
pqc|GET|/pqc/inventory,pqc,GET,/pqc/inventory,/pqc/inventory,web/dashboard/src/lib/pqc.ts:109,getInventory,services/pqc/handler.go,62,GetInventory,,"s.keycore.ListKeys, s.certs.ListCertificates, s.certs.EdgeMeasurement",,strings.TrimSpace
pqc|POST|/pqc/scan,pqc,POST,/pqc/scan,/pqc/scan,web/dashboard/src/lib/pqc.ts:124,startScan,services/pqc/handler.go,70,StartReadinessScan,"CreateReadinessScan, GetReadinessScan",,pkg/cryptocatalog.Assess,"sort.Slice, strings.TrimSpace, strings.ToLower"
pqc|GET|/pqc/scans,pqc,GET,/pqc/scans,/pqc/scans,,listScans,services/pqc/handler.go,85,ListReadinessScans,ListReadinessScans,,,strings.TrimSpace
pqc|GET|/pqc/scans/{param},pqc,GET,/pqc/scans/{id},/pqc/scans/{param},,getScan,services/pqc/handler.go,94,GetReadinessScan,GetReadinessScan,,,strings.TrimSpace
pqc|GET|/pqc/readiness,pqc,GET,/pqc/readiness,/pqc/readiness,web/dashboard/src/lib/pqc.ts:119,getReadiness,services/pqc/handler.go,102,GetLatestReadiness,GetLatestReadinessScan,,,strings.TrimSpace
pqc|GET|/pqc/migration/report,pqc,GET,/pqc/migration/report,/pqc/migration/report,web/dashboard/src/lib/pqc.ts:114,getMigrationReport,services/pqc/handler.go,125,GetMigrationReport,,,,strings.TrimSpace
pqc|POST|/pqc/migration/plans,pqc,POST,/pqc/migration/plans,/pqc/migration/plans,web/dashboard/src/lib/pqc.ts:178,createPlan,services/pqc/handler.go,110,CreateMigrationPlan,"CreateMigrationPlan, GetMigrationPlan",,,strings.TrimSpace
pqc|GET|/pqc/migration/plans,pqc,GET,/pqc/migration/plans,/pqc/migration/plans,web/dashboard/src/lib/pqc.ts:173,listPlans,services/pqc/handler.go,133,ListMigrationPlans,ListMigrationPlans,,,strings.TrimSpace
pqc|GET|/pqc/migration/plans/{param},pqc,GET,/pqc/migration/plans/{id},/pqc/migration/plans/{param},,getPlan,services/pqc/handler.go,142,GetMigrationPlan,GetMigrationPlan,,,strings.TrimSpace
pqc|POST|/pqc/migration/plans/{param}/execute,pqc,POST,/pqc/migration/plans/{id}/execute,/pqc/migration/plans/{param}/execute,web/dashboard/src/lib/pqc.ts:186,executePlan,services/pqc/handler.go,152,ExecuteMigrationPlan,"GetMigrationPlan, CreateMigrationRun, UpdateMigrationPlan, UpdateMigrationRun",,,"errors.Is, strings.TrimSpace"
pqc|POST|/pqc/migration/plans/{param}/rollback,pqc,POST,/pqc/migration/plans/{id}/rollback,/pqc/migration/plans/{param}/rollback,web/dashboard/src/lib/pqc.ts:194,rollbackPlan,services/pqc/handler.go,167,RollbackMigrationPlan,"GetMigrationPlan, UpdateMigrationPlan, CreateMigrationRun","s.keycore.DeactivateKey, s.keycore.RotateKey",,strings.TrimSpace
pqc|GET|/pqc/migration/plans/{param}/runs,pqc,GET,/pqc/migration/plans/{id}/runs,/pqc/migration/plans/{param}/runs,,listRuns,services/pqc/handler.go,180,ListMigrationRuns,ListMigrationRuns,,,strings.TrimSpace
pqc|GET|/pqc/timeline,pqc,GET,/pqc/timeline,/pqc/timeline,,timeline,services/pqc/handler.go,188,Timeline,,,,
pqc|GET|/pqc/cbom/export,pqc,GET,/pqc/cbom/export,/pqc/cbom/export,,exportCBOM,services/pqc/handler.go,200,ExportCBOM,,,,
reconciler|GET|/reconciler/status,reconciler,GET,/reconciler/status,/reconciler/status,web/dashboard/src/lib/health.ts:45,<inline func>,,,,,,,
reporting|GET|/alerts,reporting,GET,/alerts,/alerts,web/dashboard/src/lib/reporting.ts:195,alerts,services/reporting/handler.go,140,ListAlerts,ListAlerts,,pkg/clusterstate.RunsPrimaryJobs,"strings.ToLower, strings.TrimSpace"
reporting|GET|/alerts/feed,reporting,GET,/alerts/feed,/alerts/feed,,alertsFeed,services/reporting/handler.go,168,,,,,"net/http.NewResponseController, time.NewTicker, time.Now"
reporting|GET|/alerts/unread,reporting,GET,/alerts/unread,/alerts/unread,web/dashboard/src/lib/reporting.ts:203,alertsUnread,services/reporting/handler.go,196,CountUnread,CountUnreadBySeverity,,,
reporting|GET|/alerts/{param},reporting,GET,/alerts/{id},/alerts/{param},,alert,services/reporting/handler.go,205,GetAlert,,,,
reporting|PUT|/alerts/{param}/{param},reporting,PUT,/alerts/{id}/{op},/alerts/{param}/{param},,alertOperation,services/reporting/handler.go,216,"AcknowledgeAlert, ResolveAlert, MarkFalsePositive, EscalateAlert","UpdateAlertStatus, EscalateAlert",,,strings.ReplaceAll
reporting|POST|/alerts/bulk/acknowledge,reporting,POST,/alerts/bulk/acknowledge,/alerts/bulk/acknowledge,web/dashboard/src/lib/reporting.ts:337,bulkStatus,services/reporting/handler.go,258,BulkAlertStatus,BulkUpdateAlertStatus,,,strings.TrimSpace
reporting|POST|/alerts/bulk/resolve,reporting,POST,/alerts/bulk/resolve,/alerts/bulk/resolve,,bulkStatus,services/reporting/handler.go,258,BulkAlertStatus,BulkUpdateAlertStatus,,,strings.TrimSpace
reporting|GET|/incidents,reporting,GET,/incidents,/incidents,,incidents,services/reporting/handler.go,284,ListIncidents,ListIncidents,,,
reporting|GET|/incidents/{param},reporting,GET,/incidents/{id},/incidents/{param},,incident,services/reporting/handler.go,293,GetIncident,"GetIncident, ListAlerts",,,
reporting|PUT|/incidents/{param}/status,reporting,PUT,/incidents/{id}/status,/incidents/{param}/status,,incidentStatus,services/reporting/handler.go,302,UpdateIncidentStatus,UpdateIncidentStatus,,,"strings.ToLower, strings.TrimSpace"
reporting|PUT|/incidents/{param}/assign,reporting,PUT,/incidents/{id}/assign,/incidents/{param}/assign,,incidentAssign,services/reporting/handler.go,318,AssignIncident,AssignIncident,,,
reporting|GET|/alerts/rules,reporting,GET,/alerts/rules,/alerts/rules,web/dashboard/src/lib/reporting.ts:254,listRules,services/reporting/handler.go,333,ListRules,ListRules,,,
reporting|POST|/alerts/rules,reporting,POST,/alerts/rules,/alerts/rules,web/dashboard/src/lib/reporting.ts:286,createRule,services/reporting/handler.go,344,CreateRule,CreateRule,,,"strings.EqualFold, strings.TrimSpace"
reporting|PUT|/alerts/rules/{param},reporting,PUT,/alerts/rules/{id},/alerts/rules/{param},web/dashboard/src/lib/reporting.ts:297,updateRule,services/reporting/handler.go,377,UpdateRule,UpdateRule,,,"strings.EqualFold, strings.TrimSpace"
reporting|POST|/alerts/rules/test,reporting,POST,/alerts/rules/test,/alerts/rules/test,web/dashboard/src/lib/reporting.ts:278,testRule,services/reporting/handler.go,361,CheckRule,,,,
reporting|DELETE|/alerts/rules/{param},reporting,DELETE,/alerts/rules/{id},/alerts/rules/{param},web/dashboard/src/lib/reporting.ts:304,deleteRule,services/reporting/handler.go,389,DeleteRule,DeleteRule,,,
reporting|GET|/alerts/severity-config,reporting,GET,/alerts/severity-config,/alerts/severity-config,,getSeverityConfig,services/reporting/handler.go,397,GetSeverityConfig,ListSeverityOverrides,,,"strings.ToLower, strings.TrimSpace"
reporting|PUT|/alerts/severity-config,reporting,PUT,/alerts/severity-config,/alerts/severity-config,,updateSeverityConfig,services/reporting/handler.go,406,UpdateSeverityConfig,UpsertSeverityOverride,,,"strings.TrimSpace, strings.ToLower"
reporting|GET|/alerts/channels,reporting,GET,/alerts/channels,/alerts/channels,web/dashboard/src/lib/reporting.ts:249,listChannels,services/reporting/handler.go,419,ListChannels,,,,
reporting|PUT|/alerts/channels,reporting,PUT,/alerts/channels,/alerts/channels,,updateChannels,services/reporting/handler.go,428,UpdateChannels,UpsertChannel,,,
reporting|GET|/reports/templates,reporting,GET,/reports/templates,/reports/templates,web/dashboard/src/lib/reporting.ts:378,reportTemplates,services/reporting/handler.go,442,Templates,,,,
reporting|POST|/reports/generate,reporting,POST,/reports/generate,/reports/generate,web/dashboard/src/lib/reporting.ts:391,generateReport,services/reporting/handler.go,448,GenerateReport,,,,
reporting|GET|/reports/jobs,reporting,GET,/reports/jobs,/reports/jobs,web/dashboard/src/lib/reporting.ts:418,listReportJobs,services/reporting/handler.go,478,ListReportJobs,ListReportJobs,,,
reporting|GET|/reports/jobs/{param},reporting,GET,/reports/jobs/{id},/reports/jobs/{param},web/dashboard/src/lib/reporting.ts:406,reportJob,services/reporting/handler.go,469,GetReportJob,GetReportJob,,,
reporting|GET|/reports/jobs/{param}/download,reporting,GET,/reports/jobs/{id}/download,/reports/jobs/{param}/download,web/dashboard/src/lib/reporting.ts:436,reportDownload,services/reporting/handler.go,487,GetReportJob,GetReportJob,,,
reporting|DELETE|/reports/jobs/{param},reporting,DELETE,/reports/jobs/{id},/reports/jobs/{param},web/dashboard/src/lib/reporting.ts:452,deleteReportJob,services/reporting/handler.go,509,DeleteReportJob,"GetReportJob, DeleteReportJob",,,strings.TrimSpace
reporting|GET|/reports/scheduled,reporting,GET,/reports/scheduled,/reports/scheduled,web/dashboard/src/lib/reporting.ts:458,listScheduledReports,services/reporting/handler.go,521,ListScheduledReports,ListScheduledReports,,,
reporting|POST|/reports/scheduled,reporting,POST,/reports/scheduled,/reports/scheduled,web/dashboard/src/lib/reporting.ts:472,createScheduledReport,services/reporting/handler.go,530,ScheduleReport,,,,
reporting|POST|/telemetry/errors,reporting,POST,/telemetry/errors,/telemetry/errors,web/dashboard/src/lib/telemetry.ts:59,captureErrorTelemetry,services/reporting/handler.go,553,CaptureErrorTelemetry,CreateErrorTelemetry,,,"strings.TrimSpace, strings.ToLower, time.Now"
reporting|GET|/telemetry/errors,reporting,GET,/telemetry/errors,/telemetry/errors,,listErrorTelemetry,services/reporting/handler.go,598,ListErrorTelemetry,ListErrorTelemetry,,,"strings.ToLower, strings.TrimSpace"
reporting|GET|/alerts/stats,reporting,GET,/alerts/stats,/alerts/stats,web/dashboard/src/lib/reporting.ts:216,alertStats,services/reporting/handler.go,632,AlertStats,,,,
reporting|GET|/alerts/stats/mttd,reporting,GET,/alerts/stats/mttd,/alerts/stats/mttd,web/dashboard/src/lib/reporting.ts:238,mttdStats,services/reporting/handler.go,659,MTTDStats,,,,
reporting|GET|/alerts/stats/mttr,reporting,GET,/alerts/stats/mttr,/alerts/stats/mttr,web/dashboard/src/lib/reporting.ts:231,mttrStats,services/reporting/handler.go,646,MTTRStats,ScanAlerts,,,
reporting|GET|/alerts/stats/top-sources,reporting,GET,/alerts/stats/top-sources,/alerts/stats/top-sources,web/dashboard/src/lib/reporting.ts:365,topSources,services/reporting/handler.go,674,TopSources,,,,
sbom|POST|/sbom/generate,sbom,POST,/sbom/generate,/sbom/generate,web/dashboard/src/lib/sbom.ts:91,generateSBOM,services/sbom/handler.go,89,GenerateSBOM,"SaveSBOMSnapshot, GetSBOMSnapshotByID",,,
sbom|GET|/sbom/latest,sbom,GET,/sbom/latest,/sbom/latest,web/dashboard/src/lib/sbom.ts:99,latestSBOM,services/sbom/handler.go,107,GetLatestSBOM,GetLatestSBOMSnapshot,,,
sbom|GET|/sbom/history,sbom,GET,/sbom/history,/sbom/history,web/dashboard/src/lib/sbom.ts:104,sbomHistory,services/sbom/handler.go,117,ListSBOMHistory,ListSBOMSnapshots,,,
sbom|GET|/sbom/diff,sbom,GET,/sbom/diff,/sbom/diff,web/dashboard/src/lib/sbom.ts:187,sbomDiff,services/sbom/handler.go,147,DiffSBOM,GetSBOMSnapshotByID,,,strings.TrimSpace
sbom|GET|/sbom/{param}/export,sbom,GET,/sbom/{id}/export,/sbom/{param}/export,web/dashboard/src/lib/sbom.ts:118,sbomExport,services/sbom/handler.go,135,ExportSBOM,,,,
sbom|GET|/sbom/{param},sbom,GET,/sbom/{id},/sbom/{param},,sbomByID,services/sbom/handler.go,126,GetSBOMByID,GetSBOMSnapshotByID,,,strings.TrimSpace
sbom|POST|/cbom/generate,sbom,POST,/cbom/generate,/cbom/generate,web/dashboard/src/lib/sbom.ts:127,generateCBOM,services/sbom/handler.go,160,GenerateCBOM,"SaveCBOMSnapshot, GetCBOMSnapshotByID",,,strings.TrimSpace
sbom|GET|/cbom/latest,sbom,GET,/cbom/latest,/cbom/latest,web/dashboard/src/lib/sbom.ts:135,latestCBOM,services/sbom/handler.go,178,GetLatestCBOM,GetLatestCBOMSnapshot,,,strings.TrimSpace
sbom|GET|/cbom/history,sbom,GET,/cbom/history,/cbom/history,web/dashboard/src/lib/sbom.ts:140,cbomHistory,services/sbom/handler.go,188,ListCBOMHistory,ListCBOMSnapshots,,,strings.TrimSpace
sbom|GET|/cbom/summary,sbom,GET,/cbom/summary,/cbom/summary,web/dashboard/src/lib/sbom.ts:149,cbomSummary,services/sbom/handler.go,217,CBOMSummary,,,,
sbom|GET|/cbom/pqc-readiness,sbom,GET,/cbom/pqc-readiness,/cbom/pqc-readiness,web/dashboard/src/lib/sbom.ts:196,cbomPQCReadiness,services/sbom/handler.go,226,CBOMPQCReadiness,,,,
sbom|GET|/cbom/diff,sbom,GET,/cbom/diff,/cbom/diff,web/dashboard/src/lib/sbom.ts:167,cbomDiff,services/sbom/handler.go,235,DiffCBOM,GetCBOMSnapshotByID,,,strings.TrimSpace
sbom|GET|/cbom/{param}/export,sbom,GET,/cbom/{id}/export,/cbom/{param}/export,web/dashboard/src/lib/sbom.ts:158,cbomExport,services/sbom/handler.go,206,ExportCBOM,,,,
sbom|GET|/cbom/{param},sbom,GET,/cbom/{id},/cbom/{param},,cbomByID,services/sbom/handler.go,197,GetCBOMByID,GetCBOMSnapshotByID,,,strings.TrimSpace
secrets|POST|/secrets,secrets,POST,/secrets,/secrets,web/dashboard/src/lib/secrets.ts:110,createSecret,services/secrets/handler.go,249,"GetSecretByName, CreateSecret","GetSecretByName, CreateSecret, GetSecret",,pkg/crypto.Zeroize,"strings.TrimSpace, errors.New"
secrets|GET|/secrets,secrets,GET,/secrets,/secrets,web/dashboard/src/lib/secrets.ts:92,listSecrets,services/secrets/handler.go,277,ListVisible,ListSecrets,,,"strings.TrimSpace, errors.New"
secrets|GET|/secrets/{param},secrets,GET,/secrets/{id},/secrets/{param},,getSecret,services/secrets/handler.go,307,,,,,
secrets|GET|/secrets/{param}/value,secrets,GET,/secrets/{id}/value,/secrets/{param}/value,,getSecretValue,services/secrets/handler.go,315,GetSecretValue,GetSecretWithValue,,pkg/crypto.Zeroize,"strings.TrimSpace, strings.ToLower, errors.New, time.Now"
secrets|PUT|/secrets/{param},secrets,PUT,/secrets/{id},/secrets/{param},web/dashboard/src/lib/secrets.ts:149,updateSecret,services/secrets/handler.go,336,UpdateSecret,"GetSettings, UpdateSecret",,pkg/crypto.Zeroize,"errors.New, strings.TrimSpace"
secrets|DELETE|/secrets/{param},secrets,DELETE,/secrets/{id},/secrets/{param},web/dashboard/src/lib/secrets.ts:157,deleteSecret,services/secrets/handler.go,375,DeleteSecret,SoftDeleteSecret,,,strings.TrimSpace
secrets|POST|/secrets/{param}/restore,secrets,POST,/secrets/{id}/restore,/secrets/{param}/restore,,restoreSecret,services/secrets/handler.go,388,RestoreSecret,RestoreSecret,,,strings.TrimSpace
secrets|POST|/secrets/{param}/destroy,secrets,POST,/secrets/{id}/destroy,/secrets/{param}/destroy,,destroySecret,services/secrets/handler.go,400,DestroySecret,DestroySecret,,,strings.TrimSpace
secrets|POST|/secrets/generate/ssh_key,secrets,POST,/secrets/generate/ssh_key,/secrets/generate/ssh_key,,generateSSHKey,services/secrets/handler.go,432,GenerateSSHKey,,,"pkg/crypto.GenerateKeyPair, pkg/crypto.MarshalPrivateKeyPEM","strings.TrimSpace, golang.org/x/crypto/ssh.NewPublicKey, golang.org/x/crypto/ssh.MarshalAuthorizedKey"
secrets|POST|/secrets/generate/keypair,secrets,POST,/secrets/generate/keypair,/secrets/generate/keypair,web/dashboard/src/lib/secrets.ts:328,generateKeyPair,services/secrets/handler.go,451,GenerateKeyPair,,,,"errors.New, strings.TrimSpace, strings.ToLower"
secrets|GET|/secrets/{param}/versions,secrets,GET,/secrets/{id}/versions,/secrets/{param}/versions,web/dashboard/src/lib/secrets.ts:289,listVersions,services/secrets/handler.go,476,ListVersions,ListVersions,,,"errors.New, strings.TrimSpace"
secrets|DELETE|/secrets/{param}/versions/{param},secrets,DELETE,/secrets/{id}/versions/{version},/secrets/{param}/versions/{param},,destroyVersion,services/secrets/handler.go,414,DestroyVersion,DestroyVersion,,,strings.TrimSpace
secrets|GET|/secrets/{param}/audit,secrets,GET,/secrets/{id}/audit,/secrets/{param}/audit,web/dashboard/src/lib/secrets.ts:297,secretAuditLog,services/secrets/handler.go,490,"GetSecret, GetSecretAuditLog","GetSecret, GetSecretAuditLog",,,"errors.New, strings.TrimSpace"
secrets|POST|/secrets/{param}/rotate,secrets,POST,/secrets/{id}/rotate,/secrets/{param}/rotate,web/dashboard/src/lib/secrets.ts:307,rotateSecret,services/secrets/handler.go,508,RotateSecret,,,,"errors.New, strings.TrimSpace"
secrets|POST|/secrets/{param}/rollback,secrets,POST,/secrets/{id}/rollback,/secrets/{param}/rollback,,rollbackSecret,services/secrets/handler.go,536,Rollback,"GetSecretWithValue, GetSettings, UpdateSecret",,pkg/crypto.Zeroize,fmt.Sprintf
secrets|GET|/secrets/{param}/access,secrets,GET,/secrets/{id}/access,/secrets/{param}/access,,secretAccess,services/secrets/handler.go,581,,,,,
secrets|GET|/secrets/stats,secrets,GET,/secrets/stats,/secrets/stats,web/dashboard/src/lib/secrets.ts:284,stats,services/secrets/handler.go,566,GetStats,"VersionCounts, ListSecrets",,,"errors.New, strings.TrimSpace, time.Now"
secrets|GET|/secrets/settings,secrets,GET,/secrets/settings,/secrets/settings,web/dashboard/src/lib/secrets.ts:216,getSettings,services/secrets/handler.go,613,Settings,GetSettings,,,strings.TrimSpace
secrets|PUT|/secrets/settings,secrets,PUT,/secrets/settings,/secrets/settings,web/dashboard/src/lib/secrets.ts:221,putSettings,services/secrets/handler.go,622,"Settings, PutSettings","GetSettings, PutSettings",,,"strings.TrimSpace, fmt.Errorf"
secrets|GET|/secrets/access/rules,secrets,GET,/secrets/access/rules,/secrets/access/rules,"web/dashboard/src/lib/secrets.ts:243, web/dashboard/src/lib/secrets.ts:248",listAccessRules,services/secrets/handler.go,603,AccessRules,ListAccessRules,,,strings.TrimSpace
secrets|POST|/secrets/access/rules,secrets,POST,/secrets/access/rules,/secrets/access/rules,,createAccessRule,services/secrets/handler.go,659,CreateAccessRule,"ListAccessRules, CreateAccessRule",,,"fmt.Errorf, time.Now"
secrets|DELETE|/secrets/access/rules/{param},secrets,DELETE,/secrets/access/rules/{rule_id},/secrets/access/rules/{param},web/dashboard/src/lib/secrets.ts:253,deleteAccessRule,services/secrets/handler.go,684,DeleteAccessRule,DeleteAccessRule,,,strings.TrimSpace
secrets|GET|/v1/sys/health,secrets,GET,/v1/sys/health,/v1/sys/health,,vaultSysHealth,services/secrets/handler.go,698,,,,,time.Now
secrets|GET|/v1/sys/seal-status,secrets,GET,/v1/sys/seal-status,/v1/sys/seal-status,,vaultSealStatus,services/secrets/handler.go,708,,,,,
secrets|POST|/v1/auth/token/lookup-self,secrets,POST,/v1/auth/token/lookup-self,/v1/auth/token/lookup-self,,vaultTokenLookupSelf,services/secrets/handler.go,719,,,,pkg/auth.ClaimsFromContext,time.Until
secrets|GET|/v1/{param}/data/{param},secrets,GET,/v1/{mount}/data/{path...},/v1/{param}/data/{param},,vaultKVRead,services/secrets/handler.go,780,GetSecretValue,GetSecretWithValue,,pkg/crypto.Zeroize,"errors.New, strings.TrimSpace, strings.ToLower, time.Now"
secrets|POST|/v1/{param}/data/{param},secrets,POST,/v1/{mount}/data/{path...},/v1/{param}/data/{param},,vaultKVWrite,services/secrets/handler.go,814,"GetSecretByName, CreateSecret, RestoreSecret, UpdateSecret","GetSecretByName, CreateSecret, GetSecret, RestoreSecret, GetSettings, UpdateSecret",,pkg/crypto.Zeroize,"errors.Is, strings.TrimSpace, errors.New"
secrets|DELETE|/v1/{param}/data/{param},secrets,DELETE,/v1/{mount}/data/{path...},/v1/{param}/data/{param},,vaultKVDelete,services/secrets/handler.go,888,DeleteSecret,SoftDeleteSecret,,,strings.TrimSpace
secrets|GET|/v1/{param}/metadata/{param},secrets,GET,/v1/{mount}/metadata/{path...},/v1/{param}/metadata/{param},,vaultKV2Metadata,services/secrets/handler.go,901,,,,,
secrets|GET|/v1/{param}/{param},secrets,GET,/v1/{mount}/{path...},/v1/{param}/{param},,vaultKVRead,services/secrets/handler.go,780,GetSecretValue,GetSecretWithValue,,pkg/crypto.Zeroize,"errors.New, strings.TrimSpace, strings.ToLower, time.Now"
secrets|POST|/v1/{param}/{param},secrets,POST,/v1/{mount}/{path...},/v1/{param}/{param},,vaultKVWrite,services/secrets/handler.go,814,"GetSecretByName, CreateSecret, RestoreSecret, UpdateSecret","GetSecretByName, CreateSecret, GetSecret, RestoreSecret, GetSettings, UpdateSecret",,pkg/crypto.Zeroize,"errors.Is, strings.TrimSpace, errors.New"
secrets|DELETE|/v1/{param}/{param},secrets,DELETE,/v1/{mount}/{path...},/v1/{param}/{param},,vaultKVDelete,services/secrets/handler.go,888,DeleteSecret,SoftDeleteSecret,,,strings.TrimSpace
signing|GET|/signing/settings,signing,GET,/signing/settings,/signing/settings,web/dashboard/src/lib/signing.ts:84,handleGetSettings,services/signing/handler.go,88,GetSettings,,,,
signing|PUT|/signing/settings,signing,PUT,/signing/settings,/signing/settings,web/dashboard/src/lib/signing.ts:89,handlePutSettings,services/signing/handler.go,99,UpdateSettings,UpsertSettings,,,
signing|GET|/signing/summary,signing,GET,/signing/summary,/signing/summary,web/dashboard/src/lib/signing.ts:97,handleGetSummary,services/signing/handler.go,115,GetSummary,"ListProfiles, ListRecords",,,"sort.Slice, strings.EqualFold"
signing|GET|/signing/profiles,signing,GET,/signing/profiles,/signing/profiles,web/dashboard/src/lib/signing.ts:102,handleListProfiles,services/signing/handler.go,126,ListProfiles,ListProfiles,,,
signing|POST|/signing/profiles,signing,POST,/signing/profiles,/signing/profiles,,handleUpsertProfile,services/signing/handler.go,137,UpsertProfile,UpsertProfile,,,
signing|PUT|/signing/profiles/{param},signing,PUT,/signing/profiles/{id},/signing/profiles/{param},,handleUpsertProfile,services/signing/handler.go,137,UpsertProfile,UpsertProfile,,,
signing|DELETE|/signing/profiles/{param},signing,DELETE,/signing/profiles/{id},/signing/profiles/{param},web/dashboard/src/lib/signing.ts:117,handleDeleteProfile,services/signing/handler.go,154,DeleteProfile,DeleteProfile,,,strings.TrimSpace
signing|GET|/signing/records,signing,GET,/signing/records,/signing/records,web/dashboard/src/lib/signing.ts:130,handleListRecords,services/signing/handler.go,164,ListRecords,ListRecords,,,"strconv.Atoi, strings.TrimSpace"
signing|POST|/signing/blob,signing,POST,/signing/blob,/signing/blob,web/dashboard/src/lib/signing.ts:140,handleSignBlob,services/signing/handler.go,181,,,,,
signing|POST|/signing/git,signing,POST,/signing/git,/signing/git,web/dashboard/src/lib/signing.ts:153,handleSignGit,services/signing/handler.go,185,,,,,
signing|POST|/signing/verify,signing,POST,/signing/verify,/signing/verify,web/dashboard/src/lib/signing.ts:161,handleVerify,services/signing/handler.go,214,VerifyArtifact,"GetRecord, ListRecords",s.keycore.Verify,,"crypto/sha256.Sum256, encoding/hex.EncodeToString, encoding/json.Unmarshal, encoding/json.Marshal, strings.TrimSpace, strings.EqualFold, strings.ToLower, time.Now"
watchdog|GET|/watchdog/heartbeats,watchdog,GET,/watchdog/heartbeats,/watchdog/heartbeats,web/dashboard/src/lib/health.ts:35,<inline func>,,,,,,,
watchdog|GET|/watchdog/incidents,watchdog,GET,/watchdog/incidents,/watchdog/incidents,web/dashboard/src/lib/health.ts:40,<inline func>,,,,,,,
workload|GET|/workload-identity/settings,workload,GET,/workload-identity/settings,/workload-identity/settings,web/dashboard/src/lib/workloadIdentity.ts:146,getSettings,services/workload/handler.go,65,GetSettings,,,,
workload|PUT|/workload-identity/settings,workload,PUT,/workload-identity/settings,/workload-identity/settings,web/dashboard/src/lib/workloadIdentity.ts:151,putSettings,services/workload/handler.go,85,UpdateSettings,UpsertSettings,s.keys.Retire,,strings.EqualFold
workload|POST|/workload-identity/settings/rotate-signing-keys,workload,POST,/workload-identity/settings/rotate-signing-keys,/workload-identity/settings/rotate-signing-keys,web/dashboard/src/lib/workloadIdentity.ts:161,rotateSigningKeys,services/workload/handler.go,74,RotateSigningKeys,UpsertSettings,s.keys.Retire,,strings.TrimSpace
workload|GET|/workload-identity/summary,workload,GET,/workload-identity/summary,/workload-identity/summary,web/dashboard/src/lib/workloadIdentity.ts:169,getSummary,services/workload/handler.go,107,GetSummary,"ListRegistrations, ListFederationBundles, ListIssuanceRecords",,,time.Duration
workload|GET|/workload-identity/registrations,workload,GET,/workload-identity/registrations,/workload-identity/registrations,web/dashboard/src/lib/workloadIdentity.ts:174,listRegistrations,services/workload/handler.go,116,ListRegistrations,ListRegistrations,,,
workload|POST|/workload-identity/registrations,workload,POST,/workload-identity/registrations,/workload-identity/registrations,,upsertRegistration,services/workload/handler.go,126,UpsertRegistration,UpsertRegistration,,,
workload|PUT|/workload-identity/registrations/{param},workload,PUT,/workload-identity/registrations/{id},/workload-identity/registrations/{param},,upsertRegistration,services/workload/handler.go,126,UpsertRegistration,UpsertRegistration,,,
workload|DELETE|/workload-identity/registrations/{param},workload,DELETE,/workload-identity/registrations/{id},/workload-identity/registrations/{param},web/dashboard/src/lib/workloadIdentity.ts:190,deleteRegistration,services/workload/handler.go,151,DeleteRegistration,DeleteRegistration,,,
workload|GET|/workload-identity/federation,workload,GET,/workload-identity/federation,/workload-identity/federation,web/dashboard/src/lib/workloadIdentity.ts:196,listFederation,services/workload/handler.go,159,ListFederationBundles,ListFederationBundles,,,
workload|POST|/workload-identity/federation,workload,POST,/workload-identity/federation,/workload-identity/federation,,upsertFederation,services/workload/handler.go,169,UpsertFederationBundle,UpsertFederationBundle,,,
workload|PUT|/workload-identity/federation/{param},workload,PUT,/workload-identity/federation/{id},/workload-identity/federation/{param},,upsertFederation,services/workload/handler.go,169,UpsertFederationBundle,UpsertFederationBundle,,,
workload|DELETE|/workload-identity/federation/{param},workload,DELETE,/workload-identity/federation/{id},/workload-identity/federation/{param},web/dashboard/src/lib/workloadIdentity.ts:212,deleteFederation,services/workload/handler.go,192,DeleteFederationBundle,DeleteFederationBundle,,,
workload|POST|/workload-identity/issue,workload,POST,/workload-identity/issue,/workload-identity/issue,web/dashboard/src/lib/workloadIdentity.ts:221,issueSVID,services/workload/handler.go,200,IssueSVID,"InsertIssuanceRecord, TouchRegistrationIssued",,,time.Duration
workload|GET|/workload-identity/issuances,workload,GET,/workload-identity/issuances,/workload-identity/issuances,web/dashboard/src/lib/workloadIdentity.ts:229,listIssuances,services/workload/handler.go,222,ListIssuances,ListIssuanceRecords,,,
workload|POST|/workload-identity/token/exchange,workload,POST,/workload-identity/token/exchange,/workload-identity/token/exchange,web/dashboard/src/lib/workloadIdentity.ts:246,exchangeToken,services/workload/handler.go,236,ExchangeToken,"ListFederationBundles, TouchRegistrationUsed","s.proofs.verify, s.auth.IssueWorkloadToken",,"errors.As, errors.Is, strings.TrimSpace, strings.EqualFold, time.Until, time.Duration"
workload|GET|/workload-identity/graph,workload,GET,/workload-identity/graph,/workload-identity/graph,web/dashboard/src/lib/workloadIdentity.ts:254,getGraph,services/workload/handler.go,268,GetGraph,ListRegistrations,,,"sort.Slice, strings.TrimSpace"
workload|GET|/workload-identity/usage,workload,GET,/workload-identity/usage,/workload-identity/usage,web/dashboard/src/lib/workloadIdentity.ts:259,listUsage,services/workload/handler.go,279,ListUsage,,,,
hsm-connector|POST|/hsm/keys,hsm-connector,POST,/hsm/keys,/hsm/keys,,generate,pkg/hsmconnector/handler.go,158,,,,pkg/hsm.NormalizeAlgorithm,
hsm-connector|POST|/hsm/tenant-key,hsm-connector,POST,/hsm/tenant-key,/hsm/tenant-key,,tenantKey,pkg/hsmconnector/handler.go,184,,,,pkg/hsm.TenantKeyLabel,errors.Is
hsm-connector|POST|/hsm/encrypt,hsm-connector,POST,/hsm/encrypt,/hsm/encrypt,,encrypt,pkg/hsmconnector/handler.go,207,,,,,
hsm-connector|POST|/hsm/decrypt,hsm-connector,POST,/hsm/decrypt,/hsm/decrypt,,decrypt,pkg/hsmconnector/handler.go,229,,,,,
hsm-connector|POST|/hsm/sign,hsm-connector,POST,/hsm/sign,/hsm/sign,,sign,pkg/hsmconnector/handler.go,250,,,,,
hsm-connector|POST|/hsm/verify,hsm-connector,POST,/hsm/verify,/hsm/verify,,verify,pkg/hsmconnector/handler.go,269,,,,,
hsm-connector|POST|/hsm/random,hsm-connector,POST,/hsm/random,/hsm/random,,random,pkg/hsmconnector/handler.go,366,,,,,fmt.Errorf
hsm-connector|POST|/hsm/keys/destroy,hsm-connector,POST,/hsm/keys/destroy,/hsm/keys/destroy,,destroy,pkg/hsmconnector/handler.go,289,,,,pkg/hsm.TenantKeyLabel,
hsm-connector|POST|/hsm/keys/inspect,hsm-connector,POST,/hsm/keys/inspect,/hsm/keys/inspect,,inspect,pkg/hsmconnector/handler.go,321,,,,,
hsm-connector|GET|/hsm/objects,hsm-connector,GET,/hsm/objects,/hsm/objects,,objects,pkg/hsmconnector/handler.go,337,,,,,
hsm-connector|GET|/hsm/status,hsm-connector,GET,/hsm/status,/hsm/status,,status,pkg/hsmconnector/handler.go,387,,,"h.configs.Load, h.p11.status",,errors.Is
hsm-connector|GET|/healthz,hsm-connector,GET,/healthz,/healthz,,<inline func>,,,,,,,
audit|GET|/mek/exposure,audit,GET,/mek/exposure,/mek/exposure,web/dashboard/src/lib/mekExposure.ts:83,listExposure,pkg/mek/http.go,65,,,,,
certs|GET|/mek/exposure,certs,GET,/mek/exposure,/mek/exposure,web/dashboard/src/lib/mekExposure.ts:83,listExposure,pkg/mek/http.go,65,,,,,
cloud|GET|/mek/exposure,cloud,GET,/mek/exposure,/mek/exposure,web/dashboard/src/lib/mekExposure.ts:83,listExposure,pkg/mek/http.go,65,,,,,
compliance|GET|/mek/exposure,compliance,GET,/mek/exposure,/mek/exposure,web/dashboard/src/lib/mekExposure.ts:83,listExposure,pkg/mek/http.go,65,,,,,
ekm|GET|/mek/exposure,ekm,GET,/mek/exposure,/mek/exposure,web/dashboard/src/lib/mekExposure.ts:83,listExposure,pkg/mek/http.go,65,,,,,
secrets|GET|/mek/exposure,secrets,GET,/mek/exposure,/mek/exposure,web/dashboard/src/lib/mekExposure.ts:83,listExposure,pkg/mek/http.go,65,,,,,
workload|GET|/mek/exposure,workload,GET,/mek/exposure,/mek/exposure,web/dashboard/src/lib/mekExposure.ts:83,listExposure,pkg/mek/http.go,65,,,,,
audit|POST|/mek/exposure/{param}/{param}/acknowledge,audit,POST,/mek/exposure/{item_type}/{item_id}/acknowledge,/mek/exposure/{param}/{param}/acknowledge,web/dashboard/src/lib/mekExposure.ts:99,acknowledge,pkg/mek/http.go,82,,,,,strings.TrimSpace
certs|POST|/mek/exposure/{param}/{param}/acknowledge,certs,POST,/mek/exposure/{item_type}/{item_id}/acknowledge,/mek/exposure/{param}/{param}/acknowledge,web/dashboard/src/lib/mekExposure.ts:99,acknowledge,pkg/mek/http.go,82,,,,,strings.TrimSpace
cloud|POST|/mek/exposure/{param}/{param}/acknowledge,cloud,POST,/mek/exposure/{item_type}/{item_id}/acknowledge,/mek/exposure/{param}/{param}/acknowledge,web/dashboard/src/lib/mekExposure.ts:99,acknowledge,pkg/mek/http.go,82,,,,,strings.TrimSpace
compliance|POST|/mek/exposure/{param}/{param}/acknowledge,compliance,POST,/mek/exposure/{item_type}/{item_id}/acknowledge,/mek/exposure/{param}/{param}/acknowledge,web/dashboard/src/lib/mekExposure.ts:99,acknowledge,pkg/mek/http.go,82,,,,,strings.TrimSpace
ekm|POST|/mek/exposure/{param}/{param}/acknowledge,ekm,POST,/mek/exposure/{item_type}/{item_id}/acknowledge,/mek/exposure/{param}/{param}/acknowledge,web/dashboard/src/lib/mekExposure.ts:99,acknowledge,pkg/mek/http.go,82,,,,,strings.TrimSpace
secrets|POST|/mek/exposure/{param}/{param}/acknowledge,secrets,POST,/mek/exposure/{item_type}/{item_id}/acknowledge,/mek/exposure/{param}/{param}/acknowledge,web/dashboard/src/lib/mekExposure.ts:99,acknowledge,pkg/mek/http.go,82,,,,,strings.TrimSpace
workload|POST|/mek/exposure/{param}/{param}/acknowledge,workload,POST,/mek/exposure/{item_type}/{item_id}/acknowledge,/mek/exposure/{param}/{param}/acknowledge,web/dashboard/src/lib/mekExposure.ts:99,acknowledge,pkg/mek/http.go,82,,,,,strings.TrimSpace
audit|POST|/mek/rewrap-legacy,audit,POST,/mek/rewrap-legacy,/mek/rewrap-legacy,,rewrapLegacy,pkg/mek/http.go,106,,,,"pkg/crypto.EnvelopeWrappedUnder, pkg/crypto.RewrapEnvelope, pkg/tenantcheck.IsServicePrincipal",
certs|POST|/mek/rewrap-legacy,certs,POST,/mek/rewrap-legacy,/mek/rewrap-legacy,,rewrapLegacy,pkg/mek/http.go,106,,,,"pkg/crypto.EnvelopeWrappedUnder, pkg/crypto.RewrapEnvelope, pkg/tenantcheck.IsServicePrincipal",
cloud|POST|/mek/rewrap-legacy,cloud,POST,/mek/rewrap-legacy,/mek/rewrap-legacy,,rewrapLegacy,pkg/mek/http.go,106,,,,"pkg/crypto.EnvelopeWrappedUnder, pkg/crypto.RewrapEnvelope, pkg/tenantcheck.IsServicePrincipal",
compliance|POST|/mek/rewrap-legacy,compliance,POST,/mek/rewrap-legacy,/mek/rewrap-legacy,,rewrapLegacy,pkg/mek/http.go,106,,,,"pkg/crypto.EnvelopeWrappedUnder, pkg/crypto.RewrapEnvelope, pkg/tenantcheck.IsServicePrincipal",
ekm|POST|/mek/rewrap-legacy,ekm,POST,/mek/rewrap-legacy,/mek/rewrap-legacy,,rewrapLegacy,pkg/mek/http.go,106,,,,"pkg/crypto.EnvelopeWrappedUnder, pkg/crypto.RewrapEnvelope, pkg/tenantcheck.IsServicePrincipal",
secrets|POST|/mek/rewrap-legacy,secrets,POST,/mek/rewrap-legacy,/mek/rewrap-legacy,,rewrapLegacy,pkg/mek/http.go,106,,,,"pkg/crypto.EnvelopeWrappedUnder, pkg/crypto.RewrapEnvelope, pkg/tenantcheck.IsServicePrincipal",
workload|POST|/mek/rewrap-legacy,workload,POST,/mek/rewrap-legacy,/mek/rewrap-legacy,,rewrapLegacy,pkg/mek/http.go,106,,,,"pkg/crypto.EnvelopeWrappedUnder, pkg/crypto.RewrapEnvelope, pkg/tenantcheck.IsServicePrincipal",
